id,titre,date,popularite,note,synopsis,budget,revenu,duree,genres,langue_originale,site_officiel,poster_url,backdrop_url,genre_principal
533533,Tron : Ares,2025-10-08,413.6393,6.546,"Julian, directeur de Dillinger System, a créé avec l’IA Arès un supersoldat humanoïde sans sensations, version vivante de son programme de sécurité. Mais ce prototype 3D se désintègre après 30 minutes. Eve Kim, programmeuse et PDG de la firme rivale Encom, découvre dans les archives du fondateur Kevin Flynn un code capable de rendre permanent tout élément généré par l’IA. Sur ordre de Julian, Arès passe dans le monde réel pour s’en emparer. Mais au contact d’Ève, qui œuvre à des projets écologiques et médicaux en mémoire de sa sœur, l’entité apprend la compassion et trahit son patron. Furieux, celui-ci lance à ses trousses Athéna, sa plus redoutable soldate virtuelle.",220000000,142073994,119,"Science-Fiction, Aventure, Action",en,"",https://image.tmdb.org/t/p/w500/szi21Cz6bAPQ47QER5iSCkP6JWI.jpg,https://image.tmdb.org/t/p/w1280/min9ZUDZbiguTiQ7yz1Hbqk78HT.jpg,Action
1180831,Troll 2,2025-11-30,396.8843,6.786,"Lorsqu'un nouveau troll sème la dévastation dans le pays, Nora, Andreas et le major Kris se lancent dans la plus périlleuse des missions.",11200000,0,105,"Action, Fantastique, Thriller",no,https://www.netflix.com/fr/title/81667085,https://image.tmdb.org/t/p/w500/5s33v65FEzVtt9X6G5EuHP9dbwx.jpg,https://image.tmdb.org/t/p/w1280/lZYMXx74pWmbj5Q5jp1QaMvmuuR.jpg,Action
1083637,Kantara A Legend: Chapter 1,2025-10-01,291.7783,6.957,"À l’époque de la puissante dynastie Kadamba, se révèle l’origine de Kaadubettu Shiva. Le récit nous entraîne dans une nature indomptée, entre mythes enfouis et légendes oubliées, pour dévoiler les mystères de son passé.",14000000,91000000,165,"Action, Drame, Fantastique",kn,"",https://image.tmdb.org/t/p/w500/ehQPboTPaIMkMUOoNOh8e7pZ5Rp.jpg,https://image.tmdb.org/t/p/w1280/w57nxiBIODAYHLRs1xmrCY9zEFe.jpg,Action
23527,First Squad - Le Moment de Vérité,2009-05-13,304.6855,6.2,"Sur le front de l'Est, le conflit perdure entre les armées allemandes et soviétiques, contraintes à une guerre de position pendant l'hiver. Parallèlement à ce combat, une autre bataille se joue à coup de pouvoirs occultes: Du côté des SS, l'Ahnenerbe se lance dans la résurrection du baron von Wolff, un chevalier tué en Russie, il y a 700 ans avec ses hommes. Le renfort d'une armée de morts vivants devrait faire basculer la balance du côté allemand.Pour contrer ce plan, la section 6 des services secrets soviétiques compte sur sa pièce maîtresse, Nadia, une jeune fille dotée de pouvoirs paranormaux. Envoyée sur le front, sous couverture, Nadia est cependant victime d'une attaque aérienne, qui la laisse amnésique et coupée de sa base. Elle est en plus pourchassée par des tueuses de l'Ahnenerbe , qui cherche à éliminer tous les membres de la section 6.",0,0,72,"Fantastique, Animation, Action, Science-Fiction",ru,"",https://image.tmdb.org/t/p/w500/lgylqeZP6pFQQmH7M9AwyoLhfoJ.jpg,https://image.tmdb.org/t/p/w1280/3k1PKmzNEosWFaOR1yC9ZKIYqmm.jpg,Action
1448560,Wildcat,2025-11-19,175.028,5.957,Une ancienne équipe d'opérations spéciales se réunit pour réaliser un braquage afin de sauver la vie de la fille de leur chef.,50000,0,99,"Action, Thriller, Crime",en,"",https://image.tmdb.org/t/p/w500/h893ImjM6Fsv5DFhKJdlZFZIJno.jpg,https://image.tmdb.org/t/p/w1280/pAyImoslSnpMgjRwhaS5ZEdl8UI.jpg,Action
1033462,749 Bureau,2024-10-01,170.4995,6.1,L’histoire d’un jeune homme qui est entraîné dans un mystérieux bureau de lutte contre le crime au moment même où une catastrophe est déclenchée par des créatures inconnues se propageant à travers le monde.,0,51706251,123,"Action, Aventure, Science-Fiction",zh,"",https://image.tmdb.org/t/p/w500/xW640PVBXLlzhrkQnAcvWNsehIO.jpg,https://image.tmdb.org/t/p/w1280/lf8IZ86ajGpgbuyHCZrXUeAMmvy.jpg,Action
1242898,Predator: Badlands,2025-11-05,171.1816,7.351,"Dans le futur sur une planète lointaine, un jeune Predator, exclu de son clan, trouve une alliée improbable en la personne de Thia et entreprend un voyage en territoire hostile, à la recherche de l'adversaire ultime.",105000000,180062621,107,"Action, Science-Fiction, Aventure",en,"",https://image.tmdb.org/t/p/w500/empQGO0pCVTndCpihyVpNfaLebl.jpg,https://image.tmdb.org/t/p/w1280/ebyxeBh56QNXxSJgTnmz7fXAlwk.jpg,Action
1419406,The Shadow's Edge,2025-08-16,162.7002,6.503,"Un mystérieux mafieux et ses 7 fils adoptifs manipulent et ridiculisent la police en piratant le système de surveillance ultramoderne de la ville, dans le but de récupérer une fortune en crypto-monnaie. La police devenue impuissante doit faire appel à un ancien expert qui va s’associer avec une jeune policière à laquelle il est lié par un secret qu’elle ignore. Une partie d’échec commence alors, où les cerveaux et la loyauté seront mis à l’épreuve.",0,174400000,141,"Action, Crime, Thriller",zh,https://www.heylightpictures.com/the-shadows-edge,https://image.tmdb.org/t/p/w500/t1PFVsGYdUHtPv0Xowoc9b4PAap.jpg,https://image.tmdb.org/t/p/w1280/4BtL2vvEufDXDP4u6xQjjQ1Y2aT.jpg,Action
1218925,Chainsaw Man – Le Film : L'arc de Reze,2025-09-19,162.7166,7.95,"Après avoir mit hors d'état de nuire Katana Man, Denji se demande avec l'agitation de sa vie s'il a toujours un cœur. Il va faire la rencontre de Reze, une jeune femme qui semble s'intéresser à lui. Leur relation s'épanouit jusqu'à ce que la vraie nature de Reze se révèle. Il va livrer un combat périlleux guidé par l'amour mais qui sera explosif.",4100000,168300000,100,"Animation, Action, Romance, Fantastique",ja,https://chainsawman.movie/,https://image.tmdb.org/t/p/w500/cHcG6wXRPjIbeUqydKdG7r0oMmc.jpg,https://image.tmdb.org/t/p/w1280/kfXgo2rMF1A19celCwLyQ4Xwpf8.jpg,Action
949709,High Forces,2024-09-29,143.8718,5.889,"Gao Haojun, un expert en sécurité internationale, est détourné par des hommes armés lors du premier vol de l'avion de ligne A380, et sa fille aveugle est l'une des otages sous couverture, un fait qu'il ne sait pas.",0,41923655,120,"Action, Crime",zh,"",https://image.tmdb.org/t/p/w500/b8xNJ39aOtEk3I7MFt8XJuN2bGS.jpg,https://image.tmdb.org/t/p/w1280/8lqfrOBQ2EcY7znD3LxTYcvlh25.jpg,Action
1363123,The Family Plan 2,2025-11-11,108.2333,6.663,"Maintenant que sa vie de tueur à gages appartient au passé, Dan rêve de fêter Noël avec ses enfants. Mais lorsqu'il apprend que sa fille a d'autres projets, il décide d'emmener sa famille en voyage à Londres, où ils seront confrontés à un ennemi inattendu.",0,0,106,"Action, Comédie",en,https://tv.apple.com/fr/movie/umc.cmc.1wj0ab94s7t1wy7sqv5dt6bfy,https://image.tmdb.org/t/p/w500/qlwplmgaj36GElSofHrykqXtebL.jpg,https://image.tmdb.org/t/p/w1280/7nAVXGHHtaNcdsqvDXmY6R9N0fG.jpg,Action
1309012,Altered,2025-09-18,116.2959,6.3,"Dans un présent alternatif, les humains génétiquement améliorés dominent la société. Les parias Léon et Chloé se battent pour la justice contre des politiciens corrompus exploitant la disparité génétique, risquant tout pour défier le système oppressif.",15000000,346774,87,"Science-Fiction, Action",en,"",https://image.tmdb.org/t/p/w500/6QlAcGRaUrgHcZ4WTBh5lsPnzKx.jpg,https://image.tmdb.org/t/p/w1280/q9bvjUkpKltPE0S9oxci2pmD1Zx.jpg,Action
1539104,JUJUTSU KAISEN : Exécution,2025-11-07,101.2312,5.38,"Un Rideau s’est abattu autour de Shibuya en pleine soirée d’Halloween et des milliers de personnes se retrouvent enfermées à l’intérieur. Satoru Gojo, le plus puissant exorciste, se rend sur place, mais il s’agit là d’un piège tendu par les maîtres des fléaux afin de le sceller dans une relique.  Yuji Itadori, avec ses camarades et de nombreux exorcistes de haut rang, se joint au combat, et des affrontements sans précédent l’attendent. C’est l’incident de Shibuya, à la suite duquel dix secteurs à travers le Japon deviennent de véritables nids à fléaux.  Tout cela fait partie du plan orchestré par Noritoshi Kamo, l’exorciste le plus maléfique de l’Histoire. Alors qu’une Traque meurtrière est lancée, l’exorciste de classe S Yuta Okkotsu reçoit pour mission d’exécuter Yuji pour ses crimes supposés.",0,0,90,"Animation, Action",ja,"",https://image.tmdb.org/t/p/w500/qg4Qfsr0wWLTkRSIjI04NQzxB3w.jpg,https://image.tmdb.org/t/p/w1280/eMBYlgFTHfZaTz96eJxlkeMsKo9.jpg,Action
1311031,Demon Slayer : Kimetsu no Yaiba - Le film : La Forteresse infinie,2025-07-18,101.3606,7.6,"L'armée des pourfendeurs de démons est attirée dans la Forteresse Infinie, où Tanjiro, Zenitsu et Inosuke  affrontent de terrifiants démons de rang supérieur dans un combat désespéré alors que la bataille finale contre Kibutsuji Muzan commence.",20000000,768943856,155,"Animation, Action, Fantastique",ja,"",https://image.tmdb.org/t/p/w500/wXTU3AFmlUPbqjH68MZ989uHd6k.jpg,https://image.tmdb.org/t/p/w1280/1RgPyOhN4DRs225BGTlHJqCudII.jpg,Action
1196573,La Place du mort,2025-07-31,90.2811,7.083,"Après des années de prison, Nate s'est fait de dangereux ennemis, dont le puissant gang criminel pour lequel il travaillait en prison. Pour prendre un nouveau départ, Nate rompt tout lien avec son ancien gang dès sa sortie, mais celui-ci décide de s'en prendre à sa famille. Nate récupère Polly, sa timide fille de dix ans qu'il connaît à peine, et prend la fuite pour sa sécurité.",0,23443,120,"Action, Thriller, Crime",en,https://blackbearpictures.com/film-and-tv/she-rides-shotgun,https://image.tmdb.org/t/p/w500/gqWCnMLPOAWuD5HbUs4GNv3AGSj.jpg,https://image.tmdb.org/t/p/w1280/ytCi1wg6YHpYcFRWCO2jpzN31Kf.jpg,Action
1469354,Border Hunters,2025-10-20,85.7718,7.889,"Lorsqu’un jeune Américain meurt d’une surdose de fentanyl au Mexique, l’ex-espion Abraham Woodhill est chargé de la mission d’anéantir les cartels responsables. Avec l’aide de l’ex-agent détenu Jake Byrne, l’infâme « White Devil », il déclenche une violente opération capitale à travers les villages, la jungle et les retranchements des cartels. Mettant en vedette Dean Norris et Julio Macias.",0,0,82,"Action, Thriller",en,"",https://image.tmdb.org/t/p/w500/16aP0pZDH5s4Gyg80Tc5A9RRTeS.jpg,https://image.tmdb.org/t/p/w1280/tRdorrIjlybrGsebXOzgF7vRyYy.jpg,Action
1116465,A Legend,2024-07-05,84.1168,6.879,Quand le professeur Chen remarque que la texture des objets découverts par ses étudiants lors d'une expédition sur un glacier ressemble étrangement à un pendentif en jade qu'il a vu dans ses rêves. Il soupçonne que le pendentif sert de pont entre le royaume des rêves et la réalité.,0,11242056,129,"Action, Aventure, Fantastique",zh,"",https://image.tmdb.org/t/p/w500/fpyR8YZ0UpWTVn8AetrUN4Bql9t.jpg,https://image.tmdb.org/t/p/w1280/7FDVhmCur4LMOfnXMteiSCtsdOb.jpg,Action
1054867,Une bataille après l'autre,2025-09-23,100.304,7.489,"Bob Ferguson est un ancien révolutionnaire paranoïaque et désabusé, qui a jadis œuvré avec son ex, Perfidia, au sein du French 75, un groupe militant voué au renversement du gouvernement américain. Seize ans plus tard, Bob vit seul avec sa fille, Willa, quand celle-ci disparaît soudainement. Bob soupçonne son vieil ennemi d’antan, le Colonel Steven J. Lockjaw, d’être responsable de sa disparition. Il décide alors de renouer avec ses anciens frères d’armes pour retrouver sa fille, quitte à confronter les fantômes de son passé.",175000000,202150456,162,"Thriller, Crime, Action",en,"",https://image.tmdb.org/t/p/w500/mnlzDEFOiut55lzM9Lt9ga8xpwo.jpg,https://image.tmdb.org/t/p/w1280/zpEWFNqoN8Qg1SzMMHmaGyOBTdW.jpg,Action
1208561,Art of Eight Limbs,2024-08-16,76.7764,6.4,"En mission au Myanmar, un analyste de données de la CIA et un kickboxer à temps partiel doivent infiltrer un tournoi d’arts martiaux qui sert de couverture à un marchand d’armes vendant du gaz neurotoxique VX. Son objectif: fournir un dispositif de détection crucial, aux alliés. Cependant, alors que la mission devient incontrôlable, il est forcé de faire face aux combattants les plus impitoyables du monde, étant considéré comme la dernière ligne de défense contre une menace mondiale imminente.",101,0,101,"Action, Thriller",en,"",https://image.tmdb.org/t/p/w500/xVvwD7qDqBlMP4CYx6l7JNuXoNE.jpg,https://image.tmdb.org/t/p/w1280/cVzAhirOhKh91AB1TFcGn0Rh5c3.jpg,Action
575265,Mission : Impossible - The Final Reckoning,2025-05-17,59.6797,7.259,"Ethan Hunt se rend à Londres avec son équipe dans l'espoir de remonter la piste du mystérieux Gabriel, qu'il a affronté deux mois auparavant à bord de l'Orient-Express et qui détient la clé contrôlant l’intelligence artificielle toute puissante surnommée l'Entité. Adulée par les uns, redoutée par les autres, l’Entité se distingue par sa capacité à prédire toutes les éventualités possibles. Elle connaît parfaitement les forces et faiblesses d’Ethan et de son équipe. Gabriel compte l'utiliser pour mettre en œuvre son plan ultime : annihiler Ethan et son équipe, s’emparer de tous les systèmes de défense planétaires et déclencher la Troisième Guerre mondiale.",400000000,598056261,173,"Action, Thriller",en,https://www.missionimpossible-lefilm.fr,https://image.tmdb.org/t/p/w500/AozMgdALZuR1hDPZt2a1aXiWmL4.jpg,https://image.tmdb.org/t/p/w1280/xPNDRM50a58uvv1il2GVZrtWjkZ.jpg,Action
1248226,Une journée incontrôlable,2025-11-05,51.396,6.151,"Lorsque Brian, comptable au chômage, accepte de passer l'après-midi avec Jeff et leurs fils, il s'attend à un moment tranquille. Mais ils se retrouvent poursuivis par des mercenaires, et Brian, pris au dépourvu, doit surmonter des obstacles plus absurdes les uns que les autres. Ce père de banlieue se retrouve dans une aventure chaotique digne d'un film d'action.",0,0,93,"Action, Comédie, Familial",en,https://www.primevideo.com/detail/0P2NNN5ML0IIXVF9I1DQ7VJY8Y,https://image.tmdb.org/t/p/w500/h4vaRtMxokNjU1IDWouQxK6eN0o.jpg,https://image.tmdb.org/t/p/w1280/5lQ4euO30sDin5nCifvi0vURFNd.jpg,Action
617126,Les 4 Fantastiques : Premiers pas,2025-07-23,52.8376,7.027,"Dans le contexte vibrant d’un monde rétro-futuriste inspiré des années 60, le film présente la première famille de Marvel : Reed Richards/Mister Fantastic, Sue Storm/La Femme Invisible, Johnny Storm/La Torche Humaine et Ben Grimm/La Chose  alors qu’ils font face à leur défi le plus redoutable à ce jour. Contraints d’équilibrer leur rôle de héros avec la force de leur lien familial, ils doivent défendre la Terre contre un dieu spatial vorace appelé Galactus et son énigmatique héraut, le Surfeur d’Argent. Et comme si le plan de Galactus de dévorer la planète entière et tous ses habitants n’était pas déjà assez mauvais, cela devient soudainement très personnel.",200000000,521858728,115,"Science-Fiction, Aventure, Action",en,https://www.disney.fr/films/les-quatre-fantastiques-premiers-pas,https://image.tmdb.org/t/p/w500/rNc4KARs6fVa4axzvuv3NfUiNy1.jpg,https://image.tmdb.org/t/p/w1280/hBvaanw3RfMEs1m1blY7xwRXzul.jpg,Action
1433719,High Ground,2025-03-17,47.1644,5.986,"Alors qu'un mystérieux prisonnier arrive en prison, le shérif d'une ville frontalière doit affronter la fureur d'un terrible cartel dans ce thriller plein d'action avec Charlie Weber, Katherine McNamara, et l'acteur oscarisé Jon Voight.",0,0,92,"Thriller, Crime, Action",en,"",https://image.tmdb.org/t/p/w500/f5LLOa7u6ftpbc6SckNb2lNPB3.jpg,https://image.tmdb.org/t/p/w1280/kyp7PSCKPZKGosthRbjfXPm8gJg.jpg,Action
1291608,धुरंधर,2025-12-05,57.5902,6.81,"",0,0,214,"Action, Thriller",hi,"",https://image.tmdb.org/t/p/w500/8FHOtUpNIk5ZPEay2N2EY5lrxkv.jpg,https://image.tmdb.org/t/p/w1280/yRYgvo2crAeHzqKwXMVtEaDx7Qq.jpg,Action
1061474,Superman,2025-07-09,48.1178,7.409,"Superman doit trouver l’équilibre entre ses racines kryptoniennes et son identité humaine, sous les traits de Clark Kent, originaire de Smallville, dans le Kansas. Il est l’incarnation de la vérité, de la justice et des valeurs américaines et il est animé par une véritable bienveillance dans un monde qui considère cette qualité comme obsolète.",225000000,616684465,130,"Science-Fiction, Aventure, Action",en,https://newsroom.warnerbros.fr/superman,https://image.tmdb.org/t/p/w500/bL1U8TDb2ZiThIBFAdKHOfpv8lk.jpg,https://image.tmdb.org/t/p/w1280/yRBc6WY3r1Fz5Cjd6DhSvzqunED.jpg,Action
7451,xXx,2002-08-09,60.8998,5.974,"Après une série de tests, Xander Cage dit « xXx », un spécialiste des sports extrêmes couvert de tatouages, est recruté par Augustus Gibbons, un agent de la National Security Agency (NSA), pour s’infiltrer dans une organisation criminelle et mettre fin à ses agissements. Dirigée par un certain Yorgi, celle‐ci se fait appeler « Anarchie 99 » et son siège se situe à Prague, en République tchèque. Gibbons est persuadé que Xander Cage réussira là où les espions conventionnels ont échoué.Ce dernier insiste toutefois pour accomplir cette mission à sa façon. Il se présente alors directement à Yorgi et se lie rapidement d’amitié avec lui, l’occasion pour Xander Cage de découvrir les terribles desseins de l’organisation.",70000000,277448382,124,"Action, Aventure, Thriller, Crime, Drame",en,"",https://image.tmdb.org/t/p/w500/kqOFMFcCfUf4CgKQhcNf7lOlRYV.jpg,https://image.tmdb.org/t/p/w1280/2OHa6ukEq3Hce7Pc2kvu8wkmMFY.jpg,Action
1234821,Jurassic World : Renaissance,2025-07-01,45.0959,6.38,"Une nouvelle ère voit le jour. Une équipe visite le lieu le plus risqué sur terre, une île sur laquelle vivent des dinosaures trop dangereux pour le Parc Jurassique original. Leur mission : recueillir l'ADN de trois dinosaures gigantesques pour créer un médicament aux bienfaits miraculeux. Dans cette contrée truffée de périls, ils découvrent un secret dissimulé au monde entier depuis des décennies.",180000000,868878422,134,"Science-Fiction, Aventure, Action",en,"",https://image.tmdb.org/t/p/w500/39BWHFc5J2Pp7gHcykwOkm3tWTA.jpg,https://image.tmdb.org/t/p/w1280/fQOV47FHTJdaSuSUNlzP3zXUZWE.jpg,Action
1128650,The Prosecutor,2024-12-08,44.837,6.826,"Un jeune homme pauvre est accusé à tort de trafic de drogue après avoir été trompé. Un ancien procureur enquête sur l'affaire, découvre le complot d'une équipe d'avocats corrompus et rétablit la justice malgré l'obstruction des forces du mal.",38500000,128093757,117,"Action, Drame, Crime, Thriller",cn,"",https://image.tmdb.org/t/p/w500/2tH6utnYvlTpGvbQCs5FdeQIKFp.jpg,https://image.tmdb.org/t/p/w1280/4frrYwamVG0eXhdMTy3cpNNcCBp.jpg,Action
1296504,Stand Your Ground,2025-05-09,39.3311,4.5,"Jack Johnson, ancien membre des forces spéciales, invoque la loi « Stand Your Ground » pour se venger du meurtre de sa femme, déclenchant une guerre brutale contre la famille d'un baron du crime local qui aboutit à une confrontation explosive.",0,0,100,"Action, Thriller, Crime",en,"",https://image.tmdb.org/t/p/w500/2YeqpZ0TRxL3Af4C2yxTSRELqa6.jpg,https://image.tmdb.org/t/p/w1280/wE1TZtB5G1fdiln3PPnnLhExuCz.jpg,Action
1426968,Ya no quedan junglas,2025-09-26,38.3558,6.867,"",0,0,89,"Action, Crime, Thriller",es,"",https://image.tmdb.org/t/p/w500/9aCPjtt0mxnMmdvdfCuCGDqxEg8.jpg,https://image.tmdb.org/t/p/w1280/zmfaCjc4MNUWgEztT3pOOyMSMBw.jpg,Action
911430,F1® Le Film,2025-06-25,50.2024,7.813,"Sonny Hayes était le prodige de la F1 des années 90 jusqu’à son terrible accident. Trente ans plus tard, devenu un pilote indépendant, il est contacté par Ruben Cervantes, patron d’une écurie en faillite qui le convainc de revenir pour sauver l’équipe et prouver qu’il est toujours le meilleur. Aux côtés de Joshua Pearce, diamant brut prêt à devenir le numéro 1, Sonny réalise vite qu'en F1, son coéquipier est aussi son plus grand rival, que le danger est partout et qu'il risque de tout perdre.",250000000,631527111,155,"Action, Drame",en,"",https://image.tmdb.org/t/p/w500/up0kyZZlLX24dE9SzDuTjXe6HFl.jpg,https://image.tmdb.org/t/p/w1280/lkDYN0whyE82mcM20rwtwjbniKF.jpg,Action
24428,Avengers,2012-04-25,44.1114,7.871,"Lorsque la sécurité et l’équilibre de la planète sont menacés par un ennemi d’un genre nouveau, Nick Fury, le directeur du SHIELD, l’agence internationale du maintien de la paix, réunit une équipe pour empêcher le monde de basculer dans le chaos. Partout sur Terre, le recrutement des nouveaux héros dont le monde a besoin commence…",220000000,1518815515,145,"Science-Fiction, Action, Aventure",en,"",https://image.tmdb.org/t/p/w500/ylsAO88v2tF0iXRFojPa0UaAJf1.jpg,https://image.tmdb.org/t/p/w1280/9BBTo63ANSmhC4e6r62OJFuK2GL.jpg,Action
1084222,Operation Blood Hunt,2024-12-12,36.6883,6.7,"Sur une île isolée du Pacifique Sud, un groupe hétéroclite de militaires rejetés enquêtent ssur la disparition d'unités marines qui seraient aux mains de l'armée impériale japonaise.",0,0,94,"Action, Aventure, Horreur",en,"",https://image.tmdb.org/t/p/w500/u36L4VEFTRIw11eK3xw8zjT0blT.jpg,https://image.tmdb.org/t/p/w1280/xp6lAdlYH5DfzxTL6h4W5lTV29G.jpg,Action
1223601,Sisu : le chemin de la vengeance,2025-10-21,39.0671,7.5,"Un survivant de guerre retourne dans la maison où sa famille a été sauvagement tuée. Il la démonte, la charge sur un camion, déterminé à la reconstruire en leur honneur dans un endroit sûr. Lorsque le commandant de l’Armée rouge responsable de la mort des siens revient avec la ferme intention d’en finir avec lui s’ensuit une incroyable poursuite à travers le pays.",12200000,5708490,89,"Action, Guerre",fi,"",https://image.tmdb.org/t/p/w500/ia3sN97RPKWeFEZlrlJvMqP9mt6.jpg,https://image.tmdb.org/t/p/w1280/7SgljBnhPPoHxKoQL5ooIhrEgAS.jpg,Action
19995,Avatar,2009-12-15,39.5744,7.594,"Un marine paraplégique, envoyé sur la lune Pandora pour une mission unique, est tiraillé entre suivre ses ordres et protéger le monde qu'il considère dorénavant comme le sien.",237000000,2923706026,166,"Action, Aventure, Fantastique, Science-Fiction",en,https://www.avatar.com/,https://image.tmdb.org/t/p/w500/v5Y8pVwJK68SKQQ1GRbIB1hkPDy.jpg,https://image.tmdb.org/t/p/w1280/7JNzw1tSZZEgsBw6lu0VfO2X2Ef.jpg,Action
1026821,大雨,2024-01-12,33.4146,6.267,"",0,0,102,"Animation, Fantastique, Action, Aventure",zh,"",https://image.tmdb.org/t/p/w500/3CsivmtcjwMUvU0Mu7zZgnK9QaR.jpg,https://image.tmdb.org/t/p/w1280/qWRTIqDzxyOC6ndumxOngDMAHxl.jpg,Action
1244531,Beast of War,2025-09-18,32.9721,6.3,"1942, des soldats australiens s'échouent en pleine mer. Sur leur radeau de fortune, ils deviennent la proie d'un grand requin blanc.",0,186472,87,"Thriller, Horreur, Guerre, Action",en,"",https://image.tmdb.org/t/p/w500/2xgDjVEOtu5LlbPEngxfbCqWEFg.jpg,https://image.tmdb.org/t/p/w1280/ktsHS7DhwS4M54I3CBkxNV5GlTM.jpg,Action
1087192,Dragons,2025-06-06,34.6054,8.0,"Sur l'île accidentée de Berk, où Vikings et dragons se vouent une haine viscérale depuis des générations, Harold fait figure d'exception. Fils inventif mais négligé du chef Stoïck la Brute, il bouscule les traditions en se liant d'amitié avec Krokmou, une Furie nocturne. Leur duo improbable va révéler la vraie nature des dragons et bouleverser les fondements de la société viking. Avec la forte et ambitieuse Astrid et l'excentrique forgeron du village Gueulfor à ses côtés, Harold fait face à un monde déchiré par la peur et l'incompréhension. Lorsqu'une ancienne menace refait surface et met en péril les Vikings autant que les dragons, l'amitié entre Harold et Krokmou devient la clé de l'élaboration d'un avenir meilleur. Ensemble, ils doivent trouver la voie menant à la paix, s'envolant au-delà des frontières de leurs mondes pour redéfinir la véritable nature d'un héros et d'un chef.",150000000,636251264,125,"Fantastique, Familial, Action, Aventure",en,https://www.universalpictures.fr/micro/how-to-train-your-dragon,https://image.tmdb.org/t/p/w500/515phfKCjq7zBEY2UoslEAoNgnW.jpg,https://image.tmdb.org/t/p/w1280/vHTFrcqJoCi1is3XN0PZe2LSnI2.jpg,Action
1161617,Code 3,2025-09-12,30.1908,6.683,"Une journée dans la vie de deux ambulanciers surmenés. Randy pense à démissionner, mais il doit d'abord effectuer une dernière garde de 24 heures pour former son remplaçant.",0,12140,104,"Action, Comédie",en,"",https://image.tmdb.org/t/p/w500/gIAYMDb5mIAeCAj76q1sRsKjkzo.jpg,https://image.tmdb.org/t/p/w1280/vZK3f5N8Fv2LcyFYLwt6dz0HE1H.jpg,Action
1511789,Captain Hook: The Cursed Tides,2025-07-11,33.1189,4.951,"",0,0,90,"Aventure, Action, Horreur",en,"",https://image.tmdb.org/t/p/w500/bcP7FtskwsNp1ikpMQJzDPjofP5.jpg,https://image.tmdb.org/t/p/w1280/ygOR390GzOX5Quv0kAAcUNDG7fp.jpg,Action
76600,Avatar : La Voie de l'eau,2022-12-14,36.5382,7.6,"Une dizaine d'années s'est écoulée depuis les précédents évènements survenus sur Pandora. Jake Sully et Neytiri sont devenus parents. Leur vie idyllique, proche de la nature, est menacée lorsque la « Ressources Développement Administration », dangereuse organisation non-gouvernementale, est de retour sur Pandora. Contraints de quitter leur habitat naturel, Jake et sa famille se rendent sur les récifs, où ils pensent trouver asile. Mais ils tombent sur un clan, les Metkayina, aux mœurs différentes des leurs.",350000000,2353096253,192,"Action, Aventure, Science-Fiction",en,https://www.avatar.com/,https://image.tmdb.org/t/p/w500/kQYx143yujkwyjJdZH2skOGeQfA.jpg,https://image.tmdb.org/t/p/w1280/cd8YDn7M0lfaHhZdU6MvCDxPalP.jpg,Action
736526,Troll,2022-11-30,24.1772,6.583,"Lorsqu'une explosion dans une montagne en Norvège réveille un ancien troll, les autorités font appel à une paléontologue intrépide pour l'empêcher de semer le chaos.",0,0,104,"Fantastique, Action, Aventure",no,https://www.netflix.com/fr/title/81245455,https://image.tmdb.org/t/p/w500/5k6aT5eWM2UOjInSBx7sM9OEePK.jpg,https://image.tmdb.org/t/p/w1280/ml2Nl1JzWV0WlniVuF5YLrYt1ot.jpg,Action
1007734,Nobody 2,2025-08-13,31.3999,7.0,"Quatre ans après sa malencontreuse altercation avec la mafia russe, Hutch doit toujours 30 millions de dollars à la redoutable organisation et s'efforce de la rembourser en enchaînant sans répit les contrats d'une liste de criminels à abattre aussi interminable qu'internationale. Bien qu'il apprécie le caractère intense de son travail, Hutch se retrouve vite surmené, tout comme sa femme Becca, et ils s'éloignent inexorablement l'un de l'autre.",25000000,41618135,89,"Action, Thriller",en,"",https://image.tmdb.org/t/p/w500/gmyEMJqpScyALufAMspejI6qGQx.jpg,https://image.tmdb.org/t/p/w1280/82C04rTiXYZ7c8XZv91Nu53w82Y.jpg,Action
1214140,Orang Ikan,2025-05-08,27.1836,5.825,"",0,0,83,"Horreur, Fantastique, Action, Thriller",en,"",https://image.tmdb.org/t/p/w500/x1JOs4xWNr1QYjDAXHxWw1NJ7Sq.jpg,https://image.tmdb.org/t/p/w1280/fxKC10HQliVA3Tn5smOclqzL96N.jpg,Action
106,Predator,1987-06-12,30.5782,7.542,"Le Major Dutch Schaefer et son équipe sont envoyés dans la jungle sud-américaine avec pour mission de délivrer des alliés pris en otage par une bande de guérilleros. Mais pendant l'opération, Dutsch et ses hommes s'aperçoivent que les preneurs d'otages ont été... dépecés et suspendus à la plus haute cime des arbres. Très vite, le commando comprend qu'il a en face de lui un ennemi hors du commun. Un monstre invisible et indestructible venu d'une autre planète. Un extraterrestre rompu à toutes les formes d'attaques et qui ne poursuit qu'un seul but : la chasse à l'être humain. Schaefer et sa troupe sont pour lui du gibier de premier choix.",15000000,98267558,107,"Science-Fiction, Action, Aventure, Thriller",en,"",https://image.tmdb.org/t/p/w500/lXoATMtTK3ZsICCvTtXygASHZd9.jpg,https://image.tmdb.org/t/p/w1280/70cezTFUmtijJLqnZw02gQlKVKJ.jpg,Action
62201,शहँशाह,1988-01-29,28.3481,6.3,"",0,0,180,Action,hi,"",https://image.tmdb.org/t/p/w500/g8noCys7ElC73lcluN4kDeUzhYQ.jpg,https://image.tmdb.org/t/p/w1280/qDyFe7gMnom72qfUEYzWrgwB4ss.jpg,Action
1025527,Six jours,2024-12-11,24.9856,5.946,"Nord de la France, 2005 : Malik, inspecteur de police, assiste impuissant à la mort d’une enfant suite à un kidnapping. En charge de l’enquête, il échoue à retrouver le meurtrier. DIX ANS PLUS TARD, sans élément nouveau, sans trace d'un dangereux criminel qui court toujours, l'affaire s’apprête à être classée définitivement. Mais quand de nouveaux faits en lien avec l’affaire se révèlent, Malik entame une course contre la montre dans l’espoir de résoudre l'enquête avant l’expiration du délai de prescription. Dans Six Jours. C’est le temps qui lui reste pour retrouver le coupable.",0,0,101,"Thriller, Action",fr,https://www.snd-films.com/movies/7,https://image.tmdb.org/t/p/w500/foyiQu23zq4WhmffnQkFiNAvqcJ.jpg,https://image.tmdb.org/t/p/w1280/tLf5hjuO4gx62lVojPiHsIzCroh.jpg,Action
155,The Dark Knight : Le Chevalier noir,2008-07-16,27.4198,8.5,"Batman aborde une phase décisive de sa guerre contre le crime à Gotham City. Avec l'aide du lieutenant de police Jim Gordon et du nouveau procureur Harvey Dent, il entreprend de démanteler les dernières organisations criminelles qui infestent les rues de la ville. L'association s'avère efficace, mais le trio se heurte bientôt à un nouveau génie du crime qui répand la terreur et le chaos dans Gotham : le Joker. On ne sait pas d'où il vient ni qui il est. Ce criminel possède une intelligence redoutable doublé d'un humour sordide et n'hésite pas à s'attaquer à la pègre locale dans le seul but de semer le chaos.",185000000,1004558444,152,"Drame, Action, Crime, Thriller",en,"",https://image.tmdb.org/t/p/w500/pyNXnq8QBWoK3b37RS6C3axwUOy.jpg,https://image.tmdb.org/t/p/w1280/dqK9Hag1054tghRQSqLSfrkvQnA.jpg,Action
950387,"Minecraft, le film",2025-03-31,29.1003,6.335,"Quatre mésadaptés traversent soudainement un portail mystérieux menant à la Surface : un étrange univers cubique qui évolue grâce à l’imagination. Pour rentrer chez eux, ils se lancent dans une quête magique avec Steve, un surprenant fabricateur expert. L’aventure les poussera à faire preuve d’audace et à renouer avec les qualités qui donnent à chacun une créativité unique.",150000000,957949195,101,"Familial, Fantastique, Comédie, Aventure, Action",en,"",https://image.tmdb.org/t/p/w500/cq9z69AyIXeL2H14bqHE5ukm3M9.jpg,https://image.tmdb.org/t/p/w1280/2Nti3gYAX513wvhp8IiLL6ZDyOm.jpg,Action
798645,Running Man,2025-11-11,25.8355,6.763,"Dans un futur proche, les participants du jeu télévisé Running Man sont traqués en direct par des chasseurs professionnels. Ils doivent survivre 30 jours sous les yeux d’un public avide de violence. Ben Richards, prêt à tout pour sauver sa fille malade, est forcé de participer par un producteur impitoyable (Josh Brolin). Mais son courage et sa révolte feront de lui le favori du public… et la pire menace du système.",110000000,65725717,133,"Action, Thriller, Science-Fiction",en,https://www.paramountpictures.fr/film/running-man/,https://image.tmdb.org/t/p/w500/7IwZANZ0V9ygf0LM7NsRVeIKZJR.jpg,https://image.tmdb.org/t/p/w1280/docDyCJrhPoFXAckB1aOiIv9Mz0.jpg,Action
793387,Holy Night: Demon Hunters,2025-04-30,27.8967,6.768,"Dans une ville plongée dans le chaos par un groupe qui vénère le mal, les sombres médiums aux capacités spéciales, l'équipe Bau, Sharon et Kim Gun luttent contre le groupe maléfique dans ce film d'action occulte.",0,6500000,92,"Action, Fantastique, Horreur, Thriller",ko,"",https://image.tmdb.org/t/p/w500/7MGnHpfhF8savUsrUJoI8Q7dTk9.jpg,https://image.tmdb.org/t/p/w1280/5A01YSCPYoCOZOhh9tU7F3Htxkf.jpg,Action
980477,Ne Zha 2,2025-01-29,26.237,8.024,"Après la catastrophe, bien que les âmes de Ne Zha et d'Ao Bing aient été sauvées, leurs corps sont menacés de destruction. Pour leur redonner vie, Taiyi Zhenren se tourne vers le lotus mystique aux sept couleurs dans une tentative audacieuse de les reconstruire et de changer leur destin.",80000000,2150000000,144,"Animation, Fantastique, Aventure, Action",zh,"",https://image.tmdb.org/t/p/w500/avdkkjd7As6z9HDcaHCVHvGuxVy.jpg,https://image.tmdb.org/t/p/w1280/8btfz81bOJ2lC7cujYBTw03wzg3.jpg,Action
507244,Afterburn,2025-08-20,23.7743,6.808,"Dix ans après qu'une éruption solaire a anéanti la technologie à travers le monde, un ancien soldat Jake, récupère des objets de valeur de l'ancien monde pour de riches clients. Sa dernière mission consiste à faire équipe avec Drea afin de s'emparer de la Joconde avant qu'un seigneur de guerre ne l'atteigne en premier.",60000000,184758,105,"Science-Fiction, Action, Comédie",en,"",https://image.tmdb.org/t/p/w500/hrze9JXp2QJpc2WjLfSUtRxyYSb.jpg,https://image.tmdb.org/t/p/w1280/kHOfxq7cMTXyLbj0UmdoGhT540O.jpg,Action
338969,The Toxic Avenger,2025-08-28,24.1665,6.1,"Lorsque Winston Gooze, un concierge persécuté, est exposé à un accident toxique catastrophique, il se transforme en un héros nouveau genre : Toxic le ravageur. Il passe rapidement du statut de paria à celui de sauveur en s’attaquant aux chefs d’entreprises impitoyables et aux forces corrompues qui menacent son fils, ses amis et sa communauté. Dans un monde où la cupidité est omniprésente… la justice est mieux servie radioactivement.",0,3328938,102,"Action, Comédie, Science-Fiction",en,"",https://image.tmdb.org/t/p/w500/gAZHYvRqjda6sWZpGt27NYp51oU.jpg,https://image.tmdb.org/t/p/w1280/ewxiPfbKklk9FJZ2ECsDyJDQjvX.jpg,Action
541671,Ballerina,2025-06-04,33.6958,7.316,"Enfant, Eve Macarro a assisté impuissante au meurtre de son père par une bande de tueurs à gages. Devenue adulte, elle consacre sa vie au ballet et… au combat. Formée selon les traditions ancestrales de la Ruska Roma, Eve est devenue une redoutable combattante - l'égale ou presque du légendaire John Wick, qu’elle croise parfois dans les couloirs de l’Hôtel Continental, à New York. Quand la Directrice la juge enfin prête pour une mission, Eve voit l'occasion de régler ses comptes avec les meurtriers de son père. Quitte à devoir affronter, au passage, John Wick lui-même.",90000000,137258395,125,"Action, Thriller, Crime",en,"",https://image.tmdb.org/t/p/w500/cAMk3C3uUbwSgoZ6EMoPjXI2tt.jpg,https://image.tmdb.org/t/p/w1280/1yktYsxkmUtUFTUnCAUaqG6FEiz.jpg,Action
27205,Inception,2010-07-15,30.8524,8.371,"Dom Cobb est un voleur expérimenté, le meilleur dans l'art dangereux de l'extraction, voler les secrets les plus intimes enfouis au plus profond du subconscient durant une phase de rêve, lorsque l'esprit est le plus vulnérable. Les capacités de Cobb ont fait des envieux dans le monde tourmenté de l'espionnage industriel alors qu'il devient fugitif en perdant tout ce qu'il a un jour aimé. Une chance de se racheter lui est alors offerte. Une ultime mission grâce à laquelle il pourrait retrouver sa vie passée mais uniquement s'il parvient à accomplir l'impossible inception.",160000000,839030630,148,"Action, Science-Fiction, Aventure",en,http://inceptionmovie.warnerbros.com/dvd/,https://image.tmdb.org/t/p/w500/aej3LRUga5rhgkmRP6XMFw3ejbl.jpg,https://image.tmdb.org/t/p/w1280/8ZTVqvKDQ8emSGUEMjsS4yHAwrp.jpg,Action
1119878,Ice Road : La Vengeance,2025-06-27,26.3895,6.305,"Mike McCann, chauffeur spécialisé dans la conduite sur verglas, honore la dernière volonté de son frère et va au Népal pour disperser ses cendres sur l'Everest. À bord d'un bus touristique bondé traversant la tristement célèbre route du ciel, Mike et son guide rencontrent des mercenaires et doivent se battre pour sauver leur peau, celle d'un bus de voyageurs et le village local.",0,0,113,"Action, Thriller, Drame",en,"",https://image.tmdb.org/t/p/w500/oj3PT72HOXd3CJ6Y45PMYsIaf3O.jpg,https://image.tmdb.org/t/p/w1280/2nwhxEyefcIFKwOrSigiamoIzu2.jpg,Action
786892,Furiosa : Une saga Mad Max,2024-05-22,26.4948,7.462,"Alors que le monde s'écroule, la jeune Furiosa tombe entre les mains d'une horde de motards dirigée par le seigneur de la guerre Dementus. En traversant le Wasteland, ils tombent sur la Citadelle présidée par l'Immortan Joe. Alors que les deux tyrans se battent pour la domination, Furiosa doit survivre à de nombreuses épreuves pour trouver le moyen de rentrer chez elle.",168000000,174287546,149,"Action, Science-Fiction, Aventure",en,"",https://image.tmdb.org/t/p/w500/hbxqFdWXHeLIJfagMMhVG5SV5tb.jpg,https://image.tmdb.org/t/p/w1280/wNAhuOZ3Zf84jCIlrcI6JhgmY5q.jpg,Action
1257009,Primitive War,2025-08-21,24.7611,6.8,"En 1968, pendant la guerre du Vietnam, une unité de reconnaissance connue sous le nom de Vulture Squad est envoyée dans une vallée isolée de la jungle pour sauver un peloton de bérets verts disparu. Ils découvrent bientôt que des dinosaures habitent la jungle. Ils sont le résultat d’une expérience soviétique qui a mal tourné.",0,217753,135,"Action, Horreur, Guerre",en,"",https://image.tmdb.org/t/p/w500/7eKt7FpNgSGCKnwyeOnlC7usf2V.jpg,https://image.tmdb.org/t/p/w1280/bWF5ImUscXXYia8owpm8coadR4m.jpg,Action
1280450,Pour elle,2025-09-04,22.2574,6.457,"Inspiré d'une histoire vraie, la vie de Mara s'effondre lorsque son ex-mari enlève leur jeune fille et s'enfuit au Moyen-Orient. Déterminée à la ramener à la maison, elle s’allie à Robeson, un ancien Marine spécialiste des cas d'enfants enlevés. Alors que leur mission les conduit au Liban au cœur d’un réseau d’espionnage international, Mara sera confrontée au choix le plus difficile de sa vie.",26000000,92691,105,"Thriller, Action, Aventure",en,"",https://image.tmdb.org/t/p/w500/zunYWJTkuuOzFUSVYRzDGjXFiW9.jpg,https://image.tmdb.org/t/p/w1280/qcDDn7WeKBenM4nLlOPXAeJ4hpg.jpg,Action
533535,Deadpool & Wolverine,2024-07-24,25.6996,7.568,"Un Wade Wilson désabusé s'abrutit de travail dans le civil. Sa vie de mercenaire moralement flexible, Deadpool, est derrière lui. Mais quand son monde est menacé d'anéantissement, il accepte à contrecœur de reprendre le flambeau, et de convaincre un Wolverine non moins contre-cœureux... contre-cordial ? Contre-cardiaque ? Il doit le convaincre de... ah, laisse tomber, va voir le film. Un synopsis, c'est débile. Mais entends l'avertissement : des flashs lumineux dans l'image pourraient affecter les spectateurs photosensibles.",200000000,1338073645,128,"Action, Comédie, Science-Fiction",en,https://www.marvel.com/movies/deadpool-and-wolverine,https://image.tmdb.org/t/p/w500/7CtRdKd5hQPB2b1apKCqxxQUKSf.jpg,https://image.tmdb.org/t/p/w1280/ufpeVEM64uZHPpzzeiDNIAdaeOD.jpg,Action
1233413,Sinners,2025-04-16,20.6887,7.506,"Alors qu’ils cherchent à s’affranchir d’un lourd passé, deux frères jumeaux reviennent dans leur ville natale pour repartir à zéro. Mais ils comprennent qu’une puissance maléfique bien plus redoutable guette leur retour avec impatience.",90000000,365878513,138,"Horreur, Action, Thriller",en,https://newsroom.warnerbros.fr/sinners,https://image.tmdb.org/t/p/w500/9ZmdDOIbiFCZOvRXBQ7muWUu32l.jpg,https://image.tmdb.org/t/p/w1280/nAxGnGHOsfzufThz20zgmRwKur3.jpg,Action
1305717,Hunting Grounds,2025-05-16,21.4277,6.656,"",0,0,89,"Action, Thriller",en,"",https://image.tmdb.org/t/p/w500/cgZjpqRQt9sk6XMCwZ3B1NPAaoy.jpg,https://image.tmdb.org/t/p/w1280/1leYKN0DPNffpldGnCWnbXaiWoD.jpg,Action
1197306,A Working Man,2025-03-26,27.3863,6.7,"Levon Cade a quitté une carrière militaire prestigieuse dans les forces spéciales pour mener une vie simple dans la construction. Cependant, lorsque la fille de son patron, qu'il considère comme sa propre famille, est enlevée par des trafiquants d'êtres humains, sa quête pour la ramener chez elle le plonge dans un monde de corruption bien plus vaste qu'il n'aurait jamais pu imaginer.",40000000,99068160,116,"Action, Crime, Thriller",en,"",https://image.tmdb.org/t/p/w500/oldKO0tV1OdJc0ohterwomhExDq.jpg,https://image.tmdb.org/t/p/w1280/fTrQsdMS2MUw00RnzH0r3JWHhts.jpg,Action
1211886,Kidnapping Inc.,2025-02-07,24.2482,7.75,"Le fils d'un riche candidat à la présidence haïtienne vient d'être enlevé. Les ravisseurs exigent une lourde rançon. Doc et Zoé sont deux gangsters amateurs - et passionnés de soccer - qui doivent livrer le jeune homme à leur impitoyable patron. Zoé, impulsive, tue accidentellement le fils du candidat. Face à un sort terrible pour avoir tué leur otage, Doc et Zoé tombent sur Patrick et sa femme Laura, enceinte de neuf mois. Le jeune couple doit à tout prix prendre un vol pour quitter Haïti et accoucher aux États-Unis afin d'obtenir la citoyenneté pour leur bébé. La grande malchance de Patrick est qu'il ressemble exactement au fils décédé du sénateur. En pleine élection et lors d'un classico Barça-Real enflammé, Doc et Zoé se retrouvent au centre d'une conspiration politique.",0,0,107,"Comédie, Thriller, Drame, Crime, Action",ht,"",https://image.tmdb.org/t/p/w500/rAU6nOHcR3NQTpxgPF4yoeWFW9r.jpg,https://image.tmdb.org/t/p/w1280/uSNyVHYDr7WyPozVJ9mYYoMyymm.jpg,Action
1035259,Y a-t-il un flic pour sauver le monde ?,2025-07-30,26.0122,6.494,"Frank Drebin est le fils du légendaire inspecteur gaffeur du même nom. Son enquête sur un accident d’auto mortel l’amène à rencontrer la séduisante Beth Davenport, sœur de l’infortunée victime. Leur investigation les conduit à Richard Cane, le richissime et génial inventeur d’une automobile électrique révolutionnaire. Au fil de son enquête, Frank découvre que Cane fomente un sombre complot : utiliser une fréquence sonore inaudible pour renvoyer l'humanité à l'état sauvage.",42000000,102147396,85,"Action, Comédie, Crime",en,https://www.paramountpictures.fr/film/y-a-t-il-un-flic-pour-sauver-le-monde/,https://image.tmdb.org/t/p/w500/dIOzuzx0CLYpNLx1Yf44cykyYX5.jpg,https://image.tmdb.org/t/p/w1280/1wi1hcbl6KYqARjdQ4qrBWZdiau.jpg,Action
845781,Red One,2024-10-31,23.0973,7.031,"Après l'enlèvement du Père Noël, le chef de la sécurité du pôle Nord doit faire équipe avec le chasseur de primes le plus célèbre du monde dans une mission pleine d'action à travers le monde pour sauver Noël.",250000000,185700759,124,"Action, Comédie, Fantastique",en,"",https://image.tmdb.org/t/p/w500/prqwbrqHBVWf8NqP0DuFhcOa5tM.jpg,https://image.tmdb.org/t/p/w1280/rOmUuQEZfPXglwFs5ELLLUDKodL.jpg,Action
861451,Martin,2024-10-11,20.4563,4.058,"",17647000,3247000,147,"Action, Drame, Thriller",kn,"",https://image.tmdb.org/t/p/w500/rmCJCFrEwPC0u0Y1smihwDo4Cf1.jpg,https://image.tmdb.org/t/p/w1280/42xAe6kVeTjml9Tww6vRoWa5tay.jpg,Action
120,Le Seigneur des anneaux : La Communauté de l'anneau,2001-12-18,23.5982,8.426,"Le jeune hobbit Frodon Sacquet hérite d'un anneau. Il s'agit de l'Anneau Unique, instrument de pouvoir absolu qui permettrait à Sauron, de régner sur la Terre du Milieu et de réduire en esclavage ses peuples… À moins que Frodon et ses fidèles compagnons ne parviennent à emporter l'Anneau jusqu'en Mordor, lieu où il a été forgé, et à le détruire pour toujours…",93000000,871368364,179,"Aventure, Fantastique, Action",en,"",https://image.tmdb.org/t/p/w500/5OPg6M0yHr21Ovs1fni2H1xpKuF.jpg,https://image.tmdb.org/t/p/w1280/x2RS3uTcsJJ9IfjNPcgDmukoEcQ.jpg,Action
1429738,Tee Yai: Born to Be Bad,2025-11-12,22.6918,5.013,"Bangkok, années 80. Un voleur ingénieux orchestre une série de cambriolages audacieux qui déconcertent les autorités et le public, jusqu'à ce qu'un flic se jure de le coffrer.",0,0,117,"Crime, Action, Drame",th,https://www.netflix.com/fr/title/81739747,https://image.tmdb.org/t/p/w500/vqYZMLUwaN1z1iJ4TKvExyxo1TX.jpg,https://image.tmdb.org/t/p/w1280/xmnqFHhGNYHf5JFy4GSfiIEG0ly.jpg,Action
1072699,Furioza 2,2025-10-14,19.3741,6.529,"À la suite d'un meurtre, Golden, le nouveau chef de Furioza, prend en main son gang hooligan hyper violent et se lance dans une nouvelle aventure au-delà des frontières.",0,0,167,"Action, Crime, Thriller",pl,https://www.netflix.com/fr/title/81623506,https://image.tmdb.org/t/p/w500/mxA0a183RDcgazm0wpfQwGoqdc7.jpg,https://image.tmdb.org/t/p/w1280/2yo2k8CmgZxfBQYAZ8TnHIYzEme.jpg,Action
628847,Trap House,2025-11-14,16.1614,6.306,"Un agent de la DEA sous couverture et son partenaire sont à la poursuite d'un groupe de voleurs : leurs propres adolescents rebelles, qui ont doublé un dangereux cartel en utilisant les méthodes de leurs parents.",0,0,102,"Action, Crime, Thriller",en,"",https://image.tmdb.org/t/p/w500/ctU9S47MoJDN9CB7SCaitcfyyIu.jpg,https://image.tmdb.org/t/p/w1280/oIJjO1CvEdTMFNkWfHaV0RB584G.jpg,Action
1009640,Valiant One,2025-01-30,19.4839,6.793,"Un hélicoptère américain s'écrase du côté nord-coréen de la zone démilitarisée de Corée. Alors que les tensions entre le Nord et le Sud sont déjà au bord de la guerre, les militaires non combattants de l'armée américaine survivants doivent travailler ensemble pour trouver leur chemin à travers la zone, sans possibilité de soutien militaire américain.",10000000,1236630,86,"Guerre, Thriller, Action",en,"",https://image.tmdb.org/t/p/w500/sT8Z14RDCAd6szzxzWFAU4xcMwg.jpg,https://image.tmdb.org/t/p/w1280/wPSZXVqe84X8SINvJGiKYZhkSG1.jpg,Action
562,Piège de cristal,1988-07-15,19.9169,7.8,"John McClane, un policier de New York, tente de sauver sa femme Holly Gennaro et un groupe d'autres personnes prises en otage par le terroriste allemand Hans Gruber lors d'une fête de Noël au Nakatomi Plaza de Los Angeles.",28000000,140767956,132,"Action, Thriller",en,"",https://image.tmdb.org/t/p/w500/1nOVVjbf8ucbeLmIlK5D2kCQQST.jpg,https://image.tmdb.org/t/p/w1280/oIwfoUFfWfESn0Y8u8jv9lc8li1.jpg,Action
299536,Avengers : Infinity War,2018-04-25,21.7168,8.235,Les Avengers et leurs alliés devront être prêts à tout sacrifier pour neutraliser le redoutable Thanos avant que son attaque éclair ne conduise à la destruction complète de l’univers.,300000000,2052415039,149,"Aventure, Action, Science-Fiction",en,https://www.marvel.com/movies/avengers-infinity-war,https://image.tmdb.org/t/p/w500/hSfuKPtyEryeFzapZ8UgZd4aESu.jpg,https://image.tmdb.org/t/p/w1280/mDfJG3LC3Dqb67AZ52x3Z0jU0uB.jpg,Action
1282893,The Seer,2023-12-12,18.2637,0.0,"",0,0,25,"Action, Aventure",en,"","","",Action
1011477,Karate Kid: Legends,2025-05-08,19.3882,7.086,"Li Fong, un adolescent qui fréquente l'école de kung-fu de M. Han en Chine, doit déménager à New York avec sa mère. Celle-ci souhaite que son fils intègre une école prestigieuse et qu'il mette de côté son sport de combat. À son arrivée dans sa nouvelle ville, Li rencontre Mia, une camarade de classe, ainsi que le père de celle-ci avec lesquels il se lie d'amitié. Li se retrouve ensuite entraîné dans une compétition d'arts martiaux où il doit affronter un redoutable champion de karaté.",45000000,105456077,94,"Action, Aventure, Drame",en,"",https://image.tmdb.org/t/p/w500/sdl2dt1rZaTXMaYzIAaajOI0VPB.jpg,https://image.tmdb.org/t/p/w1280/7Q2CmqIVJuDAESPPp76rWIiA0AD.jpg,Action
16320,Serenity : L'Ultime Rébellion,2005-09-25,19.0378,7.367,L'équipage du navire Serenity essaie d'échapper à un assassin qui tente de capturer un membre de l'équipage qui est télépathe.,39000000,38869464,119,"Science-Fiction, Action, Aventure, Thriller",en,"",https://image.tmdb.org/t/p/w500/xeclttHvqnuKd1QEtsCVP216xe.jpg,https://image.tmdb.org/t/p/w1280/3aGsZdB5ud6LmU9lppwTLh2fqH1.jpg,Action
121,Le Seigneur des anneaux : Les Deux Tours,2002-12-18,26.1062,8.411,"La Communauté est dissoute, mais la quête pour détruire l'Anneau Unique se poursuit. Accompagné par son fidèle Sam et guidé par l'étrange Gollum, Frodon cherche un moyen d'entrer en Mordor. Alors que l'armée de Saroumane se met en marche, les autres compagnons de la Communauté se préparent à la bataille. La Guerre de l'Anneau a commencé !",79000000,926287400,180,"Aventure, Fantastique, Action",en,"",https://image.tmdb.org/t/p/w500/qVHBqQYLDRs7ESjP9q6o9iPHLWj.jpg,https://image.tmdb.org/t/p/w1280/kWYfW2Re0rUDE6IHhy4CRuKWeFr.jpg,Action
1439112,Muzzle: City of Wolves,2025-11-13,19.1573,6.8,"L'officier du LAPD Jake Rosser s'efforce de mener une vie paisible avec sa famille et l'officier retraité du K-9, Socks. Cependant, la tranquillité se transforme en chaos lorsqu'un gang les cible lors d'une attaque brutale. Aux côtés de son nouveau partenaire Argos, Jake se lance dans une quête incessante de justice, déterminé à protéger ses proches.",0,0,93,"Action, Thriller, Mystère",en,"",https://image.tmdb.org/t/p/w500/8qTMRmC07XCGidnKQFLbRM3FoDU.jpg,https://image.tmdb.org/t/p/w1280/ncI1PlBcANixIkgQSnjsSRz4OyT.jpg,Action
939243,"Sonic 3, le film",2024-12-19,22.7427,7.644,"Sonic, Knuckles et Tails sont à nouveau réunis face à un puissant nouvel adversaire, Shadow, un mystérieux vilain doté de pouvoirs comme ils n'en ont encore jamais vu. Leurs habiletés étant toutes surclassées, l'Équipe Sonic doit tenter une alliance improbable dans l'espoir d'arrêter Shadow et de protéger la planète.",122000000,492162604,100,"Action, Science-Fiction, Comédie, Familial",en,"",https://image.tmdb.org/t/p/w500/gERwLGTa6JGN4qXjkip13eDaxy1.jpg,https://image.tmdb.org/t/p/w1280/zOpe0eHsq0A2NvNyBbtT6sj53qV.jpg,Action
1186350,Marco,2024-12-20,20.8634,6.639,"",3467000,11559000,145,"Action, Crime, Thriller",ml,"",https://image.tmdb.org/t/p/w500/6Nj8Y1A9lcReqZZvRHOSiO3iTl6.jpg,https://image.tmdb.org/t/p/w1280/a6RkQIOZ6wThQOEDv6lHsfH53hD.jpg,Action
66245,Arunachalam,1997-04-10,20.9386,7.3,"",0,0,165,"Action, Drame, Comédie",ta,"",https://image.tmdb.org/t/p/w500/vplqDhbUk5GMPUosMuQy91NePxv.jpg,https://image.tmdb.org/t/p/w1280/z2WjRzdsP5pChOjFADIXXfd5XpZ.jpg,Action
94182,Zone Torride,1940-05-18,8.7799,6.55,Un directeur de plantation de bananière aux Caraïbes et son patron se disputent une danseuse itinérante.,0,0,88,"Action, Aventure, Comédie, Romance",en,"",https://image.tmdb.org/t/p/w500/nJLCpEtBuB2lwkIqJADPyyrPaJw.jpg,https://image.tmdb.org/t/p/w1280/69UiajifP0HWHjWAEGrkv9vNQc6.jpg,Action
986056,Thunderbolts*,2025-04-30,21.2959,7.314,"Yelena Belova, Bucky Barnes, Red Guardian, Le Fantôme, Taskmaster et John Walker sont les Thunderbolts. Tombés dans un piège redoutable tendu par Valentina Allegra de Fontaine, ces laissés pour compte complètement désabusés doivent participer à une mission à haut risque qui les forcera à se confronter aux recoins les plus sombres de leur passé. Ce groupe dysfonctionnel se déchirera-t-il ou trouvera-t-il sa rédemption en s’unissant avant qu’il ne soit trop tard ?",180000000,382436917,127,"Action, Science-Fiction, Aventure",en,https://www.disney.fr/films/thunderbolts,https://image.tmdb.org/t/p/w500/zctISSBEZRgVQPG178HqRJMnc4x.jpg,https://image.tmdb.org/t/p/w1280/wSdWEc1G3OUWg8HAzNLqOZ9Gd43.jpg,Action
1029575,The Family Plan,2023-12-14,21.6582,7.247,"Dan Morgan est un homme aux multiples talents : un époux dévoué, un vendeur de voitures célèbre, mais aussi un ancien tueur à gages. Et lorsque son passé le rattrape, il est contraint d'emmener sa famille, qui ne se doute de rien, dans un voyage hors du commun.",0,0,118,"Action, Comédie, Familial",en,https://tv.apple.com/fr/movie/umc.cmc.6o6y3wel2lez2tkdu2cv8dzd1,https://image.tmdb.org/t/p/w500/2HmsHdWompo6PB5smZxxPb2hqcN.jpg,https://image.tmdb.org/t/p/w1280/arNhhBd88bP3Bjoe4HT8MFE1JQA.jpg,Action
1267319,Mantis,2025-09-25,17.7829,6.316,"La société secrète des tueurs à gages sombre dans le chaos, libérant une nouvelle espèce d'assassins. Avec l'ordre ancien à terre, qui revendiquera les ténèbres ?",0,0,113,"Action, Crime, Thriller",ko,https://www.netflix.com/fr/title/81771384,https://image.tmdb.org/t/p/w500/8RkQOSQJIygBK3XiQqy2xNMKeex.jpg,https://image.tmdb.org/t/p/w1280/yOFqBpJ0PEkBdQqalDEaeOiaKbz.jpg,Action
1071585,M3GAN 2.0,2025-06-25,20.9592,7.368,"Deux ans ont passé depuis la destruction de M3GAN, le prototype à la pointe de l’intelligence artificielle devenu incontrôlable lors d’un carnage aussi sanglant qu’impeccablement chorégraphié. Sa créatrice Gemma aujourd’hui auteure de renom milite pour l’encadrement drastique des I.A. par le gouvernement, alors que Cady, sa nièce de 14 ans entre dans l’adolescence et se rebelle contre les règles trop strictes de sa tante. Cependant, à l’insu de tous, la technique de pointe mise au point pour M3GAN a été volée et détournée pour créer une arme militaire connue sous le nom d'AM3LIA.",15000000,39085942,120,"Action, Science-Fiction, Thriller",en,"",https://image.tmdb.org/t/p/w500/jRbw7bt9ftolX0GNcCvJdoHKdUq.jpg,https://image.tmdb.org/t/p/w1280/cT9ZfwoPDk8JbgkessmQgxAWiaM.jpg,Action
603692,John Wick : Chapitre 4,2023-03-22,23.5206,7.717,"John Wick affronte ses adversaires les plus redoutables dans ce quatrième volet de la série.  De New York à Osaka, en passant par Paris et Berlin, John Wick mène un combat contre la Grande Table, la terrible organisation criminelle qui a mis sa tête à prix, en affrontant ses tueurs les plus dangereux...",100000000,440157245,169,"Action, Thriller, Crime",en,"",https://image.tmdb.org/t/p/w500/n1YTIyhAqqqFyDGFTzV7WaU1JfK.jpg,https://image.tmdb.org/t/p/w1280/i3OTGmLNOZIo4SRQLVfLjeWegB6.jpg,Action
1376434,Predator : Killer of Killers,2025-06-05,20.2123,7.858,"Cette anthologie d'animation suit trois des guerriers les plus féroces de l'histoire de l'humanité : une Viking guidant son jeune fils dans une quête de vengeance sanglante, un ninja du Japon féodal s'opposant à son frère samouraï pour la succession et un pilote de la Seconde Guerre mondiale enquêtant sur une menace de la cause alliée en plein ciel.",0,0,90,"Animation, Action, Science-Fiction, Thriller",en,"",https://image.tmdb.org/t/p/w500/ff8DS4oiZttqBppDriGUal49lmw.jpg,https://image.tmdb.org/t/p/w1280/cBgJJS19kVxedaLWPBbAi7Mh8wM.jpg,Action
385687,Fast & Furious X,2023-05-17,16.7857,7.0,"Après bien des missions et contre toute attente, Dom Toretto et sa famille ont su déjouer, devancer, surpasser et distancer tous les adversaires qui ont croisé leur route. Ils sont aujourd’hui face à leur ennemi le plus terrifiant et le plus intime : émergeant des brumes du passé, ce revenant assoiffé de vengeance est bien déterminé à décimer la famille en réduisant à néant tout ce à quoi, et surtout à qui Dom ait jamais tenu.",340000000,704709660,141,"Action, Crime, Thriller",en,https://www.universalpictures.fr/micro/fast-x,https://image.tmdb.org/t/p/w500/v1467wvoQIXlVY5MtAqt3PUtOdH.jpg,https://image.tmdb.org/t/p/w1280/4XM8DUTQb3lhLemJC51Jx4a2EuA.jpg,Action
152760,Monuments Men,2014-01-24,31.2929,6.064,"La plus grande chasse au trésor du XXe siècle est une histoire vraie. MONUMENTS MEN est inspiré de ce qui s’est réellement passé. En pleine Seconde Guerre mondiale, sept hommes qui sont tout sauf des soldats – des directeurs et des conservateurs de musées, des artistes, des architectes, et des historiens d’art – se jettent au cœur du conflit pour aller sauver des œuvres d’art volées par les nazis et les restituer à leurs propriétaires légitimes. Mais ces trésors sont cachés en plein territoire ennemi, et leurs chances de réussir sont infimes. Pour tenter d’empêcher la destruction de mille ans d’art et de culture, ces Monuments Men vont se lancer dans une incroyable course contre la montre, en risquant leur vie pour protéger et défendre les plus précieux trésors artistiques de l’humanité…",70000000,154984035,118,"Guerre, Drame, Histoire, Action",en,"",https://image.tmdb.org/t/p/w500/kxkoEOfkam6tazlV5b756CvcprY.jpg,https://image.tmdb.org/t/p/w1280/uLBJtONQwHoGc61vbIfoC6a9gUp.jpg,Action
982843,Submersion,2025-09-18,17.0239,9.333,"Alors que l'Apocalypse menace la Terre, une lutte à la vie à la mort dans un appartement submergé par les eaux devient rapidement le seul espoir de subsister pour l'humanité.",0,0,106,"Science-Fiction, Action, Aventure",ko,"",https://image.tmdb.org/t/p/w500/maWyJrdX8Uz21BlH57RdbhkiIRn.jpg,https://image.tmdb.org/t/p/w1280/fMQ2E7EIRUgUGYMM2jimxcgnU5V.jpg,Action
912649,Venom : The Last Dance,2024-10-22,18.9414,6.679,"Eddie et Venom sont en cavale. Chacun est traqué par ses semblables et alors que l'étau se resserre, le duo doit prendre une décision dévastatrice qui annonce la conclusion des aventures d'Eddie et de Venom.",120000000,478937618,109,"Action, Science-Fiction, Aventure",en,"",https://image.tmdb.org/t/p/w500/9sAK8lZDNkH9QBFjmqLytXnmzyM.jpg,https://image.tmdb.org/t/p/w1280/3V4kLQg0kSqPLctI5ziYWabAZYF.jpg,Action
168259,Fast & Furious 7,2015-04-01,16.8039,7.2,"Laissé à moitié mort par Dominic Toretto et son clan de voleur de voitures as du volant, le criminel Owen Shaw gît sur un lit d'hôpital à Londres. Déterminé à le venger, son frère Deckard Shaw commet des attaques vicieuses contre les membres de la famille de Toretto, notamment contre sa sœur, son beau-frère et leur petit garçon. Une aide inespérée leur parvient en la personne de Frank Petty, agent des services secrets américains aux ressources impressionnantes. Il promet assistance à Dominic, en échange de quoi ce dernier devra libérer une talentueuse informaticienne, nommée Ramsey, qui a mis au point un logiciel de surveillance ultraperfectionné baptisé « God's Eye ». La jeune femme est en effet retenue prisonnière par Jakande, un dangereux terroriste, au milieu des inaccessibles montagnes de l'Azerbaïdjan. Le clan de Dominic se reforme donc pour cette dangereuse mission.",190000000,1515400000,137,"Action, Crime, Thriller",en,"",https://image.tmdb.org/t/p/w500/wjVn1Qng8B3ySvfJr4ovuehI141.jpg,https://image.tmdb.org/t/p/w1280/ehzI1mVcnHqB58NqPyQwpMqcVoz.jpg,Action
634649,Spider-Man : No Way Home,2021-12-15,19.8491,7.936,"Après les événements liés à l'affrontement avec Mysterio, l'identité secrète de Spider-Man a été révélée. Il est poursuivi par le gouvernement américain, qui l'accuse du meurtre de Mysterio, et traqué par les médias. Cet événement a également des conséquences terribles sur la vie de sa petite-amie M.J. et de son meilleur ami Ned. Désemparé, Peter Parker demande alors de l'aide au docteur Strange. Ce dernier lance un sort pour que tout le monde oublie que Peter est Spider-Man. Mais les choses ne se passent pas comme prévu, et cette action altère la stabilité de l'espace-temps. Cela ouvre le « multivers », un concept terrifiant dont ils ne savent quasiment rien...",200000000,1921847111,148,"Action, Aventure, Science-Fiction",en,https://www.sonypictures.fr/film/spider-man-no-way-home,https://image.tmdb.org/t/p/w500/jwfDFqzxBkXC5bERBZrCEfK9iii.jpg,https://image.tmdb.org/t/p/w1280/tyQo080tijexyUHBvWPwQt26bZa.jpg,Action
573435,Bad Boys : Ride or Die,2024-06-05,15.2778,7.347,"Le détective de Miami Mike Lowrey apprend que son ex-supérieur à l'escouade anti-drogue, le défunt capitaine Howard, aurait reçu des centaines de millions de dollars de la part des cartels mexicains. Avec son coéquipier et ami Marcus Burnett, Mike entreprend de blanchir la réputation de Howard. Or, le meurtrier du capitaine, le trafiquant Armando Aretas, est le seul à pouvoir identifier le véritable traître au sein des forces de police de Miami. Et puisque le repenti Armando est également le fils de Mike, ce dernier obtient qu'il soit temporairement libéré de prison pour participer à l'enquête. Mais ce faisant, Marcus, Mike et son fils se retrouvent à leur tour compromis par le chef des conspirateurs, qui lance des chasseurs de primes à leurs trousses.",100000000,404547819,115,"Action, Comédie, Crime, Thriller, Aventure",en,"",https://image.tmdb.org/t/p/w500/zCZJXSDPZKGml4I5zvxNpdx8jra.jpg,https://image.tmdb.org/t/p/w1280/3q01ACG0MWm0DekhvkPFCXyPZSu.jpg,Action
1382406,Striking Rescue,2024-12-05,17.8823,7.42,"Bai An, un ancien champion passé maître dans l'art du Muay Thaï est le témoin, impuissant, de l'assassinat brutal de sa femme et de sa fille par un puissant cartel qui empoisonne une majorité de la Thaïlande.",0,0,106,"Action, Crime, Thriller",zh,"",https://image.tmdb.org/t/p/w500/npLvwol2oZGLc0VeYYxJ72KXYwY.jpg,https://image.tmdb.org/t/p/w1280/yth78N88nwokepnOe5atwPGfTL1.jpg,Action
22,Pirates des Caraïbes : La Malédiction du Black Pearl,2003-07-09,16.652,7.8,"Dans la mer des Caraïbes, au XVIIe siècle, Jack Sparrow, flibustier gentleman, voit sa vie idyllique basculer le jour où son ennemi, le perfide capitaine Barbossa, lui vole son bateau, le Black Pearl, puis attaque la ville de Port Royal, enlevant au passage la très belle fille du gouverneur, Elizabeth Swann. L'ami d'enfance de celle-ci, Will Turner, se joint à Jack pour se lancer aux trousses du capitaine. Mais Will ignore qu'une malédiction frappe Barbossa et ses pirates. Lorsque la lune brille, ils se transforment en morts-vivants. Leur terrible sort ne prendra fin que le jour où le fabuleux trésor qu'ils ont amassé sera restitué…",140000000,655011224,140,"Aventure, Fantastique, Action",en,"",https://image.tmdb.org/t/p/w500/jFmc6zbnx6mSoxejECYvdi3IHIs.jpg,https://image.tmdb.org/t/p/w1280/uRNgkJSkNBFbbn9fPsEjDIy8Sh3.jpg,Action
569094,Spider-Man : Across the Spider-Verse,2023-05-31,17.2489,8.3,"Après avoir retrouvé Gwen Stacy, Spider-Man, le sympathique héros originaire de Brooklyn, est catapulté à travers le Multivers, où il rencontre une équipe de Spider-Héros chargée d'en protéger l'existence. Mais lorsque les héros s'opposent sur la façon de gérer une nouvelle menace, Miles se retrouve confronté à eux et doit redéfinir ce que signifie être un héros afin de sauver les personnes qu'il aime le plus.",100000000,690897910,140,"Animation, Action, Aventure, Science-Fiction",en,https://www.sonypictures.fr/film/spider-man-across-the-spider-verse,https://image.tmdb.org/t/p/w500/ydaJsTyrRimSQ1dTf2xvrmJKz5b.jpg,https://image.tmdb.org/t/p/w1280/9xfDWXAUbFXQK585JvByT5pEAhe.jpg,Action
98,Gladiator,2000-05-04,16.2489,8.221,"Le général romain Maximus est le plus fidèle soutien de l'empereur Marc Aurèle, qu'il a conduit de victoire en victoire avec une bravoure et un dévouement exemplaires. Jaloux du prestige de Maximus, et plus encore de l'amour que lui voue l'empereur, le fils de Marc Aurèle, Commode, s'arroge brutalement le pouvoir, puis ordonne l'arrestation du général et son exécution. Maximus échappe à ses assassins mais ne peut empêcher le massacre de sa famille. Capturé par un marchand d'esclaves, il devient gladiateur et prépare sa vengeance.",103000000,465516248,155,"Action, Drame, Aventure",en,"",https://image.tmdb.org/t/p/w500/5gJOu3t2QrznuJqjCG7FQDMI76t.jpg,https://image.tmdb.org/t/p/w1280/jhk6D8pim3yaByu1801kMoxXFaX.jpg,Action
1096563,End of Loyalty,2023-03-07,16.2274,5.4,"Lorsque le chef d'une famille criminelle notoire est assassiné, son fils Grant est déterminé à se venger et la seule personne qui peut l'empêcher de détruire la ville et de se détruire dans le processus est son meilleur ami et agent fédéral, Ray Rose.",0,0,90,"Crime, Action",en,"",https://image.tmdb.org/t/p/w500/c4QA1rFQcyBZKaOOdUrDeL1G9Er.jpg,https://image.tmdb.org/t/p/w1280/qskMJe62v9kPj4tD9UawIGW0WxD.jpg,Action
58,Pirates des Caraïbes : Le Secret du coffre maudit,2006-07-06,16.2223,7.373,"Le pirate Jack Sparrow est confronté à son passé. Treize ans auparavant, il signait un pacte avec Davey Jones, le maléfique maître des sept mers. En échange de son âme, ce dernier lui promettait le commandement du mythique Black Pearl… Aujourd’hui, Jones vient donc récupérer sa dette.",200000000,1066179747,150,"Aventure, Fantastique, Action",en,"",https://image.tmdb.org/t/p/w500/bzOlMYEfNmgCDnFHj3zL3RBqwau.jpg,https://image.tmdb.org/t/p/w1280/vr6n6ZFUZvedvIlhfYcbCWcaKyW.jpg,Action
749170,Heads of State,2025-06-24,17.2488,6.865,"Le Premier ministre britannique et le président des États-Unis ont une rivalité publique qui menace l'alliance entre leurs pays. Mais lorsqu'ils deviennent les cibles d'un ennemi puissant, ils sont contraints de compter l'un sur l'autre et se lancent dans une folle course multinationale. Alliés à Noel, une brillante agente du MI6, ils doivent trouver un moyen de déjouer une conspiration qui menace le monde libre.",100,0,116,"Action, Thriller, Comédie",en,https://www.primevideo.com/detail/0Q0ZD7AIZGM4ISJE4J5T9AF9FA,https://image.tmdb.org/t/p/w500/1CfBzb8xDIkSlxlwyo005lXpoAX.jpg,https://image.tmdb.org/t/p/w1280/vJbEUMeI2AxBUZKjP6ZVeVNNTLh.jpg,Action
1328803,Prisoner of War,2025-09-19,15.9095,7.129,"James Wright, officier britannique des SAS, fut envoyé aux Philippines pour combattre l'ennemi japonais pendant la Seconde Guerre mondiale. Lorsque son avion s'écrasa et qu'il s'en sortit de justesse, il était loin de s'imaginer que son combat ne faisait que commencer.",2000000,0,110,"Action, Guerre, Thriller, Histoire",en,"",https://image.tmdb.org/t/p/w500/1XET89sjRm9mUuHXhGIlKTNd5uD.jpg,https://image.tmdb.org/t/p/w1280/yGByIyqgJerCw7AAphTrTAlrdkJ.jpg,Action
564,La Momie,1999-04-16,15.7475,7.0,"1719 avant J.-C. Pour avoir osé ravir sa fiancée au Pharaon, le grand prêtre Imhotep est momifié vivant et enseveli dans une crypte secrète d'Hamunaptra, mais son cœur bat toujours et la Momie attend l'heure de sa libération. En 1923, l'aventurier O'Connell découvre les ruines d'Hamunaptra. La malédiction d'Imhotep va pouvoir se réaliser.",80000000,415885488,124,"Aventure, Action, Fantastique",en,"",https://image.tmdb.org/t/p/w500/9jQOMgGZoRJWjmHueHO492YbPId.jpg,https://image.tmdb.org/t/p/w1280/8zLS8p1tRyWFLRFfmgQq0j5WE6z.jpg,Action
653346,La Planète des singes : Le Nouveau Royaume,2024-05-08,15.6901,7.1,"Plusieurs générations après le règne de César, les singes ont définitivement pris le pouvoir. Les humains, quant à eux, ont régressé à l'état sauvage et vivent en retrait. Alors qu'un nouveau chef tyrannique construit peu à peu son empire, un jeune singe entreprend un périlleux voyage qui l'amènera à questionner tout ce qu'il sait du passé et à faire des choix qui définiront l'avenir des singes et des humains…",160000000,397378150,145,"Science-Fiction, Aventure, Action",en,"",https://image.tmdb.org/t/p/w500/4925wPllJdQmHd1RxbZ62ZekaW3.jpg,https://image.tmdb.org/t/p/w1280/iHYh4cdO8ylA3W0dUxTDVdyJ5G9.jpg,Action
285,Pirates des Caraïbes : Jusqu'au bout du monde,2007-05-19,15.6656,7.266,"L’âge d’or de la piraterie touche à sa fin. Même le terrifiant Vaisseau Fantôme et son capitaine maudit servent Lord Cutler Beckett. Il écume désormais les sept mers, massacrant sans pitié les pirates de tous bords. Une seule chance de résister à Beckett et à son armada : Rassembler les Neuf Seigneurs de la Cour des Frères.",300000000,961691209,168,"Aventure, Fantastique, Action",en,"",https://image.tmdb.org/t/p/w500/3JjceHUzbtgJ4fJs6x2ow4ckH89.jpg,https://image.tmdb.org/t/p/w1280/xWXTfnmQZhdYyqEPCCKL1IQKUxj.jpg,Action
1241470,Osiris,2025-07-25,15.4683,6.303,"Une équipe de commandos des forces spéciales est en pleine opération lorsqu'elle est enlevée par un mystérieux vaisseau spatial. Lorsqu'ils se réveillent à bord, ils découvrent rapidement qu'ils sont poursuivis par une race extraterrestre sans pitié.",0,0,128,"Science-Fiction, Action, Horreur",en,"",https://image.tmdb.org/t/p/w500/3YtZHtXPNG5AleisgEatEfZOT2w.jpg,https://image.tmdb.org/t/p/w1280/ySHUoK4utUOiSfCinw81H1TsV0E.jpg,Action
1339149,怒火十二小时,2024-08-28,14.0425,5.9,"",0,0,0,"Action, Mystère",zh,"",https://image.tmdb.org/t/p/w500/fgE599tMFzidu8x1IgtSQDRi06j.jpg,https://image.tmdb.org/t/p/w1280/9pWJnd9jneXRkjOnpHCLN41Bse5.jpg,Action
11,La Guerre des étoiles,1977-05-25,15.3535,8.204,"Il y a bien longtemps, dans une galaxie très lointaine... La guerre civile fait rage entre l'Empire galactique et l'Alliance rebelle. Capturée par les troupes de choc de l'Empereur menées par le sombre et impitoyable Dark Vador, la princesse Leia Organa dissimule les plans de l’Étoile Noire, une station spatiale invulnérable, à son droïde R2-D2 avec pour mission de les remettre au Jedi Obi-Wan Kenobi. Accompagné de son fidèle compagnon, le droïde de protocole C-3PO, R2-D2 s'échoue sur la planète Tatooine et termine sa quête chez le jeune Luke Skywalker. Rêvant de devenir pilote mais confiné aux travaux de la ferme, ce dernier se lance à la recherche de ce mystérieux Obi-Wan Kenobi, devenu ermite au cœur des montagnes désertiques de Tatooine...",11000000,775398007,121,"Aventure, Action, Science-Fiction",en,"",https://image.tmdb.org/t/p/w500/rLi9cokiFU20mLUPvQ0IRok3ELY.jpg,https://image.tmdb.org/t/p/w1280/2w4xG178RpB4MDAIfTkqAuSJzec.jpg,Action
122917,Le Hobbit : La Bataille des cinq armées,2014-12-10,16.6375,7.33,"Atteignant enfin la Montagne Solitaire, Thorin et les Nains, aidés par Bilbon le Hobbit, ont réussi à récupérer leur royaume et leur trésor. Ils ont également réveillé le dragon Smaug qui déchaîne désormais sa colère sur les habitants de Lac-ville. À présent, les Nains, les Elfes, les Humains mais aussi les Wrags et les Orques menés par le Nécromancien, convoitent les richesses de la Montagne Solitaire.",250000000,956019788,144,"Action, Aventure, Fantastique",en,"",https://image.tmdb.org/t/p/w500/h4wjbuC61iMaCqrO3bmGQ3ibuJE.jpg,https://image.tmdb.org/t/p/w1280/3UbaCMmqOd7mca4Y5DOzY2ZVTyX.jpg,Action
198663,Le Labyrinthe,2014-09-10,16.4491,7.2,"Thomas, 16 ans, se réveille dans un ascenseur. Il ne sait plus qui il est ni d'où il vient, et ne semble se rappeler que de son prénom. Lorsque l'ascenseur s'ouvre, il est accueilli par d'autres garçons de son âge dans la clairière, un monde mystérieux entouré par un labyrinthe impénétrable, et où personne ne sait pourquoi il est là.",34000000,348319861,114,"Action, Mystère, Science-Fiction, Thriller",en,"",https://image.tmdb.org/t/p/w500/3uzKxpRpF5M8RGeFhCCR9OE3dZb.jpg,https://image.tmdb.org/t/p/w1280/eTlcNXGv32zkVI7ZDHhfeaKHXKQ.jpg,Action
822119,Captain America : Brave New World,2025-02-12,19.2432,6.0,"Peu après avoir fait la connaissance du nouveau président des États-Unis Thaddeus Ross, Sam Wilson se retrouve plongé au coeur d'un gigantesque incident international. Dans une lutte acharnée contre la montre, il se retrouve contraint de découvrir la raison de cet infâme complot avant que le véritable cerveau de l’opération ne mette bientôt le monde entier à feu et à sang…",180000000,415101577,119,"Action, Thriller, Science-Fiction",en,"",https://image.tmdb.org/t/p/w500/wDRXmiAEJdhNIcuetM4016fOCx8.jpg,https://image.tmdb.org/t/p/w1280/8eifdha9GQeZAkexgtD45546XKx.jpg,Action
766507,Prey,2022-08-02,14.2872,7.7,"Lorsque le danger menace son camp, la féroce et très habile guerrière Comanche Naru se met en route pour protéger son peuple. Mais la proie qu'elle traque s'avère être un prédateur extraterrestre très évolué doté d'un arsenal techniquement avancé.",65000000,0,99,"Thriller, Action, Science-Fiction",en,https://www.disneyplus.com/fr-fr/movies/prey/5Y0VIrKjUDWm,https://image.tmdb.org/t/p/w500/69BH9YefDbStihTi0FJhTJxmtDo.jpg,https://image.tmdb.org/t/p/w1280/sNhzcUw5cg4JwICjnHZ5XhTKNrU.jpg,Action
156022,Equalizer,2014-09-24,14.9364,7.283,"McCall, un homme qui pense avoir rangé son passé mystérieux derrière lui, se consacre à sa nouvelle vie tranquille. Au moment où il rencontre Teri, une jeune fille sous le contrôle de gangsters russes violents, il décide d'agir. McCall sort ainsi de sa retraite et voit son désir de justice réveillé.",55000000,192330738,131,"Thriller, Action, Crime",en,"",https://image.tmdb.org/t/p/w500/lgzPn7C9dWanHl2DjE97855dsJF.jpg,https://image.tmdb.org/t/p/w1280/wNAfVj1ObGNye5fQM4tJXJGtU0.jpg,Action
453395,Doctor Strange in the Multiverse of Madness,2022-05-04,13.1908,7.2,"Le Docteur Strange lance un sort interdit qui ouvre le portail du Multivers, incluant des versions alternatives de lui-même. Cette menace à l'humanité est plus puissante que les pouvoirs combinés de Strange, Wong et Wanda Maximoff.",290000000,955775804,126,"Fantastique, Action, Aventure",en,"",https://image.tmdb.org/t/p/w500/arfzjn1tGvXWwkX7eaGVuXsc0mp.jpg,https://image.tmdb.org/t/p/w1280/gUNRlH66yNDH3NQblYMIwgZXJ2u.jpg,Action
986206,Night Carnage,2025-07-29,12.4821,5.8,"Une blogueuse qui est aussi un loup-garou rencontre un playboy fringant cachant également un sombre secret. Passion, meurtre et terreur s'enchaînent alors qu'ils sont poursuivis par un chasseur de morts-vivants.",0,0,90,"Action, Horreur, Romance",fr,"",https://image.tmdb.org/t/p/w500/w0wjPQKhlqisSbylf1sWZiNyc2h.jpg,https://image.tmdb.org/t/p/w1280/5xgxXZ9C8KZDg0xWbk6rX0XcO9T.jpg,Action
1155281,Creation of the Gods II : Demon Force,2025-01-29,12.5319,6.397,"Alors que les troupes du roi Shang s’apprêtent à fondre sur les Terres de l’Ouest dont il est désormais le seigneur, Ji Fa organise la résistance avec l’aide du taoïste Jiang Ziya. Face aux terribles guerriers du tyran et à leur magie noire, Ji Fa peut compter sur le soutien de nouveaux alliés, eux-aussi dotés de forces surnaturelles. La lutte à mort pour obtenir l’Investiture des Dieux ne fait que commencer…",120000000,172619925,145,"Action, Fantastique, Guerre",zh,"",https://image.tmdb.org/t/p/w500/5bBgvH3hTxlANUsLP1ov0lEKmJp.jpg,https://image.tmdb.org/t/p/w1280/yujcZMkNKtNXPvRGyTA3e3VCrbx.jpg,Action
97,Tron,1982-07-09,12.1054,6.649,"Flynn, un concepteur de jeux vidéos qui s'est vu voler ses jeux vidéos par son ex-employeur, veut à tout prix récupérer une preuve qui lui ferait valoir ses droits. Avec l'aide d'Alan et de Lora, deux de ses anciens collègues, il infiltre le MCP (Maître Contrôleur Principal), un ordinateur avide de pouvoir à l'intelligence artificielle sur-développée. Quand ce dernier découvre que Flynn veut s'infiltrer dans ses circuits, il le téléporte dans un jeu vidéo. Pour s'évader, Flynn devra compter sur l'aide de Tron, un programme indépendant inventé par Alan.",17000000,33002371,96,"Science-Fiction, Action, Aventure",en,"",https://image.tmdb.org/t/p/w500/gyQi3cpOunqKrz8Jfr9OHeOxxsu.jpg,https://image.tmdb.org/t/p/w1280/vUmeBHiGp5r2ydd8aEvbNLamTVD.jpg,Action
840326,Sisu : De l'or et du sang,2022-09-09,13.3812,7.4,"1944, en Laponie finlandaise, un ancien soldat reconverti en chercheur d'or trouve une grande quantité d'or. En essayant de rapporter son butin en ville, il devra se battre contre les forces nazies présentes en Finlande",6600000,14281199,91,"Action, Guerre",fi,"",https://image.tmdb.org/t/p/w500/7U5ytZz3eInnBJaJUMFTdIqyZjj.jpg,https://image.tmdb.org/t/p/w1280/pBdQ4iorzRV2G38mdS6rzrmUfMA.jpg,Action
579974,Roudram Ranam Rudhiram (RRR),2022-03-24,11.7929,7.744,"À l'époque coloniale, en Inde, les anglais enlèvent une jeune fille d'une communauté tribale. Mais ce qu'ils ignorent, c'est que cette tribu a un protecteur : Bheem. Peut-être que soleil ne se couche jamais sur l'empire britannique. Mais la force est du coté des justes.",69000000,160000000,180,"Action, Aventure, Drame",te,"",https://image.tmdb.org/t/p/w500/sxI1qKDHZRAi2LPmJUPhQ2x1u07.jpg,https://image.tmdb.org/t/p/w1280/i0Y0wP8H6SRgjr6QmuwbtQbS24D.jpg,Action
667538,Transformers : Rise of the Beasts,2023-06-06,11.8288,7.2,"En 1994, alors que les Autobots viennent d'arriver, Optimus Prime s'acclimate à la Terre. Une archéologue et un ancien militaire vont découvrir les traces d'une guerre entre deux anciennes factions de Transformers, les Maximals et les Predacons. Optimus Prime devra faire face à de nouveaux ennemis, les Predacons et leur redoutable chef Scourge. Les Autobots et les Maximals feront face à une menace encore plus grande : Unicron, une planète métallique géante qui s'apprête à dévorer la Terre.",195000000,441381193,127,"Science-Fiction, Aventure, Action",en,https://www.paramountpictures.fr/film/transformers-rise-of-the-beasts,https://image.tmdb.org/t/p/w500/kq6AYN96FjWSZQVRYpAPmBAVq2s.jpg,https://image.tmdb.org/t/p/w1280/2vFuG6bWGyQUzYS9d69E5l85nIz.jpg,Action
1865,Pirates des Caraïbes : La Fontaine de jouvence,2011-05-15,13.4453,6.564,"Dans cette histoire pleine d’action, où vérité, trahison, jeunesse éternelle et mort forment un cocktail explosif, le capitaine Jack Sparrow retrouve une femme qu’il a connu autrefois. Leurs liens sont‐ils faits d’amour ou, cette femme n’est‐elle qu’une aventurière sans scrupules qui cherche à l’utiliser pour découvrir la légendaire Fontaine de Jouvence ? Lorsqu’elle l’oblige à embarquer à bord du Queen Anne’s Revenge, le bateau du terrible pirate Barbe‐Noire, Jack ne sait plus ce qu’il doit craindre le plus : Le redoutable maître du bateau ou cette femme surgit de son passé…",379000000,1046721266,140,"Aventure, Action, Fantastique",en,http://www.disney.fr/pirates-des-caraibes/index.jsp,https://image.tmdb.org/t/p/w500/5JjjjGg24IGRXIQtaZkPU59acjV.jpg,https://image.tmdb.org/t/p/w1280/uzIGtyS6bbnJzGsPL93WCF1FWm8.jpg,Action
49051,Le Hobbit : Un voyage inattendu,2012-12-12,13.6895,7.364,"Dans un voyage inattendu, Bilbon Sacquet cherche à reprendre le Royaume perdu des Nains d'Erebor, conquis par le redoutable dragon Smaug. Alors qu'il croise par hasard la route du magicien Gandalf le Gris, Bilbon rejoint une bande de 13 nains dont le chef n'est autre que le légendaire guerrier Thorin Écu-de-Chêne. Leur périple les conduit au cœur du Pays Sauvage, où ils devront affronter des Gobelins, des Orques, des Ouargues meurtriers, des Araignées géantes, des Métamorphes et des Sorciers… Bien qu'ils se destinent à mettre le cap sur l'Est et les terres désertiques du Mont Solitaire, ils doivent d'abord échapper aux tunnels des Gobelins, où Bilbon rencontre la créature qui changera à jamais le cours de sa vie : Gollum.",250000000,1021103568,169,"Aventure, Fantastique, Action",en,"",https://image.tmdb.org/t/p/w500/mdy9mG31U7jSB8edfRELv53Yfjp.jpg,https://image.tmdb.org/t/p/w1280/e9XpCB9XoTSvek6O7PNvJMhSlIK.jpg,Action
755679,Fast X: Part 2,"",12.5805,0.0,"",0,0,0,"Action, Crime, Thriller",en,"",https://image.tmdb.org/t/p/w500/lD8V3DBban95Mxz4sjuA81Tw771.jpg,"",Action
652,Troie,2004-05-13,12.0425,7.2,"Dans la Grèce antique, l'enlèvement d'Hélène, reine de Sparte, par Pâris, prince de Troie, est une insulte que le roi Ménélas ne peut supporter. L'honneur familial étant en jeu, Agamemnon, frère de Ménélas et puissant roi de Mycènes, réunit toutes les armées grecques afin de faire sortir Hélène de Troie. Mais en réalité, la sauvegarde de l'honneur familial n'est qu'un prétexte pris par Agamemnon pour cacher sa terrible avidité. Celui-ci cherche en fait à contrôler Troie et à agrandir son vaste empire. Aucune armée n'a jamais réussi à pénétrer dans la cité fortifiée, sur laquelle veillent le roi Priam et le prince Hector. L'issue de la guerre de Troie dépendra notamment d'un homme, Achille, connu comme le plus grand guerrier de son époque. Arrogant, rebelle, et réputé invincible, celui-ci n'a d'attache pour rien ni personne si ce n'est sa propre gloire…",175000000,497409852,163,"Guerre, Action, Histoire",en,"",https://image.tmdb.org/t/p/w500/pkKBYrihVm5kuBgOH04KagSids0.jpg,https://image.tmdb.org/t/p/w1280/d3z8MH9OvTOOSxy5QwAG0cS6GKU.jpg,Action
346910,The Predator,2018-09-05,12.6912,5.6,"Les pires prédateurs de l'univers sont maintenant plus forts et plus intelligents que jamais, ils se sont génétiquement perfectionnés grâce à l'ADN d'autres espèces. Quand un jeune garçon déclenche accidentellement leur retour sur Terre, seul un équipage hétéroclite d'anciens soldats et un professeur de science contestataire peuvent empêcher l’extinction de la race humaine.",88000000,160542134,101,"Science-Fiction, Action, Thriller",en,"",https://image.tmdb.org/t/p/w500/iXLCqDuKDlezUHAYtCB6wM2D0YG.jpg,https://image.tmdb.org/t/p/w1280/zGHdS1eLaU5wdYCJ6vY9QfQGCTo.jpg,Action
1319895,Hostile Takeover,2025-08-08,12.3951,7.061,Pete est un tueur à gages accro au travail à New York. Il doit faire face à des assassins qui veulent l'éliminer après que le chef d'un syndicat du crime l'ait soupçonné d'être déloyal après l'avoir vu assister à des réunions des Travailleurs Anonymes.,0,0,89,"Action, Comédie, Thriller",en,"",https://image.tmdb.org/t/p/w500/vntwlS3CAKfoLTs90GaoK6lymBC.jpg,https://image.tmdb.org/t/p/w1280/nZsKWhwhUL3Eg88SkIaJjuIZzpN.jpg,Action
324552,John Wick : Chapitre 2,2017-02-08,19.1376,7.34,"John Wick est forcé de sortir de sa retraite volontaire par un de ses ex-associés qui cherche à prendre le contrôle d’une mystérieuse confrérie de tueurs internationaux. Parce qu’il est lié à cet homme par un serment, John se rend à Rome, où il va devoir affronter certains des tueurs les plus dangereux du monde.",40000000,171539887,122,"Action, Thriller, Crime",en,"",https://image.tmdb.org/t/p/w500/r687UV1zQ5KDB9AxRokRscWIRvt.jpg,https://image.tmdb.org/t/p/w1280/r17jFHAemzcWPPtoO0UxjIX0xas.jpg,Action
169,Predator 2,1990-11-21,12.6262,6.293,"Le lieutenant Mike Harrigan est un flic de Los Angeles. Lorsqu'une fusillade éclate entre des trafiquants de drogue mettant ainsi les rues de la ville à feu et à sang, Mike et son équipe se préparent à intervenir... Mais soudain, les gangsters sont liquidés un par un d'une horrible manière par une créature invisible. Commence alors pour Mike une enquête sanglante qui va le confronter à un monstre extraterrestre qui a pris la ville de Los Angeles pour terrain de chasse !",35000000,57120318,108,"Science-Fiction, Action, Thriller",en,"",https://image.tmdb.org/t/p/w500/40hVOA8hljQI2aUDyuJxla1syDC.jpg,https://image.tmdb.org/t/p/w1280/7PoWlbQg7ZxgwofFRrkytvpLvJD.jpg,Action
447365,Les Gardiens de la Galaxie : Volume 3,2023-05-03,13.4755,7.932,"Peter Quill, encore sous le choc d'une terrible perte, doit rallier son équipe et se lancer dans une mission risquée et palpitante pour défendre l'univers et protéger Rocket. Pendant ce temps, une nouvelle force imprévisible menace de faire tomber les Gardiens pour de bon.",250000000,845550000,149,"Science-Fiction, Aventure, Action",en,https://www.disney.fr/films/les-gardiens-de-la-galaxie-volume-3,https://image.tmdb.org/t/p/w500/dnyQnKSSqQ8aOEMiE5hYDNJO4dE.jpg,https://image.tmdb.org/t/p/w1280/5YZbUmjbMa3ClvSW1Wj3D6XGolb.jpg,Action
558449,Gladiator II,2024-11-13,13.2329,6.651,"Des années après avoir assisté à la mort du héros vénéré Maximus aux mains de son oncle, Lucius est forcé d'entrer dans le Colisée lorsque son pays est conquis par les empereurs tyranniques qui gouvernent désormais Rome d'une main de fer. La rage au cœur et l'avenir de l'Empire en jeu, Lucius doit se tourner vers son passé pour trouver la force et l'honneur de rendre la gloire de Rome à son peuple.",310000000,462180717,148,"Action, Aventure, Drame",en,"",https://image.tmdb.org/t/p/w500/sUnGXbEdXlgHlK3EkmB5w2NiLlc.jpg,https://image.tmdb.org/t/p/w1280/euYIwmwkmz95mnXvufEmbL6ovhZ.jpg,Action
177572,Les Nouveaux Héros,2014-10-24,13.6869,7.727,"Un génie de la robotique nommé Hiro Hamada, se retrouve embarqué dans un complot criminel qui menace de détruire la paisible ville high-tech de San Fransokyo. Avec l’aide d’un de ses plus proche compagnon – un robot nommé Baymax –, Hiro s’associe à une équipe de jeunes amateurs qui s’est donnée pour mission de sauver la population.",165000000,657870525,105,"Aventure, Familial, Animation, Action, Comédie",en,"",https://image.tmdb.org/t/p/w500/wu361kPckigxzW19qtUbpCDzg0f.jpg,https://image.tmdb.org/t/p/w1280/4s2d3xdyqotiVNHTlTlJjrr3q0H.jpg,Action
866398,The Beekeeper,2024-01-08,12.9157,7.274,La quête brutale de vengeance d’un homme prend des proportions démesurées alors que son passé d’agent secret d’une puissante organisation clandestine connue sous le nom des Apiculteurs est révélé.,35000000,152720535,105,"Action, Crime, Thriller",en,"",https://image.tmdb.org/t/p/w500/oJWHzabe1QxgomK4gaEDhITvxcM.jpg,https://image.tmdb.org/t/p/w1280/4MCKNAc6AbWjEsM2h9Xc29owo4z.jpg,Action
324544,In the Lost Lands,2025-02-27,12.7665,6.413,"Une reine pactise avec la puissante et redoutée sorcière Gray Alys afin qu’elle lui rapporte un trésor capable de lui conférer un pouvoir immense. Alys et son guide, le vagabond Boyce, doivent s’aventurer dans les dangereuses Contrées Perdues. Là, ils devront déjouer et combattre hommes et démons pour honorer leur part du contrat…",55000000,4755330,101,"Action, Fantastique, Western",en,https://www.inthelostlands.com/,https://image.tmdb.org/t/p/w500/wKO67hBgdbdEhZWWnL5xmHw3wAN.jpg,https://image.tmdb.org/t/p/w1280/jb7yM17VZvDqUJVS4JR77EOfgEM.jpg,Action
575264,Mission : Impossible - Dead Reckoning Partie 1,2023-07-08,13.4021,7.516,"Ethan Hunt et son équipe de Mission Impossible se lancent dans leur mission la plus périlleuse à ce jour : traquer une effroyable nouvelle arme avant que celle-ci ne tombe entre de mauvaises mains et menace l’humanité entière. Le contrôle du futur et le destin du monde sont en jeu. Alors que les forces obscures de son passé ressurgissent, Ethan s’engage dans une course mortelle autour du globe. Confronté à un puissant et énigmatique ennemi, Ethan réalise que rien ne peut se placer au-dessus de sa mission, pas même la vie de ceux qu’il aime.",291000000,571125435,163,"Action, Thriller",en,https://www.missionimpossible-lefilm.fr,https://image.tmdb.org/t/p/w500/bdYbHxECXsN169pVrTz2TobFqXb.jpg,https://image.tmdb.org/t/p/w1280/x1ZKRyvB7QAXfYVgf5mUJzjPqfH.jpg,Action
414419,Kill Bill : The Whole Bloody Affair,2011-03-27,12.5721,8.019,"Kill Bill : The Whole Bloody Affair est une édition complète des deux films d'action d'arts martiaux Kill Bill : Volume 1 et Kill Bill : Volume 2. Le film était à l'origine prévu pour être publié comme une seule partie. Toutefois, en raison de la durée du film plus de 4 heures, il a été divisé en deux parties.",55000000,1470000,247,"Action, Crime",en,"",https://image.tmdb.org/t/p/w500/lRQHS8x9ofDPVx9gjq6sGAfERkf.jpg,https://image.tmdb.org/t/p/w1280/ljFbfNmnJtU4gYXJnPSLDiVhBLu.jpg,Action
218,Terminator,1984-10-26,12.9583,7.674,"À Los Angeles en 1984, un Terminator, cyborg surgi du futur, a pour mission d'exécuter Sarah Connor, une jeune femme dont l'enfant à naître doit sauver l'humanité. Kyle Reese, un résistant humain, débarque lui aussi pour combattre le robot, et aider la jeune femme…",6400000,78371200,108,"Action, Thriller, Science-Fiction",en,"",https://image.tmdb.org/t/p/w500/oShNrYScpLBi4pyOjytPy9BerRr.jpg,https://image.tmdb.org/t/p/w1280/ffdqHMWkh1h9MABwIfbfRJhgFW6.jpg,Action
1396965,Détective Conan : La Mémoire retrouvée,2025-04-18,11.2552,7.5,"À Tokyo, Conan assiste impuissant à l’assassinat d’un ancien collègue de Kogorô. Déterminé à venger son ami en débusquant le meurtrier, ce dernier remonte une piste qui le conduit aux montagnes enneigées de Nagano. Sur place, il fera équipe avec Kansuke Yamato qui a lui-même été gravement blessé lors d’une avalanche 10 mois plus tôt. Or ses souvenirs perdus pourraient bien fournir la clef pour résoudre l’enquête.",0,153493995,110,"Animation, Action, Mystère, Crime",ja,"",https://image.tmdb.org/t/p/w500/cShSrMVsjv5Y81JBUghyhz8AnqA.jpg,https://image.tmdb.org/t/p/w1280/zjKsqMASzGLh21C2GT1fuaa9mDP.jpg,Action
457064,Polícia Federal: A Lei é Para Todos,2017-09-07,10.8595,7.045,"",0,0,107,"Action, Thriller, Crime",pt,"",https://image.tmdb.org/t/p/w500/lYOBHagDwOv66TUzRy265qSWwTP.jpg,https://image.tmdb.org/t/p/w1280/cNO77lEXZx2NlMyqItmxhp5UNSC.jpg,Action
1003596,Avengers: Doomsday,2026-12-17,11.869,0.0,Un prochain film de la phase 6 du Marvel Cinematic Universe et une part de la Saga du multivers.,0,0,0,"Science-Fiction, Action",en,"",https://image.tmdb.org/t/p/w500/6eB2oh1SplddsZYCdayrIdrIGLd.jpg,https://image.tmdb.org/t/p/w1280/s4EPSbpbnf20oWq64lKRn28Yx7J.jpg,Action
111,Scarface,1983-12-09,13.5284,8.158,"En 1980, le gouvernement cubain expulse plusieurs centaines de prisonniers dangereux vers la Floride. Parmi eux, Tony Montana : ambitieux et sans scrupules, il élabore un plan pour prendre la place d'un caïd de la drogue.",25000000,66023329,165,"Action, Crime, Drame",en,"",https://image.tmdb.org/t/p/w500/eGctboDIdxBSxZIcF8iLc8gebd5.jpg,https://image.tmdb.org/t/p/w1280/sctvs9cUwJD15qlTlrsh2BXsK75.jpg,Action
228150,Fury,2014-10-15,14.1329,7.541,"Avril 1945. Les Alliés mènent leur ultime offensive en Europe. À bord d’un tank Sherman, le sergent Wardaddy et ses 4 hommes s’engagent dans une mission à très haut risque bien au-delà des lignes ennemies. Face à un adversaire dont le nombre et la puissance de feu les dépassent, Wardaddy et son équipage vont devoir tout tenter pour frapper l’Allemagne nazie en plein cœur…",68000000,211817906,134,"Guerre, Drame, Action",en,"",https://image.tmdb.org/t/p/w500/7V05gBGiE5LCTKzylIva2nG3JVW.jpg,https://image.tmdb.org/t/p/w1280/95ckrV6wQgbffurAVmETQ5YKASL.jpg,Action
271110,Captain America : Civil War,2016-04-27,12.5945,7.448,"Steve Rogers est désormais à la tête des Avengers, dont la mission est de protéger l’humanité. À la suite d’une de leurs interventions qui a causé d’importants dégâts collatéraux, le gouvernement décide de mettre en place un organisme de commandement et de supervision. Cette nouvelle donne provoque une scission au sein de l’équipe : Steve Rogers reste attaché à sa liberté de s’engager sans ingérence gouvernementale, tandis que d’autres se rangent derrière Tony Stark, qui contre toute attente, décide de se soumettre au gouvernement…",250000000,1155046416,148,"Aventure, Action, Science-Fiction",en,"",https://image.tmdb.org/t/p/w500/py8Js6LEl10XhUjkoOj6UGRrSFp.jpg,https://image.tmdb.org/t/p/w1280/kvRT3GwcnqGHzPjXIVrVPhUix7Z.jpg,Action
9502,Kung Fu Panda,2008-06-04,11.58,7.31,"Passionné, costaud et quelque peu maladroit, Po est sans conteste le plus grand fan de kung‐fu. Serveur dans le restaurant de nouilles de son père, son habileté reste encore à prouver. Élu pour accomplir une ancienne prophétie, Po rejoint le monde du kung‐fu afin d'apprendre les arts martiaux auprès de ses idoles, les légendaires Cinq Cyclones : Tigresse, Grue, Mante, Vipère et Singe, sous les ordres de leur professeur et entraîneur, Maître Shifu. Mais Taï Lung, le léopard des neiges fourbe et animé d'un désir de vengeance, approche à grands pas, et c'est Po qui sera chargé de défendre la vallée face à cette menace grandissante.",130000000,632091832,82,"Animation, Familial, Comédie, Action, Aventure",en,http://www.kungfupanda.com/,https://image.tmdb.org/t/p/w500/pxZNY88UWH0uic83QHBSh2yFEYL.jpg,https://image.tmdb.org/t/p/w1280/qdthf9WrRDSaIkGVQGhhJ9pz1hn.jpg,Action
307344,శివమ్,2015-10-02,11.492,4.75,"",0,0,148,"Action, Comédie, Romance",te,"",https://image.tmdb.org/t/p/w500/ulChVthJVkvmqVbiHlnCFZ8yjBp.jpg,"",Action
9056,Police Story,1985-12-14,6.9876,7.528,"L'inspecteur Chan se voit confier la protection d'une femme, petite amie d'un parrain de la mafia que Chan essaye de mettre sous les verrous depuis plusieurs mois. En moins de 48h, il va devoir faire face à cette mission, à sa fiancée qui le croit infidèle et à la horde de mafieux qui veut le mettre hors-circuit.",500000,18724000,100,"Action, Crime, Comédie",cn,"",https://image.tmdb.org/t/p/w500/zZYk5lyQXPEcuvJIMfXZp6lvYb5.jpg,https://image.tmdb.org/t/p/w1280/eYDAnSidN4rIEuneS5gEJkTyk3l.jpg,Action
1241436,Warfare,2025-04-09,12.1231,7.122,"2006 pendant la Guerre d’Irak. Un peloton de Navy SEALs américains est en planque dans la maison d’une famille irakienne pour une mission dangereuse à Ramadi. Avec des snipers, les militaires surveillent tous les mouvements de « l’ennemi » dans les moindres détails mais ils ne peuvent empêcher une embuscade. Une pluie de balles va causer de graves blessures et la mission se retrouve complètement bouleversée. Tandis que les militaires mettent tout en œuvre pour sauver les blessés en attendant désespérément d’être secourus, leur situation est de plus en plus désespérée. Combien de temps pourront-ils encore tenir ?",20000000,33649631,95,"Guerre, Action",en,"",https://image.tmdb.org/t/p/w500/yNGwVuIuhTAKIYr3hj0ZzZWknH0.jpg,https://image.tmdb.org/t/p/w1280/cJvUJEEQ86LSjl4gFLkYpdCJC96.jpg,Action
299534,Avengers : Endgame,2019-04-24,14.7068,8.237,"Après leur défaite face au Titan Thanos qui dans le film précédent s'est approprié toutes les pierres du Gant de l'infini, les Avengers et les Gardiens de la Galaxie ayant survécu à son claquement de doigts qui a pulvérisé « la moitié de toute forme de vie dans l'Univers », Captain America, Thor, Bruce Banner, Natasha Romanoff, War Machine, Tony Stark, Nébula et Rocket, vont essayer de trouver une solution pour ramener leurs coéquipiers disparus et vaincre Thanos en se faisant aider par Ronin alias Clint Barton, Captain Marvel et Ant-Man.",356000000,2799439100,181,"Aventure, Science-Fiction, Action",en,"",https://image.tmdb.org/t/p/w500/wF7jv3x51hXgkl7t5KHePuRjXc8.jpg,https://image.tmdb.org/t/p/w1280/9wXPKruA6bWYk2co5ix6fH59Qr8.jpg,Action
1734,Le Retour de la momie,2001-05-04,12.0508,6.388,"En 1935, Rick O’Connell et sa femme Evelyn mènent une vie paisible à Londres avec Alex, leur fils talentueux. Mais une nouvelle catastrophe se prépare dans les profondeurs du désert saharien. Six mille ans avant notre ère, le roi Scorpion, fit un pacte avec le dieu Anubis, qu’il trahit. Damné pour l’éternité, il est sur le point de sortir des limbes et de lever l’armée d’Anubis pour dévaster la planète. Une secte mystérieuse et avide de pouvoir menée par le diabolique Lock Nah et la séduisante Meela, ramènent à la vie la seule créature capable de faire face au roi Scorpion : le grand prêtre Imhotep, condamné depuis trois mille ans à errer comme un mort‐vivant pour avoir séduit la favorite du Pharaon. Sa momie est entreposée dans une salle secrète du British Museum. Ardeth Bay, chef militaire des Medja, implore O’Connell d’empêcher ce forfait aux conséquences désastreuses.",98000000,443280904,129,"Aventure, Action, Fantastique",en,"",https://image.tmdb.org/t/p/w500/lpoNz4jcuRGki78ucF0et4Uy3vB.jpg,https://image.tmdb.org/t/p/w1280/7s7WkAFPBsMTprYMbqbgKoppQsR.jpg,Action
436969,The Suicide Squad,2021-07-28,11.9178,7.478,"Bienvenue en enfer - aka Belle Reve, la prison dotée du taux de mortalité le plus élevé des États-Unis d'Amérique. Là où sont détenus les pires super-vilains, qui feront tout pour en sortir - y compris rejoindre la super secrète et la super louche Task Force X. La mission mortelle du jour ? Assemblez une belle collection d'escrocs, et notamment Bloodsport, Peacemaker, Captain Boomerang, Ratcatcher 2, Savant, King Shark, Blackguard, Javelin et la psychopathe préférée de tous : Harley Quinn. Armez-les lourdement et jetez-les (littéralement) sur l'île lointaine et bourrée d'ennemis de Corto Maltese. Traversant une jungle qui grouille d'adversaires et de guerilleros à chaque tournant, l'Escouade est lancée dans une mission de recherche et de destruction, avec le seul Colonel Rick Flag pour les encadrer sur le terrain et la technologie du gouvernement dans leurs oreilles, afin qu'Amanda Waller puisse suivre le moindre de leurs mouvements.",185000000,168717425,132,"Action, Comédie, Aventure",en,"",https://image.tmdb.org/t/p/w500/3c8y65VwyFp3pcNtOsrdOoWm8Um.jpg,https://image.tmdb.org/t/p/w1280/jlGmlFOcfo8n5tURmhC7YVd4Iyy.jpg,Action
34851,Predators,2010-07-07,11.2966,6.296,"Royce, un mercenaire, se retrouve obligé de mener un groupe de combattants d’élite sur une planète étrangère. Ils vont vite comprendre qu’ils ont été rassemblés pour servir de gibier. À une exception près, tous sont des tueurs implacables – des mercenaires, des yakuzas, des condamnés, des membres d’escadrons de la mort ; des « prédateurs » humains qui sont à présent systématiquement traqués et éliminés par une nouvelle génération de Predators extraterrestres. Voici l’affrontement sans pitié de tueurs absolus…",40000000,127200000,107,"Science-Fiction, Action, Thriller",en,"",https://image.tmdb.org/t/p/w500/qrW8Y3FyxtntpZBi7RmL5NSvf2j.jpg,https://image.tmdb.org/t/p/w1280/yVSgw4UyXWg0Edl7KMehdhhgIwL.jpg,Action
545611,Everything Everywhere All at Once,2022-03-24,11.9318,7.7,"Evelyn Wang est à bout : elle ne comprend plus sa famille, son travail et croule sous les impôts… Soudain, elle se retrouve plongée dans le multivers, des mondes parallèles où elle explore toutes les vies qu’elle aurait pu mener. Face à des forces obscures, elle seule peut sauver le monde mais aussi préserver la chose la plus précieuse : sa famille.",25000000,139200000,139,"Action, Aventure, Science-Fiction",en,"",https://image.tmdb.org/t/p/w500/qHy7BlA1I3iUEIGp7atsMjSNJSK.jpg,https://image.tmdb.org/t/p/w1280/ss0Os3uWJfQAENILHZUdX8Tt1OC.jpg,Action
858485,Kantara,2022-09-30,9.7217,7.161,"Dans les années 1800, un roi échange ses terres forestières à un demi-dieu pour avoir la paix de l'esprit. Le demi-dieu donne les terres aux tribus et prévient le roi que si lui ou ses descendants cherchent à les récupérer, les conséquences seront désastreuses. En 1990, un conflit éclate entre le gouvernement, les propriétaires terriens, les descendants et les tribus au sujet de la propriété des forêts. Le mythe et la réalité se confondent pour aboutir à une résolution enthousiasmante.",1960000,60447800,147,"Action, Drame, Thriller",kn,"",https://image.tmdb.org/t/p/w500/jIsKmkxMzdCZ0Ux1GVSnu8m6Na6.jpg,https://image.tmdb.org/t/p/w1280/kXElm7wt2kAXEVwJqW4cFhP43nW.jpg,Action
1185528,La Légende des Héros du Condor,2025-01-29,11.5574,6.9,"La redoutable armée mongole, menée par Gengis Khan, se met en marche vers la Chine avec pour objectif d’anéantir la dynastie Jun à l’ouest et la dynastie Song au sud. Les puissants maîtres d'arts martiaux de plusieurs écoles vont unir leurs forces pour leur faire face et devenir des héros nationaux.",0,81550000,146,"Action, Drame, Histoire",zh,"",https://image.tmdb.org/t/p/w500/62cOJG4fgsvdSd3d389w59orMuU.jpg,https://image.tmdb.org/t/p/w1280/1DTIRhw4cpLJlHlrPPbKzq6amHc.jpg,Action
24,Kill Bill : Volume 1,2003-10-10,11.7752,7.969,"Au cours d'un mariage, un commando armé massacre l'assistance, laissant pour morte la Mariée et l'enfant qu'elle porte. Après 4 ans de coma, la Mariée se lance à la poursuite des assassins, membres du clan de Bill, au sein duquel, sous le pseudonyme de Black Mamba, elle exerça elle-même autrefois ses talents de redoutable tueuse…",30000000,180906076,110,"Action, Crime",en,https://test.miramax.com/movie/kill-bill-volume-i/,https://image.tmdb.org/t/p/w500/udRaQKzT0LG4iQFxHLaYjno9uAT.jpg,https://image.tmdb.org/t/p/w1280/p3WiF8qYS7Qp17YRYgrFh7gf9P9.jpg,Action
1151334,Wild Speed Girl,2025-08-21,11.1717,6.365,"L'histoire d'une femme qui, après avoir travaillé comme chauffeuse pour des criminels quand elle était adolescente, se retrouve forcée de replonger dans son passé lorsqu'un ancien employeur lui propose un marché  pour sauver la vie de son ex, aussi instable qu’imprévisible.",50000000,0,106,"Thriller, Action, Comédie",en,"",https://image.tmdb.org/t/p/w500/eSN5r6voacmO6yetv2ciBpaFCOe.jpg,https://image.tmdb.org/t/p/w1280/8jeDyvFQKgss36FbGAmGQVzPXlH.jpg,Action
82702,Dragons 2,2014-06-05,17.9055,7.677,"Tandis qu’Astrid, Rustik et le reste de la bande se défient durant des courses sportives de dragons devenues populaires sur l’île, notre duo désormais inséparable parcourt les cieux, à la découverte de territoires inconnus et de nouveaux mondes. Au cours de l’une de leurs aventures, ils découvrent une grotte secrète qui abrite des centaines de dragons sauvages, dont le mystérieux Dragon Rider. Les deux amis se retrouvent alors au centre d’une lutte visant à maintenir la paix. Harold et Krokmou vont se battre pour défendre leurs valeurs et préserver le destin des hommes et des dragons.",145000000,621537519,85,"Fantastique, Action, Aventure, Animation, Comédie, Familial",en,"",https://image.tmdb.org/t/p/w500/q6UtQBNwyfRa5WDQqQOnvwsPOB2.jpg,https://image.tmdb.org/t/p/w1280/5MnP0h7RcUCeX7gpxMYoMScmfq7.jpg,Action
507086,Jurassic World : Le Monde d’après,2022-06-01,11.9151,6.6,"Quatre ans après la destruction de Isla Nublar, les dinosaures font désormais partie du quotidien de l’humanité. Maintenant qu’elle doit partager son espace vital avec les créatures les plus féroces que l’histoire ait jamais connues, un fragile équilibre va remettre en question sa domination.",583900000,1004004592,146,"Aventure, Action, Science-Fiction",en,https://www.universalpictures.fr/micro/jurassic-world-dominion,https://image.tmdb.org/t/p/w500/lfx3ilYMmvtnsSXikHGoJcSkUTs.jpg,https://image.tmdb.org/t/p/w1280/9eAn20y26wtB3aet7w9lHjuSgZ3.jpg,Action
1087891,The Amateur,2025-04-09,12.0543,6.971,"Charlie Heller est un cryptographe génial mais introverti. Il travaille pour la CIA, dans le sous-sol de son quartier général à Langley. Sa vie est bouleversée quand sa femme est tuée lors d'une attaque terroriste à Londres. Ses superviseurs refusent d'agir. Il décide donc de prendre les choses en main et parcourt le monde à la recherche des responsables de l'attentat. Son intelligence est son arme ultime, elle lui permet d'échapper à ses poursuivants et d'accomplir sa vengeance.",60000000,95956038,123,"Thriller, Action",en,"",https://image.tmdb.org/t/p/w500/gIG2bPJ0E5rxvPWUTpEjw1NE3Su.jpg,https://image.tmdb.org/t/p/w1280/aD7FXrm2GErTmzrIFBntPyhAqS9.jpg,Action
11231,Miss Karaté Kid,1994-07-18,11.667,5.391,"Julie, une adolescente mal dans sa peau, est entraînée dans un voyage initiatique par son professeur de karaté, M. Miyagi qui paie ainsi sa dette envers le grand-père de Julie, qui lui a sauvé la vie pendant la Deuxième Guerre mondiale.",12000000,15876353,90,"Action, Drame, Familial, Aventure",en,"",https://image.tmdb.org/t/p/w500/6JIWXcByfJD3wXVY60CfOvy5gDe.jpg,https://image.tmdb.org/t/p/w1280/kgqgbPB2snzVlkMkQjYAvmF1hkc.jpg,Action
763215,La Demoiselle et le dragon,2024-03-07,10.487,6.993,"Une jeune femme docile accepte d'épouser un beau prince et réalise que la famille royale a choisi de la sacrifier en remboursement d'une dette ancienne. Jetée dans une grotte abritant un dragon cracheur de feu, elle ne pourra compter que sur son intelligence et sur son courage pour survivre.",60000000,5000,110,"Fantastique, Action, Aventure",en,https://www.netflix.com/fr/title/80991090,https://image.tmdb.org/t/p/w500/fP9OIOzJFPRLBkNfHyPGPf6wmfx.jpg,https://image.tmdb.org/t/p/w1280/deLWkOLZmBNkm8p16igfapQyqeq.jpg,Action
8681,Taken,2008-02-18,11.6528,7.399,"Que peut-on imaginer de pire pour un père que d'assister impuissant à l'enlèvement de sa fille via un téléphone portable ? C'est le cauchemar vécu par Bryan, ancien agent des services secrets américains, qui n'a que quelques heures pour arracher Kim des mains d'un redoutable gang spécialisé dans la traite des femmes. Premier problème à résoudre : il est à Los Angeles, elle vient de se faire enlever à Paris.",25000000,226830568,94,"Action, Thriller",en,http://www.europacorp.com/dossiers/taken/,https://image.tmdb.org/t/p/w500/4h9b8E2C9FdIVKbQRDMwZzpSIjL.jpg,https://image.tmdb.org/t/p/w1280/3DlffV1tXQ0HmYiwUZ1RhTyJxBk.jpg,Action
293991,Riuscirà il nostro eroe a ritrovare il più grande diamante del mondo?,1971-06-23,11.6465,4.5,"",0,0,95,"Crime, Action",it,"",https://image.tmdb.org/t/p/w500/3TcJBEMtAivEMoAq11iYTJf0C4u.jpg,"",Action
559,Spider-Man 3,2007-05-01,11.6402,6.448,"Peter Parker a retrouvé un équilibre de vie et souhaite épouser Mary Jane. Lors d'une nuit au parc, alors que Peter et Mary Jane sont ensemble, une petite météorite tombe près du lieu où ils se trouvent. Celle-ci laisse échapper une matière visqueuse qui s'attache discrètement à la mobylette de Peter. Pendant ce temps, Flint Marko s'échappe de prison. Lors de sa fuite, il tombe dans un accélérateur de particules qui fond son corps avec le sable. Le meilleur ami de Peter, Harry Osborn, veut venger la mort de son père, croyant que Spider-Man est responsable de son décès, il l'attaque.",258000000,894983373,139,"Action, Aventure, Science-Fiction",en,"",https://image.tmdb.org/t/p/w500/hPkfodeYB0ZqBjxaynsEdXl0bbR.jpg,https://image.tmdb.org/t/p/w1280/w1oD1MzHjnBJc5snKupIQaSBLIh.jpg,Action
1326106,Kaiju No. 8: Mission Recon,2025-03-28,11.5967,7.9,"Le Japon est infesté de kaiju, et le travail de Kafka Hibino consiste à se débarrasser de leurs carcasses. Pendant ce temps, son amie d’enfance, Mina Ashiro, grimpe les échelons dans les Forces de Défense anti-kaiju. Kafka avait abandonné l’idée de les intégrer, mais décide finalement de retenter sa chance pour se rapprocher de Mina. Un seul bémol : il devient subitement le puissant Kaiju No. 8 ! Avec la complicité de Reno Ichikawa, son jeune collègue, Kafka dissimule sa transformation et passe le concours d’entrée des Forces, dans le but de réaliser son rêve de petit garçon et de se tenir aux côtés de Mina. Lorsqu’un mystérieux kaiju doté de raison attaque la base où a lieu l’épreuve, il va devoir faire un choix cornélien dans une situation critique…",0,0,110,"Animation, Action, Science-Fiction",ja,"",https://image.tmdb.org/t/p/w500/7rqntwn4D6TIrw8TOcxAG6IMKsI.jpg,https://image.tmdb.org/t/p/w1280/iZ0ZSnhmHB3k1KDkDzEz65f5iia.jpg,Action
11937,Les Dieux sont tombés sur la tête 2,1989-07-01,11.5967,7.1,"Cette fois ce n'est pas une bouteille de Coca-Cola qui tombe sur la tête de Xixo mais une avocate new-yorkaise dont l'ULM, piloté par un garde-chasse, s'est pris dans les branches d'un baobab. Tel est le point de départ d'une nouvelle aventure au pays des boschimans.",7500000,9600000,98,"Action, Comédie",en,"",https://image.tmdb.org/t/p/w500/9kF8FP5pGDMrc3kGNUfHfhqrBfl.jpg,https://image.tmdb.org/t/p/w1280/y64wCtYwQe4KIUK8m9JgLVK20sj.jpg,Action
1109086,War 2,2025-08-13,12.5671,5.644,"",47000000,3096145,173,"Action, Aventure, Thriller",hi,"",https://image.tmdb.org/t/p/w500/j8Gl3S4L7LE8GIF1J1phZ2Cbo72.jpg,https://image.tmdb.org/t/p/w1280/pKIRUTnwY3YYU9urSdsuobdcliP.jpg,Action
635302,Demon Slayer : Kimetsu no Yaiba - Le film : Le train de l'Infini,2020-10-16,11.4093,8.211,"Le groupe de Tanjirô a terminé son entraînement de récupération au domaine des papillons et embarque à présent en vue de sa prochaine mission à bord du train de l'infini, d'où quarante personnes ont disparu en peu de temps. Tanjirô et Nezuko, accompagnés de Zen'itsu et Inosuke, s'allient à l'un des plus puissants épéistes de l'armée des pourfendeurs de démons, le Pilier de la Flamme Kyôjurô Rengoku, afin de contrer le démon qui a engagé le train de l'Infini sur une voie funeste.",15700000,523542183,117,"Animation, Action, Fantastique",ja,"",https://image.tmdb.org/t/p/w500/t3BCcQNhUAP5l93TbOfp3Hk1v2S.jpg,https://image.tmdb.org/t/p/w1280/xPpXYnCWfjkt3zzE0dpCNME1pXF.jpg,Action
396535,Dernier train pour Busan,2016-07-20,12.0688,7.748,"Tandis qu'un virus qui transforme tous les êtres vivants en zombies ravage la Corée du Sud, un père et sa fille tentent de survivre dans le dernier train pour Busan, l'unique ville à n'avoir pas encore été contaminée.",8500000,87547518,118,"Horreur, Thriller, Action, Aventure",ko,"",https://image.tmdb.org/t/p/w500/9FiRluXOwGJZhb1BPSvJYO7SB7y.jpg,https://image.tmdb.org/t/p/w1280/fVpFOcQyHJM2di9upgSIwWD5wac.jpg,Action
1930,The Amazing Spider-Man,2012-06-23,11.4878,6.724,"Abandonné par ses parents lorsqu’il était enfant, Peter Parker a été élevé par son oncle Ben et sa tante May. Il est aujourd’hui au lycée, mais il a du mal à s’intégrer. Comme la plupart des adolescents de son âge, Peter essaie de comprendre qui il est et d’accepter son parcours. Amoureux pour la première fois, lui et Gwen Stacy découvrent les sentiments, l’engagement et les secrets. En retrouvant une mystérieuse mallette ayant appartenu à son père, Peter entame une quête pour élucider la disparition de ses parents, ce qui le conduit rapidement à Oscorp et au laboratoire du docteur Curt Connors, l’ancien associé de son père. Spider-Man va bientôt se retrouver face au Lézard, l’alter ego de Connors. En décidant d’utiliser ses pouvoirs, il va choisir son destin…",215000000,757930663,137,"Action, Aventure, Science-Fiction",en,"",https://image.tmdb.org/t/p/w500/gsIkMf1VErbF0xtrgXEZXqLgsBG.jpg,https://image.tmdb.org/t/p/w1280/HVcza6tJtWFrLriuh3Ano4Vt46.jpg,Action
49026,The Dark Knight Rises,2012-07-17,13.8884,7.789,"Afin que l'image de l'ex-procureur Harvey Dent reste un modèle du genre pour les citoyens de Gotham City, Batman a endossé les crimes de ce dernier et a été chassé de la ville par les autorités.  Huit ans plus tard, alors que Gotham City est de nouveau sûre, le commissaire Gordon tombe sur un complot qui vise à détruire la ville de l'intérieur.  Il fait appel à Batman. Ce dernier devra faire face à la mystérieuse Selina Kyle et à Bane, un adversaire mortel, qui veut mettre en pièce le symbole Batman.",250000000,1081041287,164,"Action, Crime, Drame, Thriller",en,"",https://image.tmdb.org/t/p/w500/ApcGBERN0p9I0nDOIwJeEmpnLU5.jpg,https://image.tmdb.org/t/p/w1280/y2DB71C4nyIdMrANijz8mzvQtk6.jpg,Action
324857,Spider-Man : New Generation,2018-12-06,12.3189,8.4,"Spider-Man : New Generation suit les aventures de Miles Morales, un adolescent afro-américain et portoricain qui vit à Brooklyn et s’efforce de s’intégrer dans son nouveau collège à Manhattan. Mais la vie de Miles se complique quand il se fait mordre par une araignée radioactive et se découvre des super-pouvoirs : il est désormais capable d’empoisonner ses adversaires, de se camoufler, de coller littéralement aux murs et aux plafonds ; son ouïe est démultipliée... Dans le même temps, le plus redoutable cerveau criminel de la ville, le Caïd, a mis au point un accélérateur de particules nucléaires capable d’ouvrir un portail sur d’autres univers. Son invention va provoquer l’arrivée de plusieurs autres versions de Spider-Man dans le monde de Miles, dont un Peter Parker plus âgé, Spider-Gwen, Spider-Man Noir, Spider-Cochon et Peni Parker, venue d’un dessin animé japonais.",90000000,393602435,117,"Animation, Action, Aventure, Science-Fiction",en,"",https://image.tmdb.org/t/p/w500/7uPGS5CgvIjDcFUhw9HB9qYeDXf.jpg,https://image.tmdb.org/t/p/w1280/8mnXR9rey5uQ08rZAvzojKWbDQS.jpg,Action
9387,Conan le barbare,1982-03-16,11.3466,6.808,"Encore enfant, Conan assiste impuissant au massacre de ses parents par le cruel Thulsa Doom, et est réduit en esclavage. Enchaîné à la roue de douleur, il y acquiert une musculature peu commune qui lui permet, adulte, de gagner sa liberté comme lutteur. Désireux d’assouvir sa soif de vengeance, il part accompagné de deux voleurs, Subotai et Valeria, à la recherche de Thulsa Doom…",20000000,73951475,129,"Aventure, Fantastique, Action",en,"",https://image.tmdb.org/t/p/w500/qwnXGJCAMYrJ4KZo5d5zgCeMEjc.jpg,https://image.tmdb.org/t/p/w1280/6cYPpzjHcxcSaXEQc8s3sMbcfZS.jpg,Action
1084242,Zootopie 2,2025-11-26,416.1259,7.671,"Judy Hopps et Nick Wilde, après avoir résolu la plus grande affaire criminelle de l'histoire de Zootopie, découvrent que leur collaboration n'est pas aussi solide qu'ils le pensaient lorsque le chef Bogo leur ordonne de participer à un programme de thérapie réservé aux coéquipiers en crise. Leur partenariat sera même soumis à rude épreuve lorsqu'ils devront éclaircir - sous couverture et dans des quartiers inconnus de la ville - un nouveau mystère et s'engager sur la piste sinueuse d'un serpent venimeux fraîchement arrivé dans la cité animale...",150000000,938415739,108,"Animation, Comédie, Aventure, Familial, Mystère",en,https://www.disney.fr/films/zootopie-2,https://image.tmdb.org/t/p/w500/qq6MfHFDvBEzHhkE0Q5ozbkbde4.jpg,https://image.tmdb.org/t/p/w1280/5h2EsPKNDdB3MAtOk9MB9Ycg9Rz.jpg,Comédie
269149,Zootopie,2016-02-11,111.0115,7.8,"Avec ses quartiers comme la très chic Place du Sahara ou le glacial Toundraville, la métropole Zootopie, où ne vivent que des mammifères, est un melting pot où toutes les espèces cohabitent. Qu’on soit un énorme éléphant ou une minuscule musaraigne, tout le monde y a sa place. Mais quand l’optimiste agent Judy Hopps arrive en ville, elle découvre qu’être le premier lapin dans la police, au milieu d'animaux costauds, n’est pas si simple. Pour faire ses preuves, elle décide de résoudre une enquête, même si pour cela, elle doit faire équipe avec Nick Wilde, un renard beau parleur et roi de l’arnaque. Certaines séquences ou certains motifs lumineux clignotants sont susceptibles d'affecter les téléspectateurs photosensibles.",150000000,1025521689,109,"Animation, Aventure, Familial, Comédie",en,https://www.disney.fr/films/zootopie,https://image.tmdb.org/t/p/w500/xEx4dHi2IrTB0vkVPccrGrMcZQW.jpg,https://image.tmdb.org/t/p/w1280/9tOkjBEiiGcaClgJFtwocStZvIT.jpg,Comédie
1069905,Jay Kelly,2025-11-14,96.4685,5.913,"Suit le célèbre acteur de cinéma Jay Kelly qui, flanqué de son dévoué manager Ron, se voit contraint de regarder sa vie en face au long d'un voyage introspectif. Poignant et plein d'humour, épique et intime, \"Jay Kelly\" se situe au croisement des regrets et des moments glorieux de l'existence.",0,0,132,"Drame, Comédie",en,https://www.netflix.com/fr/title/81551446,https://image.tmdb.org/t/p/w500/jZpWRGiT2z2a4PehLpaW5I5BLpz.jpg,https://image.tmdb.org/t/p/w1280/wR9D9hQvCVBux16NauY4b7letdU.jpg,Comédie
803796,KPop Demon Hunters,2025-06-20,80.0594,8.195,"Quand elles ne remplissent pas les stades, Rumi, Mira et Zoey, superstars de la K-pop, utilisent leurs pouvoirs secrets pour protéger leurs fans de menaces surnaturelles.",100000000,24619953,96,"Fantastique, Musique, Comédie, Animation",en,https://www.netflix.com/fr/title/81498621,https://image.tmdb.org/t/p/w500/6IhKiHwbfUnPqYPuibn5QpKmgHz.jpg,https://image.tmdb.org/t/p/w1280/w3Bi0wygeFQctn6AqFTwhGNXRwL.jpg,Comédie
1261825,"Joyeux Noël, Maman !",2025-12-02,59.654,5.9,"C'est Noël. Claire Clauster est la clef de voûte d'un édifice familial attachant, mais agité. Cette année, elle a prévu une sortie exceptionnelle en famille, mais cette dernière fait la grave erreur de l'oublier seule à la maison. Lassée d'être méprisée, elle part pour une aventure imprévue. Alors que sa famille fait tout pour la retrouver, Claire découvre la magie inattendue d'un Noël improvisé.",0,0,108,Comédie,en,"",https://image.tmdb.org/t/p/w500/gPB1QrMDHwnrxNNPLOHjhp07Pub.jpg,https://image.tmdb.org/t/p/w1280/haAekI7zBtffqILr90DkviTe9fk.jpg,Comédie
1441563,My Secret Santa,2025-12-02,52.8605,6.469,"Une mère célibataire cherche un emploi. Une station de ski cherche un père Noël. Déguisée pour la circonstance, Taylor pourra-t-elle convaincre un bel héritier de l'embaucher ?",0,0,93,"Comédie, Romance",en,https://www.netflix.com/fr/title/81734567,https://image.tmdb.org/t/p/w500/tpOAzBasKPsKwsUtPZOx1Mzuqq3.jpg,https://image.tmdb.org/t/p/w1280/bXZcSDQoyXlzzUw9qxjZjiUSYov.jpg,Comédie
1566269,La première neige de Fraggle Rock,2025-12-04,51.5363,6.7,"Alors que les fêtes réservent leurs surprises et aventures inattendus, les Fraggles apprennent à apprécier chaque jour pour son caractère unique et magique, tel un flocon de neige.",0,0,34,"Familial, Comédie, Animation",en,https://tv.apple.com/fr/movie/umc.cmc.53j5hly8hazx7k256whpn1w64,https://image.tmdb.org/t/p/w500/xBbw7RIQhohmMxt9GKZdYm09TSD.jpg,https://image.tmdb.org/t/p/w1280/h5hCdU9KvcCbBihSNfn3vtML7tV.jpg,Comédie
8871,Le Grinch,2000-11-17,41.6933,6.778,"Prenez garde ! Il est vert… il est méchant… et il déteste Noël ! Le Grinch est une créature aux longs poils, grincheuse, qui vit et épie les Choux, les habitants de Chouville, du haut du Mont Crumpit. Alors que les Choux redoublent d'activité à l'approche du 24 décembre, le Grinch décide de gâcher Noël une bonne fois pour toutes et de voler cadeaux et décorations la veille de la fête… Mais il va finalement apprendre à aimer Noël et découvrir que c'est bien plus que la période où l'on offre des cadeaux.",123000000,345800000,104,"Familial, Comédie, Fantastique",en,"",https://image.tmdb.org/t/p/w500/i0ZZdtaTEyTtGWdhbqjvrfgEt3F.jpg,https://image.tmdb.org/t/p/w1280/sy0vo1cmpKqwPRiMUiJ45jyLsX7.jpg,Comédie
1196207,Noël entre ses mains 2,2025-12-05,41.4765,6.438,"Quand la directrice sans scrupules d'une société de jouets enlève le père Noël, un homme et son fils se donnent pour mission de sauver les fêtes.",0,0,90,"Comédie, Familial",es,"",https://image.tmdb.org/t/p/w500/3i1L5KbGouDGw9fMMjGk0uZgcN0.jpg,https://image.tmdb.org/t/p/w1280/X5N8GliuEHrKBydQnKcztqT7AV.jpg,Comédie
1392796,Le Journal d'un dégonflé : Trop c'est trop,2025-12-04,44.2722,6.9,"La pression monte pour Greg alors qu'il a de plus en plus de mal à satisfaire les attentes démesurées de son père. Après avoir évité plusieurs catastrophes hilarantes, son père pose un ultimatum qui risque de bousculer les habitudes de Greg...",0,0,78,"Animation, Familial, Comédie",en,"",https://image.tmdb.org/t/p/w500/3OPv2LGEGkJqWy4yFOsuXEfOsz9.jpg,https://image.tmdb.org/t/p/w1280/v8tpkxm7AhLu69eaZKJLsNaSL5.jpg,Comédie
203101,High School of the Dead OVA: Drifters of the Dead,2011-04-25,37.6289,7.4,"Takashi et les autres survivants se retrouvent sur l'île de Tokonosu grâce à la barque trouvée sur la rive. Une île paradisiaque à laquelle les zombies ne peuvent pas accéder, dans cette atmosphère de terreur, quoi de mieux ?
 Après avoir trouvé une boutique de maillots de bains inhabitée, la baignade est inévitable pour les femmes, tandis que les hommes, eux, se chargent de trouver à manger !
 Mais durant la cuisson du poisson, une odeur étrange se fait ressentir : de l'hortensia ! Nos héros sont alors pris de violentes hallucinations, et surtout de leurs fantasmes...",0,0,18,"Comédie, Animation, Aventure, Horreur",ja,"",https://image.tmdb.org/t/p/w500/jlRGVYItWkDIJg4OZp9S2g5lKuc.jpg,https://image.tmdb.org/t/p/w1280/1t7BMQiYCXI9YLvuMiGwJpO93Kz.jpg,Comédie
772,"Maman, j'ai encore raté l'avion !",1992-11-15,36.4157,6.8,"Après Paris, c'est à Miami que la tribu McCallister décide de passer les fêtes de Noël. À l'aube du jour J, toute la famille est sur le pied de guerre et file a l'aéroport en prenant bien garde de ne pas oublier Kevin. Mais celui-ci s'éclipse pour acheter des piles pour son walkman, il ne retrouve plus les siens et s'embarque par mégarde pour New York...",18000000,358994850,119,"Comédie, Familial, Aventure",en,"",https://image.tmdb.org/t/p/w500/gFhf8NwvEKCbNIOQZxLqj1i5DMy.jpg,https://image.tmdb.org/t/p/w1280/dGiPJO75b9GmXqxvusbKlcYrDcg.jpg,Comédie
1591771,Zootopia 3,"",35.6453,0.0,"",0,0,0,"Animation, Comédie, Familial",en,"",https://image.tmdb.org/t/p/w500/gramV8L8bzYnd3jHFmf8QKOMW86.jpg,https://image.tmdb.org/t/p/w1280/pwqdccilWJLcQBxX5PNTACP41iK.jpg,Comédie
1242419,Roofman,2025-10-08,31.0686,7.3,"Jeffrey Manchester un vétéran et père en difficulté qui se met à cambrioler des McDonald's en perçant des trous dans leurs toits, ce qui lui vaut le surnom de « Roofman ». Après s'être évadé de prison, il vit secrètement dans un magasin Toys « R » Us pendant six mois, survivant sans être repéré tout en planifiant son prochain coup. Mais lorsqu'il tombe amoureux de Leigh, une mère divorcée, sa double vie commence à s'effondrer.",18000000,28918350,126,"Crime, Comédie, Drame",en,"",https://image.tmdb.org/t/p/w500/hNa3Itt5HUopulpeSlwOSLdLttb.jpg,https://image.tmdb.org/t/p/w1280/2YOnE2qmoyyOUqQsFit12gDSauk.jpg,Comédie
1311379,Los futbolísimos  2 y el misterio del tesoro pirata,2025-08-08,49.8476,6.8,"",0,0,96,"Familial, Mystère, Comédie",es,"",https://image.tmdb.org/t/p/w500/8J6M4gMxvFiQUq2j8eRIfRzAoiN.jpg,https://image.tmdb.org/t/p/w1280/m829vJABXj21CGIIiVhy74BWRim.jpg,Comédie
1022787,Elio,2025-06-18,33.217,7.0,"Elio, un petit garçon à l'imagination débordante, qui se retrouve téléporté par inadvertance dans le Communivers, une organisation interplanétaire composée de représentants des galaxies les plus éloignées. Alors que tout l'univers le considère par erreur comme le chef de la Terre, Elio, loin d'être préparé à ce genre de pression, va devoir tisser de nouveaux liens avec d'étranges formes de vie extraterrestres, survivre à une série d'épreuves redoutables, pour finir par découvrir qui il est véritablement.",150000000,153797125,98,"Familial, Comédie, Aventure, Animation, Science-Fiction",en,"",https://image.tmdb.org/t/p/w500/jaKbruwD7KLlnprsse1zuOm4o2a.jpg,https://image.tmdb.org/t/p/w1280/bvATKuxz9Wu53caHUJ7SP38gFQ3.jpg,Comédie
812583,Wake Up Dead Man : Une histoire à couteaux tirés,2025-11-26,36.7223,7.643,Le détective Benoit Blanc collabore avec un jeune prêtre pour enquêter sur un crime totalement inexplicable perpétré dans l'église d'une petite ville au sombre passé.,210000000,4000000,145,"Comédie, Mystère, Crime",en,https://www.netflix.com/fr/title/81458424,https://image.tmdb.org/t/p/w500/x56yV1MunQDBZp6Rs4Fks3KdeD0.jpg,https://image.tmdb.org/t/p/w1280/c1oFbGc89FVZ4KvAe8riNJ8lPX1.jpg,Comédie
1403735,లైలా,2025-02-14,30.3648,5.2,"",0,0,134,"Comédie, Romance",te,"",https://image.tmdb.org/t/p/w500/l4gsNxFPGpzbq0D6QK1a8vO1lBz.jpg,https://image.tmdb.org/t/p/w1280/vNUwK5P42m81uG57kKI1WxSZwIQ.jpg,Comédie
1548017,La famille McMullen,2025-10-15,30.7788,6.0,"Les déboires amoureux de Barry McMullen, désormais dans la cinquantaine, ainsi que ceux de ses enfants âgés d’une vingtaine d’années, de son frère Patrick et de sa belle-sœur veuve Molly.",0,0,113,"Comédie, Drame",en,"",https://image.tmdb.org/t/p/w500/wmJFkjI05zT5WZXr0hRvBhM7pU6.jpg,https://image.tmdb.org/t/p/w1280/ydizf7MP7vOYK7bnDcqAvhFVYxr.jpg,Comédie
333287,Slow Learners,2015-08-19,13.4173,5.8,"",0,0,96,"Romance, Comédie",en,"",https://image.tmdb.org/t/p/w500/rDxDSABzncDluXgqCQjjMjYej96.jpg,https://image.tmdb.org/t/p/w1280/kXLAvDzYGOI9ldGYVl6iURmXkqQ.jpg,Comédie
1287571,Agak Laen: Menyala Pantiku!,2025-11-27,28.8856,8.5,"",0,0,119,"Comédie, Crime, Drame, Mystère",id,"",https://image.tmdb.org/t/p/w500/nMJqvtrgX6dqZNcNfAJvS5o7wd1.jpg,https://image.tmdb.org/t/p/w1280/AvYsEYnj8h0495UhBYEXqK7hkFo.jpg,Comédie
1237082,31 Minutos: Calurosa Navidad,2025-11-19,25.4481,7.4,"",0,0,91,"Familial, Comédie, Aventure, Musique",es,"",https://image.tmdb.org/t/p/w500/dv9UrOoicRiMGkzr2oj2YwSFY2K.jpg,https://image.tmdb.org/t/p/w1280/3NNoi1GC26017b40g38QBQDZCe5.jpg,Comédie
1218762,Vive le vol d'hiver,2025-11-25,21.6787,6.017,Deux travailleurs en galère font équipe pour braquer un grand magasin des beaux quartiers de Londres la veille de Noël. Se feront-ils voler leur cœur en chemin ?,0,0,96,"Romance, Crime, Comédie",en,https://www.netflix.com/fr/title/81928353,https://image.tmdb.org/t/p/w500/uNn5SWzgeBSVjNDYiRJYH6dRI2G.jpg,https://image.tmdb.org/t/p/w1280/y6PLMIoHOP365rNDflD9VgnoALU.jpg,Comédie
957119,Closer,2025-02-06,27.3775,6.1,"Dallas Bryan est pom-pom girl dans le secondaire. Elle vise une bourse d'études pour une école de danse convoitée et rien - ou personne - ne se mettra en travers de son chemin. Jusqu'à ce que le quarterback vedette du lycée, Drayton Lahey, fasse irruption dans sa vie.",0,2,99,"Comédie, Romance",en,"",https://image.tmdb.org/t/p/w500/122qCjs197rrC1GOntNYBcNyyQc.jpg,https://image.tmdb.org/t/p/w1280/cmT2WYpFBRk4UjQ0P984BoF8Eba.jpg,Comédie
1062421,Sweet Dreams,2024-04-12,26.1171,5.2,"Forcé de faire une cure au centre spécialisé Sweet Dreams, Morris a du mal à affronter sa misérable vie. Mais quand leur maison est mise aux enchères, il accepte à contrecoeur d'entraîner leur équipe de softball de marginaux toxicomanes pour gagner un prix en argent et prouver que quiconque, en dépit de son passé, peut gagner une compétition.",0,0,99,Comédie,en,"",https://image.tmdb.org/t/p/w500/e1TyT5umEoAM2SXQIp7OwNBn7Hv.jpg,https://image.tmdb.org/t/p/w1280/miL1LsOOKGwG7621RPmVPitjW9R.jpg,Comédie
360920,Le Grinch,2018-11-08,27.6214,6.9,"Terré dans sa cave remplie d’inventions et d’engins pour ses besoins de tous les jours, Le Grinch ne voit ses voisins de Chouville que lorsqu’il manque de nourriture. Chaque année à Noël, ils viennent perturber sa tranquillité solitaire avec des célébrations toujours plus grandioses, brillantes et bruyantes. Quand les Chous déclarent qu’ils vont célébrer Noël trois fois plus fort cette année, le Grinch réalise qu’il n’a plus qu’une solution pour retrouver la paix et la tranquillité : il doit voler Noël.",75000000,508600000,105,"Familial, Comédie, Animation",en,"",https://image.tmdb.org/t/p/w500/i5OqdE9T7X02hpXIETzZAOTf2za.jpg,https://image.tmdb.org/t/p/w1280/5lWIYxYEqWi8j3ZloxXntw3ImBo.jpg,Comédie
1429520,Sidelined 2: Intercepted,2025-11-27,26.1473,7.1,"",0,0,100,"Romance, Comédie",en,"",https://image.tmdb.org/t/p/w500/sEIP1pTVXa8BJaYSuVeVG3wFN10.jpg,https://image.tmdb.org/t/p/w1280/iMxWTPRqWJJKVW7KYBlmirSeazw.jpg,Comédie
1241982,Vaiana 2,2024-11-21,22.1264,7.0,"Après avoir reçu une invitation inattendue de ses ancêtres, Vaiana entreprend un périple qui la conduira jusqu’aux eaux dangereuses situées aux confins des mers des îles du Pacifique. Elle y vivra des péripéties comme jamais vécues auparavant.",150000000,1059242164,100,"Familial, Comédie, Aventure, Animation, Fantastique",en,"",https://image.tmdb.org/t/p/w500/zdVxpaoQdpheQqWWd6b82eY9Pid.jpg,https://image.tmdb.org/t/p/w1280/zo8CIjJ2nfNOevqNajwMRO6Hwka.jpg,Comédie
1022789,Vice-versa 2,2024-06-11,28.1098,7.549,"Riley, adolescente depuis peu, au moment où le Quartier Cérébral doit être démoli pour faire place à un événement totalement inattendu : de nouvelles Émotions ! Joie, Tristesse, Colère, Peur et Dégoût, qui ont longtemps su contrôler les choses avec succès, ne savent pas comment réagir à l'arrivée d'Anxiété. Et il semblerait qu'elle ne soit pas seule. Elle est venue accompagnée d'Embarras, Envie et Ennui.",200000000,1698863816,97,"Animation, Aventure, Comédie, Familial",en,https://www.pixar.com/inside-out-2,https://image.tmdb.org/t/p/w500/9Jic8z9NEeCEmSJFgFHZF1lWMFo.jpg,https://image.tmdb.org/t/p/w1280/p5ozvmdgsmbWe0H8Xk7Rc8SCwAB.jpg,Comédie
552524,Lilo & Stitch,2025-05-17,27.5721,7.246,"Sur l'île d'Hawaï, une petite fille espiègle nommée Lilo adopte ce qu'elle croit être un chien étrange, qu'elle prénomme Stitch. Mais Stitch est en réalité une créature extraterrestre créée pour semer le chaos. Malgré son tempérament destructeur, il découvre peu à peu les valeurs de l’amitié, de l’amour et de la famille. Ensemble, Lilo et Stitch vont prouver qu’une vraie famille peut naître là où on s’y attend le moins.
 Un mélange d’humour, d’émotion et d’action dans cette réinvention en prises de vues réelles du classique animé de Disney.",100000000,1037247842,108,"Familial, Science-Fiction, Comédie, Aventure",en,https://www.disney.fr/films/lilo-et-stitch-2025,https://image.tmdb.org/t/p/w500/71IjwRa88OJMYJBntId7nn0eFHy.jpg,https://image.tmdb.org/t/p/w1280/7Zx3wDG5bBtcfk8lcnCWDOLM4Y4.jpg,Comédie
1284120,The Ugly Stepsister,2025-03-07,23.9661,7.346,"Elvira en a assez de vivre dans l'ombre de sa belle demi-sœur Agnès. Elle est prête à tout pour attirer l'attention du prince Julian, le célibataire le plus convoité du royaume. Au prix de sang, de sueur et de larmes, Elvira ne recule devant rien pour conquérir le cœur du prince.",4250000,5325096,109,"Horreur, Comédie, Fantastique, Drame",no,https://www.esc-films.com/the-ugly-stepsister,https://image.tmdb.org/t/p/w500/8THhOd1QneAxP9wOICvWT324aZj.jpg,https://image.tmdb.org/t/p/w1280/ev9kxdoJ5IYVprt1OvH2SMWJdU1.jpg,Comédie
1026202,Giantess Battle Attack!,2022-10-20,19.8359,5.8,"",100000,0,58,"Science-Fiction, Comédie, Horreur",en,"",https://image.tmdb.org/t/p/w500/wj6cbxh1e8h21R3FOPil19lnIkv.jpg,https://image.tmdb.org/t/p/w1280/l8OLbCzeuMmYnU2fQQls4dbsD7m.jpg,Comédie
1107216,Falcon Express,2025-07-02,22.2576,6.9,"Des animaux de compagnie, piégés dans un train lancé à toute allure, vont devoir déjouer les plans de Hans, un blaireau rancunier en quête de vengeance. Alors que le crash semble inévitable, les animaux peuvent compter sur Falcon, un raton-laveur filou et débrouillard, prêt à tout pour les sauver !",0,3082436,87,"Animation, Comédie, Aventure, Thriller",fr,"",https://image.tmdb.org/t/p/w500/2vBbsoUIdSm7pSCU7izrR75zrG1.jpg,https://image.tmdb.org/t/p/w1280/3Gjo73aMqNWxNdBa7PeEj7AXJ3E.jpg,Comédie
639988,Aucun autre choix,2025-09-24,21.7748,7.8,"Cadre dans une usine de papier You Man-su est un homme heureux, il aime sa femme, ses enfants, ses chiens, sa maison.  Lorsqu’il est licencié, sa vie bascule, il ne supporte pas l’idée de perdre son statut social et la vie qui va avec.  Pour retrouver son bonheur perdu, il n’ a aucun  autre choix que d’éliminer tous ses concurrents…",12200000,20072255,139,"Crime, Drame, Thriller",ko,https://www.arpselection.com/film/aucun-autre-choix/,https://image.tmdb.org/t/p/w500/mwwwXd0Sugm6uUVHk9C61A3HEtg.jpg,https://image.tmdb.org/t/p/w1280/1ktHy4yBupG3JzYoFsQ8DFoqZh4.jpg,Comédie
1572017,Love and Wine,2025-12-05,21.7103,6.5,"Un jeune homme privilégié travaillant dans l'entreprise de son riche père se retrouve pris au piège d'un mensonge lorsqu'il tombe amoureux d'une étudiante en médecine travailleuse et tente de la convaincre qu'il est issu d'un milieu modeste, comme elle. S'ensuit alors une comédie tourbillonnante mêlant chaos et révélations sincères.",0,0,0,"Comédie, Romance",en,"",https://image.tmdb.org/t/p/w500/yo0AlfVD6NHqokwduKi91KshJRI.jpg,https://image.tmdb.org/t/p/w1280/cuoqdXX42y66f5LLdiEOuagd3SM.jpg,Comédie
1421990,The Baltimorons,2025-08-10,17.0232,6.405,"Après s'être cassé une dent la veille de Noël, Cliff, nouvellement sobre, se lance dans une aventure à travers Baltimore avec Didi, son dentiste d'urgence.",0,39307,102,"Comédie, Drame",en,"",https://image.tmdb.org/t/p/w500/yZWcrfj3mFf9LGItIFwa7DSkedz.jpg,https://image.tmdb.org/t/p/w1280/coon7luAq01HIUr4qWvujZ04EDX.jpg,Comédie
502356,"Super Mario Bros., le film",2023-04-05,21.2812,7.602,"Alors qu’ils tentent de réparer une canalisation souterraine, Mario et son frère Luigi, tous deux plombiers, se retrouvent plongés dans un nouvel univers féerique à travers un mystérieux conduit. Mais lorsque les deux frères sont séparés, Mario s’engage dans une aventure trépidante pour retrouver Luigi. Dans sa quête, il peut compter sur l’aide du champignon Toad, habitant du Royaume Champignon, et les conseils avisés, en matière de techniques de combat, de la Princesse Peach, guerrière déterminée à la tête du Royaume. C’est ainsi que Mario réussit à mobiliser ses propres forces pour aller au bout de sa mission.",100000000,1362000000,92,"Familial, Comédie, Aventure, Animation, Fantastique",en,"",https://image.tmdb.org/t/p/w500/ahMxyHMSJXingQr4yJBMzMU9k42.jpg,https://image.tmdb.org/t/p/w1280/9n2tJBplPbgR2ca05hS5CKXwP2c.jpg,Comédie
1214130,La Fabrique des monstres,2025-10-16,19.6074,7.1,"Dans le vieux château de Grotteskew, un savant fou fabrique, rafistole, et invente sans cesse des monstres farfelus. Stitch Head, sa toute première création, petit être étrange composé de pièces détachées, et oublié avec le temps, sert de guide aux nouvelles créations de son maitre. Jusqu’au jour où un cirque débarque en ville… À la recherche d'une nouvelle attraction, son propriétaire Fulbert Freakfinder tente par tous les moyens d'accéder à cette fabrique de monstres. Stitch Head pourrait bien être la future star de son spectacle...",34800000,6495978,89,"Animation, Aventure, Familial, Comédie",en,"",https://image.tmdb.org/t/p/w500/MQV1mkoEI1WmQO8qtsfV3T1iPY.jpg,https://image.tmdb.org/t/p/w1280/zIFFlcvilrrbUlveEbIsFAtUfGT.jpg,Comédie
1196364,थामा,2025-10-21,17.6661,6.88,"",0,0,149,"Comédie, Horreur",hi,"",https://image.tmdb.org/t/p/w500/udkbDwBbysCGEydt0FHnl9dVO2k.jpg,https://image.tmdb.org/t/p/w1280/6UKhOhwNhfC5CBohere70svnKcH.jpg,Comédie
1316147,Super Grand Prix,2025-07-24,17.889,7.182,"Edda, une jeune souris, rêve de devenir pilote de course. À l'approche du 50e anniversaire du Grand Prix d'Europe, Edda a l'occasion de rencontrer son idole, la star des courses Ed, et d'aider son père à sauver son entreprise en difficulté. Mais pour cela, elle devra elle-même prendre le volant.",0,2917068,98,"Animation, Aventure, Comédie",en,https://www.grand-prix-of-europe.com/fr/,https://image.tmdb.org/t/p/w500/8hiiGCVdJmfOspFodHOSOy9xCVl.jpg,https://image.tmdb.org/t/p/w1280/keToI4XlwYVtImAXjoeoaLJKnfc.jpg,Comédie
496243,Parasite,2019-05-30,19.0055,8.5,"Toute la famille de Ki-taek est au chômage. Elle s’intéresse particulièrement au train de vie de la richissime famille Park. Mais un incident se produit et les deux familles se retrouvent mêlées, sans le savoir, à une bien étrange histoire…",11363000,257591776,135,"Comédie, Thriller, Drame",ko,"",https://image.tmdb.org/t/p/w500/7hLSzZX2jROmEXz2aEoh6JKUFy2.jpg,https://image.tmdb.org/t/p/w1280/hiKmpZMGZsrkA3cdce8a7Dpos1j.jpg,Comédie
1259102,Pour l'éternité,2025-11-26,18.961,7.3,"Dans une vie après la mort où les âmes ont une semaine pour décider où passer l'éternité, Joan est confrontée à un choix impossible entre l'homme avec qui elle a passé sa vie et son premier amour, décédé jeune et qui a attendu des décennies qu'elle arrive.",15000000,6890129,112,"Romance, Drame, Comédie",en,"",https://image.tmdb.org/t/p/w500/3hebWQLIv3r6ChwERG2csmebetU.jpg,https://image.tmdb.org/t/p/w1280/oN9YR2ND8UPmP1y4nN5StJOD1RG.jpg,Comédie
1280282,Gabby et la Maison Magique - Le Film,2025-09-13,17.3838,6.678,"Gabby part pour une virée en voiture avec sa grand-mère Gigi vers la ville imaginaire de Chat Francisco. Mais lorsque sa précieuse maison de poupée tombe entre les mains de Véra, une femme excentrique dangereusement obsédée par les chats, Gabby va partir à l'aventure, cette fois dans le monde réel, afin de récupérer ses Gabby Chats et sauver leur maison avant qu'il ne soit trop tard.",32000000,67600000,98,"Familial, Comédie, Aventure, Animation",en,"",https://image.tmdb.org/t/p/w500/hknlU6zs5fQr1iTAtNgJN1OqLVM.jpg,https://image.tmdb.org/t/p/w1280/MrcSSzWGsXf2IUJpjPPFLlNbjX.jpg,Comédie
862,Toy Story,1995-11-22,17.9054,8.0,"Dans un monde où les jouets vivent leur vie quand les humains ne sont pas présents, Toy Story emmène les spectateurs dans un voyage fantastique vu principalement par les yeux de deux rivaux : Woody, un cow-boy, et Buzz l'Éclair, un ranger de l’espace. Ce duo va devoir apprendre à mettre ses différences de côté et s'allier, lorsqu’il sera séparé de son propriétaire Andy.",30000000,394436586,81,"Familial, Comédie, Animation, Aventure",en,http://toystory.disney.com/toy-story,https://image.tmdb.org/t/p/w500/4cWLRhub0yY9VJpdw0nqoTPYyiN.jpg,https://image.tmdb.org/t/p/w1280/3Rfvhy1Nl6sSGJwyjb0QiZzZYlB.jpg,Comédie
519182,"Moi, moche et méchant 4",2024-06-20,17.4912,7.0,"Gru, Lucy et les filles, Margo, Édith et Agnès accueillent le petit dernier de la famille, Gru Junior, qui semble n’avoir qu’une passion : faire tourner son père en bourrique. Mais Gru est confronté à un nouvel ennemi, Maxime Le Mal, qui avec l’aide de sa petite amie, la fatale Valentina, va obliger toute la famille à fuir.",100000000,969597394,95,"Familial, Comédie, Animation, Science-Fiction",en,"",https://image.tmdb.org/t/p/w500/bYovCvLV1RxB0zAR5cXu699P9P7.jpg,https://image.tmdb.org/t/p/w1280/twsxsfao6ZOVvT8LfudH603MMi6.jpg,Comédie
680,Pulp Fiction,1994-09-10,18.3639,8.5,"L’odyssée sanglante et burlesque de petits malfrats dans la jungle d’Hollywood : Deux petits tueurs, un dangereux gangster marié à une camée, un boxeur roublard, des prêteurs sur gages sadiques, un caïd élégant et dévoué, un dealer bon mari et deux tourtereaux à la gâchette facile.",8000000,213928762,154,"Thriller, Crime, Comédie",en,"",https://image.tmdb.org/t/p/w500/4TBdF7nFw2aKNM0gPOlDNq3v3se.jpg,https://image.tmdb.org/t/p/w1280/suaEOtk1N1sgg2MTM7oZd2cfVp3.jpg,Comédie
466282,À tous les garçons que j'ai aimés,2018-08-17,18.15,7.595,La vie sentimentale de Lara Jean Song Covey passe du rêve à la pire des réalités quand ses lettres d'amour aux cinq garçons qu'elle a toujours aimés arrivent mystérieusement chez leurs destinataires.,0,0,100,"Comédie, Romance",en,"",https://image.tmdb.org/t/p/w500/iHHnZDfCA5bSi3eotUmVPlQkzov.jpg,https://image.tmdb.org/t/p/w1280/xXhta1NIKn09IXy0mfp68cabdWS.jpg,Comédie
1267905,La Guerre des Rose,2025-08-27,17.1322,6.717,"Ivy et Theo forment un couple parfait à qui tout réussit : des carrières couronnées de succès, un mariage épanoui, des enfants formidables... Mais sous les apparences de cette vie idéale, une tempête se prépare… Alors que la carrière de Theo s’écroule et que celle d’Ivy décolle, leurs ressentiments et leur rivalité jusque-là étouffés vont bientôt exploser.",30600000,51498093,105,"Comédie, Drame, Romance",en,"",https://image.tmdb.org/t/p/w500/mdFrFybEiLIBEl94qfDflwqgi31.jpg,https://image.tmdb.org/t/p/w1280/h4HSZjOeAoHQ3qPuy6x9Cyr69bS.jpg,Comédie
105,Retour vers le futur,1985-07-03,17.0255,8.323,"En 1985, Marty, un adolescent comme les autres, mène une existence morne et ennuyeuse. Heureusement, il est épris de la jolie Jennifer et entretient une profonde amitié avec Doc, un savant fou qui prétend avoir inventé une machine à explorer le temps. Un jour, Doc invite Marty à l'essayer…",19000000,381109762,116,"Aventure, Comédie, Science-Fiction",en,"",https://image.tmdb.org/t/p/w500/iCgFtDUZxN8iUzNBCisjUrBmg2q.jpg,https://image.tmdb.org/t/p/w1280/pZCLGHynFPOv8dve6u9waxknLth.jpg,Comédie
292610,Il ginecologo della mutua,1977-09-13,16.9335,4.294,"",0,0,77,Comédie,it,"",https://image.tmdb.org/t/p/w500/8KwEjKVFoz6B9oRXgeSastYUUUz.jpg,https://image.tmdb.org/t/p/w1280/gaWHmTnjqfYcNNnVcwHxwptGPgW.jpg,Comédie
1064307,Spermageddon,2025-02-21,16.6698,6.4,"Chaque jour, des millions de spermatozoïdes sont voués à finir… dans un mouchoir.  Parmi eux, Simonce et ses camarades, vivent dans le corps de Jens, un adolescent maladroit qui s’apprête à faire sa première fois. Bien décidés à atteindre l’objectif de leur vie, l’ovule, ils se lancent dans une course effrénée qui s’avère plus compliquée que prévue.  A la fin, il n’en restera qu’un.",3000000,1333332,80,"Animation, Aventure, Fantastique, Comédie",no,https://fr.originalsfactory.com/spermageddon,https://image.tmdb.org/t/p/w500/nxcznxziwOGd5APV5aYvGYhVcWL.jpg,https://image.tmdb.org/t/p/w1280/5OEcsHKZy9TLFz9qXLp5NJN9K8e.jpg,Comédie
137,Un jour sans fin,1993-02-11,16.3964,7.619,"Phil Connors, présentateur météo grincheux et arrogant, doit tourner un reportage sur la fête de la marmotte. Mais lorsqu'il se réveille le lendemain, il découvre avec stupeur que la date n'a pas changé et qu'il est condamné à revivre un par un les événements de la veille. Connors se voit dès lors obligé de faire face à la répétition infinie du Jour de la marmotte.",14600000,71108778,101,"Romance, Fantastique, Drame, Comédie",en,"",https://image.tmdb.org/t/p/w500/kSdgmtOmxFxdiJqK1R3kfKBqRUo.jpg,https://image.tmdb.org/t/p/w1280/ttBydD0SynC0TMkW3AcnmsySkLp.jpg,Comédie
106646,Le Loup de Wall Street,2013-12-25,16.9431,8.026,"Sa licence de courtier en poche, et les narines déjà pleines de cocaïne, Jordan Belfort est prêt à conquérir Wall Street. Ce jour d'octobre, un krach, le plus important depuis 1929, vient piétiner ses rêves de grandeur. C'est finalement à Long Island qu'il échoue et qu'il monte sa propre affaire de courtage. Son créneau : le hors-cote. Sa méthode : l'arnaque. Son équipe : des vendeurs ou des petits trafiquants.",100000000,407038432,179,"Crime, Drame, Comédie",en,"",https://image.tmdb.org/t/p/w500/dQIQZbJXn1pflQw3nwvXLJX0dHa.jpg,https://image.tmdb.org/t/p/w1280/7Nwnmyzrtd0FkcRyPqmdzTPppQa.jpg,Comédie
585,Monstres & Cie,2001-11-01,16.2166,7.847,"Monstropolis est une petite ville peuplée de monstres dont la principale source d’énergie provient des cris des enfants. Monstres & Cie est la plus grande usine de traitement de cris de la ville. Grâce au nombre impressionnant de portes de placards dont dispose l’usine, une équipe de monstres d’élite pénètre dans le monde des humains pour terrifier durant la nuit les enfants et récolter leurs hurlements. Le Terreur d’élite le plus réputé de Monstres & Cie s’appelle Jacques Sullivent, alias Sulli. C’est un monstre cornu de 2 m 40 de haut à la fourrure bleu-vert tachetée de violet. Une nuit, alors qu’il se trouve à « l'étage de la Terreur », il s’aperçoit qu’une porte de placard n’a pas été fermée correctement. Pour vérifier que tout est en place, il l’ouvre, permettant sans le vouloir à Bouh, une petite fille, de pénétrer dans son monde.",115000000,579700000,92,"Animation, Comédie, Familial",en,http://movies.disney.com/monsters-inc,https://image.tmdb.org/t/p/w500/rIjzsrY8xQ4M4ZthmVqHtiqsioQ.jpg,https://image.tmdb.org/t/p/w1280/sDTnMOJ3H5wI38OxObmCtK7wfd5.jpg,Comédie
9919,Comment se faire larguer en 10 leçons,2003-02-07,16.0933,6.853,"Andie Anderson, une belle et talentueuse journaliste, est chargée par sa rédactrice en chef de livrer un compte-rendu personnel et documenté sur tout ce qui peut faire échouer une histoire d'amour. Andie dispose de dix jours pour faire la conquête d'un mâle, puis accumuler toutes les gaffes possibles qui le feront fuir dare-dare... La journaliste jette alors son dévolu sur le fringant Benjamin Barry, un des publicitaires les plus en vue de l'agence Warren... sans se douter que celui-ci a fait le pari inverse : séduire Andie et la rendre, en dix jours, follement amoureuse de lui...",50000000,177500000,110,"Comédie, Romance",en,"",https://image.tmdb.org/t/p/w500/fAcTYKt58XbGNd2tbtYbb2dg5mi.jpg,https://image.tmdb.org/t/p/w1280/cdYj6HFpKp5NTmLiHHbNEGSmDT4.jpg,Comédie
14160,Là-haut,2009-05-28,16.0511,7.96,"À 78 ans, Carl n'envisage plus qu'une chose : finir tranquillement sa vie dans la petite maison où il a passé toute une existence paisible auprès de son épouse Ellie. Veuf désormais, il reste, en effet, attaché à son passé en refusant les propositions mirobolantes d'un promoteur pour racheter son bien. Quand des circonstances exceptionnelles le contraignent d'intégrer une maison de retraite, il prend une ultime fois les choses en mains et, transformant sa demeure en dirigeable, s'envole pour l'aventure, vers la partie du monde où sa femme et lui s'étaient promis un jour de s'installer. Il ne se doute pas alors qu'il a emporté avec lui un jeune passager clandestin, Russell et que le voyage sera loin d'être de tout repos…",175000000,735103954,95,"Animation, Comédie, Familial, Aventure",en,"",https://image.tmdb.org/t/p/w500/k55kMEPkxGej70udPcVNqhTiwBz.jpg,https://image.tmdb.org/t/p/w1280/hGGC9gKo7CFE3fW07RA587e5kol.jpg,Comédie
275039,In 80 Betten um die Welt,1977-06-01,15.9271,5.0,"",0,0,79,"Horreur, Thriller, Comédie",de,"","",https://image.tmdb.org/t/p/w1280/rBMW6UKMyvFuIMLXSb46VCb8155.jpg,Comédie
2062,Ratatouille,2007-06-28,15.8438,7.834,"Rémy est un jeune rat qui rêve de devenir un grand chef français. Ni l'opposition de sa famille, ni le fait d'être un rongeur dans une profession qui les déteste ne le démotivent. Rémy est prêt à tout pour vivre sa passion de la cuisine… et le fait d'habiter dans les égouts du restaurant ultra coté de la star des fourneaux, Auguste Gusteau, va lui en donner l'occasion ! Malgré le danger et les pièges, la tentation est grande de s'aventurer dans cet univers interdit. Écartelé entre son rêve et sa condition, Rémy va découvrir le vrai sens de l'aventure, de l'amitié, de la famille… et comprendre qu'il doit trouver le courage d'être ce qu'il est : un rat qui veut être un grand chef…",150000000,623726000,110,"Animation, Comédie, Familial, Fantastique",en,http://disney.go.com/disneypictures/ratatouille,https://image.tmdb.org/t/p/w500/iFcWBdTPeHQDS3OQxBcH3QaYXYv.jpg,https://image.tmdb.org/t/p/w1280/xgDj56UWyeWQcxQ44f5A3RTWuSs.jpg,Comédie
201798,Armez-vous de courage !,1972-08-14,12.3693,6.65,Un froussard devient le nouveau chef du quartier et reçoit un chapeau magique qui lui redonne confiance. Mais toutes les bonnes choses ont une fin...,0,0,102,Comédie,it,"",https://image.tmdb.org/t/p/w500/94Lb6527814rEBsn1ONqnuT6B3L.jpg,https://image.tmdb.org/t/p/w1280/8zBErbtkMiYD9FE4ylHfRK21p6h.jpg,Comédie
13,Forrest Gump,1994-06-23,19.1861,8.463,"À Savannah, État de Géorgie, Forrest Gump, assis sur un banc public, livre à qui veut l’entendre, l’étrange récit de sa vie mouvementée sur trois décennies. Il naît dans un bourg de l’Alabama, affecté d’un quotient intellectuel inférieur à la moyenne et d’une paralysie partielle des jambes. Souvent raillé à l’école, le jeune Forrest se lie d’amitié avec Jenny. Propulsé de l'état d'handicapé physique à celui de vedette du football, de héros du Vietnam au roi de la crevette, des honneurs de la Maison Blanche au bonheur d'une histoire d'amour, Forrest est le symbole d'une époque, un candide dans une Amérique qui a perdu son innocence.",55000000,677387716,142,"Comédie, Drame, Romance",en,"",https://image.tmdb.org/t/p/w500/zi6RNYK1vXjIvpSBgjatXRcFYh2.jpg,https://image.tmdb.org/t/p/w1280/67HggiWaP9ZLv5sPYmyRV37yAJM.jpg,Comédie
1245993,Pris au piège - Caught Stealing,2025-08-26,13.8738,6.919,"Hank Thompson a été un joueur de baseball prodige au lycée, mais désormais il ne peut plus jouer. À part ça, tout va bien. Il sort avec une fille géniale, il est barman la nuit dans un bar miteux à New York, et son équipe préférée, donnée perdante, est en train de réaliser une improbable remontée vers le titre. Quand son voisin punk lui demande de s'occuper de son chat pendant quelques jours, Hank ignore qu'il va se retrouver pris au milieu d'une bande hétéroclite de redoutables gangsters.",40000000,31101846,107,"Crime, Thriller, Comédie",en,"",https://image.tmdb.org/t/p/w500/1C7DLUBSmjmEQLHuHvAlkk0l7TZ.jpg,https://image.tmdb.org/t/p/w1280/41043LV7mfluH8iXEUPVseCDAv5.jpg,Comédie
1208348,Rental Family,2025-11-20,13.6217,7.3,"Tokyo, de nos jours. Un acteur américain qui peine à trouver un sens à sa vie décroche un contrat pour le moins insolite : jouer le rôle de proches de substitution pour de parfaits inconnus, en travaillant pour une agence japonaise de « familles à louer ». En s’immisçant dans l’intimité de ses clients, il commence à tisser d’authentiques relations qui brouillent peu à peu les frontières entre son travail et la réalité. Confronté aux complexités morales de sa mission, il redécouvre progressivement un but, un sentiment d'appartenance et la beauté sereine des relations humaines…",0,3336147,103,"Drame, Comédie",en,"",https://image.tmdb.org/t/p/w500/dGRZ55srJoK6TcjPTfHe701UWq0.jpg,https://image.tmdb.org/t/p/w1280/5zMuq6n6L8u9Ks29JAurPICXKqu.jpg,Comédie
1064213,Anora,2024-10-14,13.7644,7.048,"Anora, jeune travailleuse du sexe de Brooklyn, se transforme en Cendrillon des temps modernes lorsqu’elle rencontre le fils d’un oligarque russe. Sans réfléchir, elle épouse avec enthousiasme son prince charmant ; mais lorsque la nouvelle parvient en Russie, le conte de fées est vite menacé : les parents du jeune homme partent pour New York avec la ferme intention de faire annuler le mariage…",6000000,56286295,139,"Drame, Comédie, Romance",en,"",https://image.tmdb.org/t/p/w500/2dNtTwMvoMGtISS2cTrMB8woqUy.jpg,https://image.tmdb.org/t/p/w1280/qvyOfwTC3qdbzkqdXWSSEMHtjBZ.jpg,Comédie
1011985,Kung Fu Panda 4,2024-03-02,15.8784,7.0,"Après trois aventures dans lesquelles le guerrier dragon Po a combattu les maîtres du mal les plus redoutables grâce à un courage et des compétences en arts martiaux inégalés, le destin va de nouveau frapper à sa porte pour l'inviter à enfin se reposer. Plus précisément, pour être nommé chef spirituel de la vallée de la Paix.",80000000,548040835,94,"Animation, Familial, Action, Comédie, Aventure, Fantastique",en,https://www.universalpictures.fr/micro/kung-fu-panda-4,https://image.tmdb.org/t/p/w500/y8K9wRRv7YK1ACHqaDlMBrNebVU.jpg,https://image.tmdb.org/t/p/w1280/3ffPx9jqg0yj9y1KWeagT7D20CB.jpg,Comédie
1451296,Uno equis dos,2025-08-08,11.3971,6.0,"",0,0,87,"Comédie, Drame",es,"",https://image.tmdb.org/t/p/w500/q42qOEkYYfe7cUy3EWUHYTbRUAJ.jpg,https://image.tmdb.org/t/p/w1280/i8HnWKyvg31twRNvNHqWFW8dP6I.jpg,Comédie
976573,Élémentaire,2023-06-14,14.0653,7.591,"Dans la ville d’Element City, le feu, l’eau, la terre et l’air vivent dans la plus parfaite harmonie. C’est ici que résident Flam, une jeune femme intrépide et vive d’esprit, au caractère bien trempé, et Flack, un garçon sentimental et amusant, plutôt suiveur dans l’âme. L’amitié qu’ils se portent remet en question les croyances de Flam sur le monde dans lequel ils vivent...",200000000,496444308,102,"Familial, Fantastique, Comédie, Romance, Animation",en,https://www.disney.fr/films/elementaire,https://image.tmdb.org/t/p/w500/rzY5kUJJ1zGfingV2oHyyxtlGNa.jpg,https://image.tmdb.org/t/p/w1280/4fLZUr1e65hKPPVw0R3PmKFKxj1.jpg,Comédie
508,Love Actually,2003-09-07,14.0122,7.104,"L'amour est partout, imprévisible, inexplicable, insurmontable. Il frappe quand il veut et souvent, ça fait pas mal de dégâts... Pour le nouveau Premier Ministre britannique, il va prendre la jolie forme d'une jeune collaboratrice. Pour l'écrivain au coeur brisé parti se réfugier dans le sud de la France, il surgira d'un lac. Il s'éloigne de cette femme qui, installée dans une vie de couple ronronnante, suspecte soudain son mari de songer à une autre. Il se cache derrière les faux-semblants de ce meilleur ami qui aurait bien voulu être autre chose que le témoin du mariage de celle qu'il aime. Pour ce veuf et son beau-fils, pour cette jeune femme qui adore son collègue, l'amour est l'enjeu, le but, mais également la source d'innombrables complications. À l'approche de Noël, à Londres, ces vies et ces amours vont se croiser, se frôler et se confronter.",40000000,250779876,135,"Comédie, Romance, Drame",en,"",https://image.tmdb.org/t/p/w500/rJAML5icaPEkj8CU4wLHjpL4RWd.jpg,https://image.tmdb.org/t/p/w1280/xUWf5xX0AnZgAnYXAMk03zTbsef.jpg,Comédie
1401318,Un ex pour Noël,2025-11-12,13.6697,6.18,"Kate et Everett espèrent divorcer à l'amiable et passer un dernier Noël en famille, mais de nouvelles conquêtes et de vieux sentiments viennent compromettre leurs plans.",0,0,91,"Romance, Comédie",en,https://www.netflix.com/fr/title/81735104,https://image.tmdb.org/t/p/w500/qa6E9wldSaTZKVjxQ6MV3NPrYht.jpg,https://image.tmdb.org/t/p/w1280/2GHJGnF2jgnzeqT3XTHjHXgk5Fx.jpg,Comédie
12536,"Maman, je suis seul contre tous",2002-11-03,12.4713,4.507,"Maintenant que ses parents sont séparés, Kevin doit passer ses vacances avec son père chez la petite amie de celui-ci qui vit dans un véritable palace bourré d'une tonne de gadgets derniers cris. Mais il est loin de se douter qu'il devra mener une véritable guerre éclair pour déjouer le plan de dangereux malfaiteurs !",0,0,89,"Comédie, Familial, Téléfilm",en,"",https://image.tmdb.org/t/p/w500/qRktvMOO2QaCL7gvNyvZDoxPOZj.jpg,https://image.tmdb.org/t/p/w1280/171wf8HVXZAIScPf9zJyrXpxgRB.jpg,Comédie
1317288,Marty Supreme,2025-12-19,16.6464,0.0,"Biopic sur le champion de tennis de table américain, Marty Reisman.",70000000,0,150,"Drame, Comédie",en,"",https://image.tmdb.org/t/p/w500/3sr8joreBtsPFNZ3RjWeYhdZBE8.jpg,https://image.tmdb.org/t/p/w1280/jr2tjSvV6SOMCcOLYMz9TSvOjgC.jpg,Comédie
991494,"Bob L’Éponge – Le Film : Un Pour Tous, Tous Pirates !",2025-12-16,13.6908,0.0,"Bien décidé à prouver à M. Krabs qu’il est désormais un grand garçon, Bob se lance sur les traces du légendaire Hollandais Volant, un redoutable pirate fantôme. Cap sur une épopée déjantée, entre fous rires, frissons et péripéties sous-marines, jusque dans les abysses les plus mystérieux de l’océan — là où aucune éponge n’a jamais osé plonger !",0,0,96,"Familial, Comédie, Aventure, Animation",en,https://www.paramountpictures.fr/film/bob-leponge-le-film-a-la-recherche-de-leponge-perdue/,https://image.tmdb.org/t/p/w500/xhNdh0uWMCT5q2rCALNtk8PXIr.jpg,https://image.tmdb.org/t/p/w1280/kVSUUWiXoNwq2wVCZ4Mcqkniqvr.jpg,Comédie
546554,À couteaux tirés,2019-11-27,14.7124,7.8,"Célèbre auteur de polars, Harlan Thrombey est retrouvé mort dans sa somptueuse propriété, le soir de ses 85 ans. L’esprit affûté et la mine débonnaire, le détective Benoit Blanc est alors engagé par un commanditaire anonyme afin d’élucider l’affaire. Mais entre la famille d’Harlan qui s'entre-déchire et son personnel qui lui reste dévoué, Blanc plonge dans les méandres d’une enquête mouvementée, mêlant mensonges et fausses pistes, où les rebondissements s'enchaînent à un rythme effréné jusqu'à la toute dernière minute…",40000000,312897920,130,"Comédie, Crime, Mystère",en,"",https://image.tmdb.org/t/p/w500/qebfcMW8RDjoMTNLNeDFfMlVCGp.jpg,https://image.tmdb.org/t/p/w1280/4HWAQu28e2yaWrtupFPGFkdNU7V.jpg,Comédie
1328913,Padre no hay más que uno 5: Nido repleto,2025-06-26,17.4008,6.5,"Certains parents ressentent le syndrome du « nid vide » lorsque leurs enfants quittent le foyer. Javier, quant à lui, souffre du syndrome du « nid plein » : personne ne veut quitter la maison.",0,0,100,"Comédie, Familial",es,"",https://image.tmdb.org/t/p/w500/7H27uvaPZfq794qVcLFrSEgHseZ.jpg,https://image.tmdb.org/t/p/w1280/jE9PtFwRbTr3WrlGd81SGDSJNSQ.jpg,Comédie
315162,Le Chat Potté 2 : la dernière quête,2022-12-07,13.8441,8.2,"Le Chat Potté découvre que sa passion pour l'aventure et son mépris du danger ont fini par lui coûter cher : il a épuisé huit de ses neuf vies, et en a perdu le compte au passage. Afin de retomber sur ses pattes notre héros velu se lance littéralement dans la quête de sa vie. Il s'embarque dans une aventure épique aux confins de la Forêt Sombre afin de dénicher la mythique Étoile à vœu, seule susceptible de lui rendre ses vies perdues. Mais quand il ne vous en reste qu’une, il faut savoir faire profil bas, se montrer prudent et demander de l’aide. C’est ainsi qu’il se tourne vers son ancienne partenaire et meilleure ennemie de toujours : l’ensorcelante Kitty Pattes De Velours. Le Chat Potté et la belle Kitty vont être aidés dans leur quête, à leur corps bien défendant, par Perro, un corniaud errant et galeux à la langue bien pendue et d’une inaltérable bonne humeur.",90000000,484700000,102,"Animation, Aventure, Fantastique, Comédie, Familial",en,https://www.universalpictures.fr/micro/puss-in-boots-2,https://image.tmdb.org/t/p/w500/kO35BwoKHyP1VRulxZJVeEl5dvS.jpg,https://image.tmdb.org/t/p/w1280/jr8tSoJGj33XLgFBy6lmZhpGQNu.jpg,Comédie
748783,Garfield : Héros malgré lui,2024-04-30,12.3701,7.027,"Garfield, le célèbre chat d'intérieur, amateur de lasagnes et qui déteste les lundis, est sur le point d'être embarqué dans une folle aventure ! Après avoir retrouvé son père disparu, Vic, un chat des rues mal peigné, Garfield et son ami le chien Odie sont forcés de quitter leur vie faite de confort pour aider Vic à accomplir un cambriolage aussi risqué qu'hilarant.",60000000,254907482,101,"Familial, Comédie, Aventure, Animation",en,"",https://image.tmdb.org/t/p/w500/zSQM2Zud5G5nrdEA4t0CtFZQF22.jpg,https://image.tmdb.org/t/p/w1280/P82NAcEsLIYgQtrtn36tYsj41m.jpg,Comédie
425,L'Âge de glace,2002-03-14,12.7658,7.367,"Vingt mille ans avant notre ère, lorsque Scrat, un rongeur obstiné, fend la banquise et déclenche un nouvel Âge de Glace, une vaste cohorte de mammifères s’assemble et commence à émigrer vers le sud. Manny, un mammouth solitaire qui n’en fait qu’à sa tête, choisit d’aller vers le nord et se voit bientôt rejoint par Sid, un petit paresseux volubile en quête de protecteur. Ce dernier l’oblige bientôt à recueillir un bébé humain, Roshan, que sa mère leur a confié avant de mourir, et à ramener celui‐ci à son père, chasseur nomade parti vers le nord. Sur leur chemin, les deux compères devront protéger Roshan de Diego, un tigre aux dents de sabre chargé par son chef Soto de capturer le bébé.",59000000,383257136,81,"Animation, Comédie, Familial, Aventure",en,http://www.foxfrance.com/lage-de-glace,https://image.tmdb.org/t/p/w500/ecgLEPhlpEloh58OireixHvEhur.jpg,https://image.tmdb.org/t/p/w1280/8pwIhymsxfAVjrAE7syDjQULn37.jpg,Comédie
1425122,Un Noël chez les Jonas Brothers,2025-11-10,12.0948,6.2,Les Jonas Brothers peinent à rentrer chez eux à temps pour fêter Noël avec leurs familles.,0,0,78,"Comédie, Musique",en,https://www.disneyplus.com/browse/entity-0a35b05e-b39a-4d17-8786-263962268cbe,https://image.tmdb.org/t/p/w500/xogqelBdvmQP3VdE1MDNKvVjdzo.jpg,https://image.tmdb.org/t/p/w1280/ajYw16ISz3qsdYTg4zy5rob1iAQ.jpg,Comédie
10719,Elfe,2003-11-07,15.3247,6.66,"Buddy, un être humain, est élevé par les lutins du Père Noël depuis sa plus tendre enfance. Lorsqu'il atteint l'âge et la taille adulte, ces derniers s'aperçoivent que cette différence physique commence à poser quelques problèmes : anormalement grand pour ce lieu légendaire, l'homme provoque en effet un joli scandale au Pôle Nord ! Renvoyé dans son pays d'origine, il se lance à la recherche de son père biologique, un sinistre éditeur, à New York.",32000000,228500000,97,"Comédie, Familial, Fantastique",en,"",https://image.tmdb.org/t/p/w500/4k5TDb8bfQowdw9j2QrZiRHOnOY.jpg,https://image.tmdb.org/t/p/w1280/lKkKaGnKdahSGPMOngMIGM1fNJN.jpg,Comédie
56379,La Cabine des amoureux,1977-10-27,12.2676,6.369,"Un Dimanche d'été, dans une petite maison de plage sur la côte de Rome. Beaucoup de personnages et d'histoires : une équipe féminine de basket-ball, deux soldats obsédés par le sport, deux hommes avec leurs copines et un prêtre avec un grand secret, un couple de personnes âgées avec leur petite-fille enceinte et un couple fiancé voulant avoir des relations sexuelles pour la première fois.",0,0,106,Comédie,it,"",https://image.tmdb.org/t/p/w500/6LRWYGrUjT6zTwDmfrDgJ9R3H8Z.jpg,https://image.tmdb.org/t/p/w1280/4r9CqZwi5NdDjGvoJLA9DYqodbO.jpg,Comédie
12153,F.B.I. Fausses Blondes Infiltrées,2004-06-23,12.9484,6.936,"Les ambitieux mais malheureux agents du FBI Marcus et Kevin Copeland sont sur le point de perdre leur travail. Quand on découvre que deux riches héritières mondaines sont sur le point d'être enlevées, l'affaire est confiée à leurs rivaux et Kevin et Marcus sont promus gardes du corps pour escorter ces deux gamines de l'aéroport à leur hôtel dans les Hamptons. Malheureusement, leur gentil toutou cause un accident de la circulation. S'ensuit une bagarre et les deux sœurs se retrouvent légèrement mal en point. Elles refusent d'être vues lors de ce week-end mondain. Apeuré à l'idée de se retrouver au chômage, Kevin va élaborer un plan : Marcus et lui vont se faire passer pour les deux exigeantes divas, se mêler à la crème de la crème des Hamptons et, par la même occasion, piéger les ravisseurs et redorer leur réputation.",37000000,113100000,109,"Comédie, Crime",en,"",https://image.tmdb.org/t/p/w500/PedA5zKb8Y3nZEHPGx9LwGlfPx.jpg,https://image.tmdb.org/t/p/w1280/85k0kaoRgGmF6ACq0M61AFxhjLN.jpg,Comédie
571961,La cameriera,1974-11-02,29.477,2.3,"",0,0,95,Comédie,it,"",https://image.tmdb.org/t/p/w500/6W5UoLVwXr3b1neeynqnHlWqQB5.jpg,https://image.tmdb.org/t/p/w1280/8l4jsew5QhQflEaDbYJSWmhb0Wq.jpg,Comédie
37165,The Truman Show,1998-06-04,12.5988,8.1,"Il est la vedette d’un show télévisé - mais il ne le sait pas. Jim Carrey a conquis à la fois les critiques et le public pour sa prestation inoubliable dans ce chef-d'œuvre de Peter Weir. Il interprète Truman Burbank, un homme dont la vie entière est un show télévisé - Ses moindres faits et gestes sont filmés à son insu par un créateur/réalisateur/producteur avant-gardiste : la ville entière est un immense studio de cinéma ; ses voisins, ses collègues, ses amis et même sa femme sont des acteurs professionnels d’Hollywood. Un jour pourtant, Truman se doute de quelque chose. Sa réaction face à cette découverte vous fera rire, pleurer et vous émerveillera comme aucun film ne l’a jamais fait.",60000000,264118712,102,"Comédie, Drame",en,"",https://image.tmdb.org/t/p/w500/7p5MzMb4h0Y2WUn73r4MHKNeh3X.jpg,https://image.tmdb.org/t/p/w1280/rmiG2uwcNoGFmBKMoa1pIcf514L.jpg,Comédie
524423,Fatal Pulse,2018-05-31,18.9397,4.4,"",0,0,115,"Thriller, Comédie, Drame",en,"",https://image.tmdb.org/t/p/w500/8stsv7jhIQz9QmEHG6QOD0TuLv4.jpg,https://image.tmdb.org/t/p/w1280/vJYFkGoo4dDPmXU0R8SWOLMA2yr.jpg,Comédie
252509,The Satellite Girl and Milk Cow,2014-02-20,13.6694,7.089,"À Séoul, un vieux satellite transformé en fille-cyborg, un jeune musicien devenu vache laitière et le sorcier Merlin changé en rouleau de papier hygiénique luttent contre un revendeur d’organes et un incinérateur-robot. Un premier long métrage d’animation délirant, romance fantastique servie par de nombreux gags.",0,0,90,"Animation, Comédie, Familial, Science-Fiction, Fantastique",ko,"",https://image.tmdb.org/t/p/w500/3OFIRkoUb5LTr24Siymbp3RxOJi.jpg,https://image.tmdb.org/t/p/w1280/kTUNeH0lWPpDOYEm8vwWATmDZxq.jpg,Comédie
372921,공즉시색,2015-12-01,11.4876,6.5,"",0,0,90,"Comédie, Romance",ko,"",https://image.tmdb.org/t/p/w500/k8dsPTp1Ga67c0Ie00qyR3vcPG3.jpg,https://image.tmdb.org/t/p/w1280/flBvN0JFdf7jTMtr0RAHAToUQz9.jpg,Comédie
809,Shrek 2,2004-05-19,11.7894,7.304,"Devenus de jeunes mariés, Shrek et Fiona rentrent de leur heureuse lune de miel. Ils sont invités par les parents de Fiona à venir dîner dans leur royaume, à Far Far Away. Mais ils ne se doutent pas que leur fille est devenue une ravissante ogresse… Ce mariage met par ailleurs en péril l’avenir et les projets les plus secrets du Roi…",150000000,935454538,83,"Animation, Familial, Comédie, Fantastique, Aventure, Romance",en,http://www.shrek2.com/,https://image.tmdb.org/t/p/w500/2e8hcPLaWjLXdQLgdi5otr4Jj9L.jpg,https://image.tmdb.org/t/p/w1280/8ohobj5lAIbl5XWw11FywS3IRrS.jpg,Comédie
696506,Mickey 17,2025-02-28,13.9109,6.842,"En 2054, afin de fuir son cruel créancier, le naïf Mickey se porte volontaire pour une mission de colonisation sur Niflheim, une planète de glace. Devenu sans trop le savoir un ouvrier \"consommable\", il est régénéré chaque fois qu'il meurt lors des missions les plus dangereuses imposées par l'ex-sénateur Kenneth Marshall, dirigeant mégalomane de la colonie. Après quatre ans, Mickey en est à sa 17e incarnation. Grièvement blessé, il est laissé pour mort par son coéquipier au fond d'une crevasse. Mais contre toute attente, il est sauvé par la mère des créatures qui habitent Niflheim. Pendant son absence, un Mickey 18 est créé.",118000000,131847147,131,"Science-Fiction, Comédie, Aventure",en,https://www.warnerbroscanada.com/fr/films/mickey-17,https://image.tmdb.org/t/p/w500/on60ASUpGg1xfiFucuMCv9wVqtq.jpg,https://image.tmdb.org/t/p/w1280/hGLywNhy1Fo1rNFHsNZsXGS69B8.jpg,Comédie
18785,Very Bad Trip,2009-06-02,14.342,7.327,"Ils avaient prévu un enterrement de vie de garçon à Las Vegas qu’ils n’oublieraient jamais. Maintenant, ils ont vraiment besoin de se souvenir de ce qu’il s’est passé. À qui est ce bébé dans le placard de leur suite au Caesar Palace ? Comment un tigre est‐il arrivé jusque dans leur salle de bain ? Pourquoi manque‐t‐il une dent à l’un d’entre eux ? Et, surtout, où est le marié ? ! Mais ce qu’ils ont fait la nuit précédente n’est rien en comparaison des combines scandaleuses qu’ils doivent mettre en œuvre pour tenter de rassembler les pièces du puzzle qui constituent leur nuit passée – à partir d’indices franchement brumeux…",35000000,469310836,95,Comédie,en,http://hangovermovie.warnerbros.com/,https://image.tmdb.org/t/p/w500/dGOwVbGN5eJlgAnFwGRaANnyZMF.jpg,https://image.tmdb.org/t/p/w1280/iuRVt8tFiXDPGgzavhuSa3QHRxD.jpg,Comédie
870360,Looney Tunes : Daffy et Porky sauvent le monde,2024-08-01,14.193,7.682,"L’un des plus grands duos comiques de l’Histoire, Daffy Duck et Porky Pig, fait son grand retour au cinéma dans une nouvelle comédie déjantée.  Enchaînant les gags et les catastrophes dont seuls les Toons sont capables, Daffy Duck, Porky Pig et une nouvelle venue prénommée Petunia Pig vont tenter de sauver le monde d’une terrible menace.",15000000,15076954,85,"Familial, Comédie, Aventure, Animation, Science-Fiction",en,https://le-pacte.com/france/film/daffy-porky-sauvent-le-monde,https://image.tmdb.org/t/p/w500/7l2gWBdUvzAAipZ7UgaHKRKXAQm.jpg,https://image.tmdb.org/t/p/w1280/5U3VLeWr2H4Nd3G7IkHItFimsIz.jpg,Comédie
1621,Un fauteuil pour deux,1983-06-07,11.0641,7.223,"D'un côté, Louis Winthorpe III, un jeune directeur, est chargé des investissements chez Duke & Duke, une puissante banque de Philadelphie. De l'autre, Billy Ray Valentine est un noir combinard mais fauché. Tous deux vont faire l'objet d'un pari insensé, passé entre les patrons de Louis.",15000000,90404800,117,Comédie,en,"",https://image.tmdb.org/t/p/w500/kU21ARWABQqoY2a5VRwDxVusT9G.jpg,https://image.tmdb.org/t/p/w1280/2pViauhiZLhAUb1lsY6wRir69SF.jpg,Comédie
9279,La Course au jouet,1996-11-21,10.6558,6.057,"Comme tous les enfants américains, et bientôt les autres, Jamie veut un Turbo Man pour Noël. Seulement son papa, homme d'affaires stressé, a oublié sa promesse. Il s'en souvient quelques heures avant la remise fatidique des cadeaux et part à la chasse au Turbo Man, qui n'est plus disponible dans aucun magasin. Une course contre le temps et d'autres acquéreurs du jouet s'engage.",60000000,129800000,86,"Familial, Comédie, Aventure",en,"",https://image.tmdb.org/t/p/w500/dO7JHsyzxS670PrCSsH2VKFQ1FA.jpg,https://image.tmdb.org/t/p/w1280/rnn6sGMGPpM8VfVmCMFxsjKvz7q.jpg,Comédie
24432,Doogal,2006-02-24,10.5194,4.92,"",20000000,27450189,77,"Comédie, Familial, Animation, Aventure, Fantastique",en,"",https://image.tmdb.org/t/p/w500/4Z7h8xDBxQADSPFGj7vmMN76ynX.jpg,https://image.tmdb.org/t/p/w1280/jpA9AzH4A1pVvaAfLr7HsUNRYzX.jpg,Comédie
1304434,浪浪山小妖怪,2025-08-02,10.662,7.5,"",0,215367669,118,"Animation, Aventure, Fantastique, Comédie",zh,"",https://image.tmdb.org/t/p/w500/t3Rs1BeIDXhwjOt10iyjiFe7BpL.jpg,https://image.tmdb.org/t/p/w1280/zivCs8QHipco13PVKI3ZVfBcRPx.jpg,Comédie
1396371,Les irresponsables,2025-07-24,9.597,5.0,"",0,0,93,"Comédie, Drame",ca,"",https://image.tmdb.org/t/p/w500/kq48E5i40mGlIZU2pc5Q4E9jEAs.jpg,https://image.tmdb.org/t/p/w1280/d8rFsRuL5uDmlPg9gTBpe2pwCyw.jpg,Comédie
1588835,Kapag Tumayo Ang Testigo,2025-12-05,11.5293,0.0,"",0,0,82,Comédie,tl,"",https://image.tmdb.org/t/p/w500/sLEc4CJgyRYk30tn9XIMvS2FbWu.jpg,https://image.tmdb.org/t/p/w1280/2EUcReTtycz6KYV78KezcaiizSw.jpg,Comédie
1467100,When Calls the Heart: The Queen of Hearts,2019-05-07,11.2327,0.0,"",0,0,84,"Téléfilm, Romance, Drame, Comédie",en,"",https://image.tmdb.org/t/p/w500/b5o1zxcN9N0ldqVxHClqjolpJbM.jpg,"",Comédie
145341,Pułkownik Kwiatkowski,1996-05-10,11.6908,6.7,"",0,0,123,"Comédie, Histoire",pl,"",https://image.tmdb.org/t/p/w500/q6Jb1IdOJ8k7QO9vk3tJkaMGyIF.jpg,https://image.tmdb.org/t/p/w1280/afVowAl99Vqjo3Ji6RyFI17Tk5r.jpg,Comédie
150540,Vice-versa,2015-06-17,14.7114,7.91,"Riley est déracinée du Mid-Ouest quand son père est muté à San Francisco. Comme tous, Riley est guidée par ses Émotions : Joie, Peur, Colère, Dégoût et Tristesse. Les Émotions vivent au Quartier Cérébral, où elles la conseillent au quotidien. Alors que Riley et ses Émotions se bagarrent, c’est la crise au Quartier Cérébral. Joie, l'Émotion principale de Riley, essaie de rester positive alors que les autres Émotions essaient de s'adapter à la nouvelle vie de Riley.",175000000,857611174,94,"Animation, Familial, Aventure, Drame, Comédie",en,"",https://image.tmdb.org/t/p/w500/KUhrtJN02RNt3Sxc4IMTa1d9Lt.jpg,https://image.tmdb.org/t/p/w1280/jJKZaTBNenlFclQyjrnvzkRmvWE.jpg,Comédie
451984,Rasberries,2016-08-08,9.891,0.0,"",0,0,10,Comédie,en,"",https://image.tmdb.org/t/p/w500/prg4PNZ8L3mqx0jCK09k9mJRoyW.jpg,"",Comédie
1017163,The Roundup: Punishment,2024-04-24,9.945,7.085,"Le détective Ma Seok Do travaille sur une affaire de trafique de drogue impliquant l'utilisation d'une application de livraison.  Baek Chang Ki est le nouveau criminel que Ma Seok Do doit arrêter mais celui-ci se trouve aux Philippines et pour couronner le tout, ce dernier a un complice qui est à Séoul.",0,83703350,109,"Action, Crime, Thriller, Comédie",ko,"",https://image.tmdb.org/t/p/w500/jucHQwnRSma1O9V2bM007e4eSd7.jpg,https://image.tmdb.org/t/p/w1280/mO9oOVXM8tTlC11VFM4FBBNnL3f.jpg,Comédie
568124,"Encanto, la fantastique famille Madrigal",2021-10-13,11.391,7.577,"Dans un mystérieux endroit niché au cœur des montagnes de Colombie, la fantastique famille Madrigal habite une maison enchantée dans une cité pleine de vie, un endroit merveilleux appelé Encanto. L’Encanto a doté chacun des enfants de la famille d’une faculté magique allant d’une force surhumaine au pouvoir de guérison. Seule Mirabel n’a reçu aucun don particulier. Mais lorsque la magie de l’Encanto se trouve menacée, la seule enfant ordinaire de cette famille extraordinaire va peut-être se révéler leur unique espoir…",150000000,261292688,102,"Animation, Comédie, Familial, Fantastique",en,https://disney.fr/films/encanto-la-fantastique-famille-madrigal,https://image.tmdb.org/t/p/w500/vkrAGbjK6TRMrAW5Gq0SmNPOAoc.jpg,https://image.tmdb.org/t/p/w1280/3G1Q5xF40HkUBJXxt2DQgQzKTp5.jpg,Comédie
605722,Long Distance,2024-07-12,9.6298,6.526,"Un mineur d'astéroïde qui, après avoir crashé sur une planète étrangère, doit se frayer un chemin à travers un terrain hostile, à court d'oxygène, chassé par d'étranges créatures, jusqu'à l'unique autre survivant.",0,0,87,"Science-Fiction, Comédie, Action",en,"",https://image.tmdb.org/t/p/w500/m5NKltgQqqyoWJNuK18IqEGRG7J.jpg,https://image.tmdb.org/t/p/w1280/1QV5TIM7pVm0wcWthKIAj7cXjbJ.jpg,Comédie
136614,La Mazurka du baron,1975-01-22,8.0163,6.696,"Baron et riche propriétaire terrien, Anteo Pellacani a bien du mal à concilier son statut et ses convictions anarchistes...",0,0,110,"Drame, Comédie, Romance",it,"",https://image.tmdb.org/t/p/w500/c5ozE0M3Nx1QsdVSsyACQvnN5pr.jpg,https://image.tmdb.org/t/p/w1280/rgonk3bkuGEM5lMewaGVL5WiCdA.jpg,Comédie
609526,Una joven de 16 años,1963-02-28,6.5693,6.0,"",0,0,101,"Comédie, Romance",es,"",https://image.tmdb.org/t/p/w500/oLss2oJMLEIsP8fNHBHiGcAMZz7.jpg,"",Comédie
810,Shrek le troisième,2007-05-17,10.4987,6.3,"L’ogre Shrek n’avait pas quitté son marécage pestilentiel et épousé sa chère Fiona pour devenir roi. C’est pourtant ce qui risque de lui arriver après que son beau‐père Harold clabote soudain sans crier gare. S’il n’arrive pas à dénicher illico un roi avec l’aide de ses fidèles compagnons, l’Âne et le Chat Potté, Shrek deviendra le prochain souverain du Royaume Fort Fort Lointain. Bonjour les ennuis ! À moins qu’Artie, le cousin loser de Fiona, ne se laisse convaincre de monter sur le trône à sa place. Mais ce paumé a‐t‐il vraiment l’étoffe d’un roi ?",160000000,813367380,93,"Fantastique, Aventure, Animation, Comédie, Familial",en,https://www.dreamworks.com/movies/shrek,https://image.tmdb.org/t/p/w500/iV8HuZuij5CvfPl0RucGCmA6NB5.jpg,https://image.tmdb.org/t/p/w1280/wvXxKpFGXvQJRB0nvvfURhRD3C0.jpg,Comédie
226074,Le jacuzzi du plaisir,2013-02-01,8.8225,4.8,Un spa qui répond aux désirs érotiques de ses clients fait face à une fermeture lorsqu'un flic infiltré arrive pour enquêter sur ses affaires torrides.,0,0,75,"Comédie, Drame, Romance",en,"",https://image.tmdb.org/t/p/w500/ssYFXmu9LWtFOxfGaBDaLEKS8Cr.jpg,https://image.tmdb.org/t/p/w1280/rS03B5c90n2vLkXaXVR4Fmuxh35.jpg,Comédie
405472,"...e si salvò solo l'Aretino Pietro, con una mano davanti e l'altra dietro...",1972-07-09,5.6471,2.75,"",0,0,85,Comédie,it,"",https://image.tmdb.org/t/p/w500/w5aQcEUlGpdm70QN2yEt263Imfl.jpg,"",Comédie
90779,Quand les femmes font ding dong,1971-09-28,7.5049,2.0,"Ari, l'étalon préhistorique des cavernes, remporte la jolie vierge Listra dans un concours de capture de cochons, mais leurs tentatives de \"Ding-Dong\" continuent d'être interrompues par des batailles idiotes entre sa tribu, les Cave Dwellers, et leurs voisins, les Lake Dwellers. Agacée que son mari préfère faire la guerre plutôt que Ding-Dong, Listra organise les femmes des deux tribus pour qu'elles se mettent en grève et « s'abstiennent de Ding-Dong » jusqu'à ce que les hommes cessent de se battre. Tout se passe à l'époque où les hommes portaient des clubs et où les femmes jouaient au ding-dong, une comédie sexuelle italienne de l'âge de pierre basée sur le classique grec \"Lysistrata\" et remplie de femmes des cavernes bien faites arborant des coiffures des années 70, d'un homme des cavernes gay avec le béguin pour le héros, une chanson titre qui vous suivra pour toujours et, bien sûr, beaucoup de Ding-Dong à l'ancienne !",0,0,100,Comédie,it,"",https://image.tmdb.org/t/p/w500/70GnNT49MXxADkxPX7UmHhqwdRB.jpg,"",Comédie
1181540,Guns Up,2025-05-15,9.7232,6.612,"Lorsqu’une mission tourne terriblement mal, un ex-policier et père de famille (Kevin James) devenu homme de main pour la mafia n’a qu’une nuit pour faire sortir sa famille saine et sauve de la ville.",0,198534,92,"Action, Comédie, Crime",en,"",https://image.tmdb.org/t/p/w500/kB9MCg7omufRmo1vxraRogFpHAj.jpg,https://image.tmdb.org/t/p/w1280/1KwliRKTw61fRGmbG4Sf8eWOHP.jpg,Comédie
1310672,風都探偵 仮面ライダースカルの肖像,2024-11-08,11.7511,7.9,"Qu'est-il arrivé à Shotaro, Philip et Sokichi Narumi la nuit de la naissance de « Kamen Rider W » ? Basé sur l'arc Begins Night de la série live-action Kamen Rider W avec de nouvelles scènes qui ont étendu ces événements non vus dans la série originale, c'est une expérience puissante que seul un anime peut offrir.",0,0,82,"Animation, Action, Aventure, Comédie",ja,"",https://image.tmdb.org/t/p/w500/fZ5Rl7b8ZeFuVjXpsybswT8kbBg.jpg,https://image.tmdb.org/t/p/w1280/AwgmO9qXGTp9q1jyzWhgOTBDgrN.jpg,Comédie
9714,"Maman, je m'occupe des méchants !",1997-12-12,10.8826,5.3,"De dangereux trafiquants prennent livraison à Hong Kong d'un microprocesseur à usage militaire et le dissimulent dans un jouet électronique. À l'aéroport, Mrs Hess prend par erreur le sac contenant le jouet. Les malfrats retrouvent sa trace dans la banlieue de Chicago, mais faute de connaître son nom, s'installent dans sa rue et visitent chaque maison. Mrs Hess a offert le jouet à son petit voisin, Alex, précoce et déluré, qui ne tarde pas à remarquer le manège des gangsters.",32000000,79082515,102,"Comédie, Familial",en,"",https://image.tmdb.org/t/p/w500/jFlRBtxKgogQso43nC7t65gJeNS.jpg,https://image.tmdb.org/t/p/w1280/qJfgA6bUM7iAkcADrapIj8i6LOY.jpg,Comédie
77970,La loca historia de los tres mosqueteros,1983-10-31,6.5105,5.9,"",0,515221,91,Comédie,es,"",https://image.tmdb.org/t/p/w500/fBEeNB5Znt8N2fjjYBgNNvl9xC5.jpg,"",Comédie
940551,Migration,2023-12-06,11.8512,7.375,"La routine règne chez les Colvert. Si papa Mack préfère garder les siens bien à l’abri dans leur étang de la Nouvelle-Angleterre, maman Pam veut changer les choses et faire découvrir le monde à leurs deux enfants, Dax l’ado et Gwen la cadette. Après qu’une famille de canards migrateurs s’est enflammée pour des récits parlant d’endroits très lointains, Pam persuade Mack d’embarquer la famille dans un long périple, depuis la ville de New York jusque sous les tropiques, en Jamaïque. Tandis que les Colvert s’envolent vers le Sud pour l’hiver, leurs projets bien rodés tombent rapidement à l’eau. Une expérience qui les pousse alors à étendre leurs horizons, à s’ouvrir à de nouveaux amis et à aller au-delà de leurs espoirs les plus fous, tout en apprenant davantage sur chacun et sur soi-même",72000000,298776052,82,"Familial, Comédie, Aventure, Animation",en,https://www.universalpictures.fr/micro/migration,https://image.tmdb.org/t/p/w500/3xGLxvuVvLoPhrCxkofkczfR6R5.jpg,https://image.tmdb.org/t/p/w1280/gklkxY0veMajdCiGe6ggsh07VG2.jpg,Comédie
550988,Free Guy,2021-08-11,11.5847,7.464,"Un employé de banque, découvrant un jour qu’il n’est en fait qu’un personnage d’arrière-plan dans un jeu vidéo en ligne, décide de devenir le héros de sa propre histoire, quitte à la réécrire. Évoluant désormais dans un monde qui ne connaît pas de limites, il va tout mettre en œuvre pour le sauver à sa manière, avant qu’il ne soit trop tard…",110000000,331526598,115,"Comédie, Aventure, Science-Fiction",en,"",https://image.tmdb.org/t/p/w500/lG7Rv88OANLVbeR6Zymlid1cRuk.jpg,https://image.tmdb.org/t/p/w1280/7py8kUCYaOdFn1TfVS87BDBySOz.jpg,Comédie
287903,Krampus,2015-11-26,10.4481,6.2,"Quand Max voit sa famille peu exemplaire se disputer à l'approche de Noël, le garçon décide d'ignorer la célébration, sans se rendre compte que ce manquement à la tradition va provoquer les foudres de Krampus, un démon ancestral bien décidé à punir les réfractaires. La situation tourne en enfer quand les figures de Noël prennent monstrueusement vie, lançant l'assaut sur la maison de Max et forçant les membres de sa famille à s'entraider s'ils espèrent sauver leur peau.",15000000,61800000,98,"Horreur, Comédie, Fantastique",en,http://www.krampusthefilm.com/,https://image.tmdb.org/t/p/w500/eefEFpgdaGH9udEm3hefnbXQnsh.jpg,https://image.tmdb.org/t/p/w1280/h3X1YZXNeklLNKRVOS6DHGRosog.jpg,Comédie
350,Le Diable s'habille en Prada,2006-06-29,10.8733,7.391,"Fraîchement diplômée, Andrea débarque à New York et décroche le job de rêve. Mais en tant qu’assistante de la tyrannique rédactrice en chef d’un prestigieux magazine de mode, elle va vite découvrir ce que le mot « enfer » veut dire…",35000000,326706115,110,"Drame, Comédie",en,"",https://image.tmdb.org/t/p/w500/vTIBjWMWx1p5Wv2J3IRhEW13lrj.jpg,https://image.tmdb.org/t/p/w1280/3tWw50B1xXlCnJ9A7NX4nNzZF4j.jpg,Comédie
788,Madame Doubtfire,1993-11-24,12.6974,7.192,"Privé, à la suite de son divorce, de ses trois enfants qu'il adore, Daniel Hillard, doubleur de dessins animés, met en œuvre tous ses talents d'acteur et d'imitateur et se transforme en respectable gouvernante irlandaise. Lorsque Mme Doubtfire se présente dans la famille Hillard, elle est acceptée à l'unanimité.",25000000,441286195,125,"Comédie, Drame, Familial",en,"",https://image.tmdb.org/t/p/w500/z57TpEyQwCoyLxZkrVMiUCqT8Aw.jpg,https://image.tmdb.org/t/p/w1280/sTgavNm82pTaZR9U2NQZ1J2FrJz.jpg,Comédie
1114967,Good Fortune,2025-10-14,12.9111,7.078,"Gabriel, un ange gardien, souhaite avoir de plus grandes responsabilités afin d'aider les âmes perdues. Il est témoin des difficultés vécues par Arj, qui cumule les emplois journaliers et peine à joindre les deux bouts. À l'opposé, Jeff est un riche entrepreneur qui mène une existence oisive et luxueuse. Gabriel décide d'intervenir auprès de ces deux personnes pour redonner espoir à Arj. Son assistance n'a toutefois pas l'effet escompté.",30000000,25748966,98,"Comédie, Fantastique",en,"",https://image.tmdb.org/t/p/w500/zJmZ6pcnDO2wAqnoklcZSvyH7MU.jpg,https://image.tmdb.org/t/p/w1280/q2V1q2Xxwqg3uXQKufpdCtrnAdn.jpg,Comédie
10193,Toy Story 3,2010-06-16,10.6083,7.8,"Woody, Buzz l’Éclair et le reste des jouets reviennent dans une toute nouvelle aventure avec quelques nouveaux visages dont Ken et Barbie, le hérisson La Brosse et l’ours Lotso. Andy se prépare à partir pour l’université et Woody, Buzz, Jessie et les autres jouets se demandent ce qu’ils vont devenir. Quand ils arrivent à Sunnyside, c’est le début d’une nouvelle aventure.",200000000,1067316101,103,"Animation, Familial, Comédie",en,http://www.disney.fr/toy-story/index.jsp#personnages,https://image.tmdb.org/t/p/w500/hhOQ0FGXs0ux2GNMihx9itfRCm1.jpg,https://image.tmdb.org/t/p/w1280/wE5JGzujfvDPMIfFjJyrhXFjZLc.jpg,Comédie
965979,Dada,2023-02-10,9.569,7.438,"Manikandan et Sindhu, deux adolescents amoureux, deviennent parents. Cette situation embarassante pour la société mène à leur séparation. Manikandan, seul avec son fils, se débat pour mener sa vie de jeune père célibataire. Le destin le remettra sur le chemin de Sindhu qui sera sa supérieure hiérachique. Manikandan doit surmonter ce nouveau défi, car ses collègues ne connaissent pas leur passé...",0,0,150,"Drame, Comédie, Romance",ta,"",https://image.tmdb.org/t/p/w500/x7C2u4oXoMFQBaSJqqcyU3qpwKy.jpg,https://image.tmdb.org/t/p/w1280/8SLW8lr2mQaHNJtw2PwGwUCcw3h.jpg,Comédie
15413,Panique chez les Crandell,1991-06-07,8.1272,6.15,"Alors que leurs parents sont partis pour deux mois en Australie, 5 enfants se débarrassent d'une gouvernante acariatre et tyrannique...",10000000,25196249,105,"Comédie, Familial",en,"",https://image.tmdb.org/t/p/w500/rjOGXpvsdvauP1s7FhWI5hd8Glq.jpg,https://image.tmdb.org/t/p/w1280/bF4YrmQKdA3v5CNZq8pc0CIqver.jpg,Comédie
508943,Luca,2021-06-17,9.7344,7.791,"Un jeune garçon, Luca, vit un été inoubliable, ponctué de délicieux gelato, de savoureuses pasta et de longues balades en scooter. Luca partage ses aventures avec son nouveau meilleur ami, mais ce bonheur est menacé par un secret bien gardé...",200000000,51074773,95,"Animation, Comédie, Fantastique, Aventure, Familial",en,https://www.disney.fr/films/luca,https://image.tmdb.org/t/p/w500/bADnZZZdzQtajVwJ8MVWYlQ6Iq2.jpg,https://image.tmdb.org/t/p/w1280/620hnMVLu6RSZW6a5rwO8gqpt0t.jpg,Comédie
1290183,퍼스트 라이드,2025-10-29,12.4876,6.6,"",0,0,117,"Comédie, Drame, Aventure",ko,"",https://image.tmdb.org/t/p/w500/ulJqKW1VEDBiUaa781VHX7GkM1C.jpg,https://image.tmdb.org/t/p/w1280/1IMGRRPJYpdO7hNxsBgrexYxxGx.jpg,Comédie
1210732,Un ours dans le Jura,2025-01-01,10.7808,6.459,"Michel et Cathy, un couple usé par le temps et les difficultés financières, ne se parle plus vraiment. Jusqu’au jour où Michel, pour éviter un ours sur la route, heurte une voiture et tue les deux occupants. 2 morts et 2 millions en billets usagés dans le coffre, forcément, ça donne envie de se reparler. Et surtout de se taire.",0,10867970,112,"Comédie, Thriller, Crime",fr,https://www.gaumont.com/fr/film/un-ours-dans-le-jura,https://image.tmdb.org/t/p/w500/emguym9bd9QPIKVNO97gdvQv4R8.jpg,https://image.tmdb.org/t/p/w1280/s7xmwFJQj99lICSGQkr8sQ7G9IA.jpg,Comédie
11688,"Kuzco, l'empereur mégalo",2000-12-15,13.6666,7.6,"L’empereur Kuzco pensait tout avoir : un peuple dévoué, une garde-robe de tenues chics et son groove inébranlable. Mais sa vie est bouleversée lorsqu’il est transformé en lama par sa conseillère sournoise Yzma et son acolyte Kronk. À présent, le souverain doit s’associer à un paysan sympathique nommé Pacha. Une folle aventure s’ensuit.",100000000,169327687,79,"Aventure, Animation, Comédie, Familial, Fantastique",en,"",https://image.tmdb.org/t/p/w500/oOnoW6j2l1zXDIP8W7rGTOxuYIk.jpg,https://image.tmdb.org/t/p/w1280/mZj8EUr6F1x2PWZjKPxaeYd5WRw.jpg,Comédie
613069,Mio Mao: Fatiche ed avventure di alcuni giovani occidentali per introdurre il vizio in Cina,1970-04-23,5.2867,0.0,"",0,0,95,Comédie,it,"",https://image.tmdb.org/t/p/w500/1UbmhIVzCCLTmq367TnwPM6iQig.jpg,"",Comédie
10625,Lolita malgré moi,2004-04-30,10.352,7.223,"Cady débarque d'Afrique et atterrit dans un lycée de l'Illinois, véritable élevage de lolitas branchées. Au sommet de la hiérarchie, Régina, barbie-manipulatrice qui voit en elle une rivale potentielle et décide de se la jouer copine. Mais quand Cady commet l'erreur de sortir avec l'ex de Régina, une guerre impitoyable est déclarée.",17000000,130193514,98,"Drame, Comédie",en,"",https://image.tmdb.org/t/p/w500/1Ju45uncn6jUUoDxwr4flUNgdYG.jpg,https://image.tmdb.org/t/p/w1280/nP3y0TkR6XniFs9J53qQkg4Bnnk.jpg,Comédie
564115,Rita Rudner: A Tale of Two Dresses,2018-09-07,5.786,4.0,"",0,0,53,Comédie,en,"",https://image.tmdb.org/t/p/w500/j2o7Db3AhiwrC7CtaPmPLkMio6f.jpg,"",Comédie
64959,Metalmeccanico e parrucchiera in un turbine di sesso e di politica,1996-10-10,7.1502,4.833,"",0,0,101,Comédie,it,"",https://image.tmdb.org/t/p/w500/qENzHUbhhDZnjjKneWcBRPgdIoP.jpg,https://image.tmdb.org/t/p/w1280/6HK3PD0nc5BcSNL7JlJ8RbCAKKl.jpg,Comédie
36108,Chacun son cinéma,2007-10-31,6.3422,6.497,"Film anniversaire réalisé à l'occasion des 60 ans du Festival de Cannes. 34 cinéastes, issus de 25 pays, ont réalisé chacun un court métrage de 3 minutes autour du thème de la salle de cinéma.",0,0,100,"Comédie, Drame",fr,"",https://image.tmdb.org/t/p/w500/oqsHDWIh26sJXz9Ua3lPQhUx3lK.jpg,https://image.tmdb.org/t/p/w1280/20vIC3JXCFrsLwv0TpiBbK7IKh2.jpg,Comédie
1206008,Ella McCay,2025-12-11,10.5077,3.5,"Une jeune politicienne idéaliste jongle entre ses soucis familiaux et sa préparation afin de reprendre le poste de son mentor, le gouverneur de l'État.",0,0,115,"Comédie, Drame",en,"",https://image.tmdb.org/t/p/w500/iQCtK477yqp6xnHHrQG2P0lXoow.jpg,https://image.tmdb.org/t/p/w1280/nKwZoaflB5VQNn0StOBAHDxU8YR.jpg,Comédie
112160,Chroniques sexuelles d'une famille d'aujourd'hui,2012-05-09,14.3015,5.378,"Des petits déjeuners où les silences sont parfois pesants, des dîners où on parle de tous les sujets sauf de sexe ; le quotidien d’une famille d’aujourd’hui est ébranlé quand le fils cadet, Romain, est pris en flagrant délit lors d’un cours de biologie à l’école en train de se masturber et de se filmer avec son téléphone portable. Il risque l’exclusion ! Romain explique que c’est un défi que les élèves se lancent entre eux, garçons et filles, « pour le fun ». Et lui, il s’est bêtement fait prendre.",0,0,77,"Comédie, Drame, Romance",fr,"",https://image.tmdb.org/t/p/w500/p9zRDTqKZpEdfti9jRmo5bqiYdd.jpg,https://image.tmdb.org/t/p/w1280/gvtGBiE4r2xCVp0qR0mbM85Doxp.jpg,Comédie
313369,La La Land,2016-12-01,10.1179,7.9,"Au cœur de Los Angeles, une actrice en devenir prénommée Mia sert des cafés entre deux auditions. De son côté, Sebastian, passionné de jazz, joue du piano dans des clubs miteux pour assurer sa subsistance. Tous deux sont bien loin de la vie rêvée à laquelle ils aspirent… Le destin va réunir ces doux rêveurs, mais leur coup de foudre résistera-t-il aux tentations, aux déceptions, et à la vie trépidante d’Hollywood ?",30000000,509183536,128,"Comédie, Drame, Romance",en,"",https://image.tmdb.org/t/p/w500/5KIj6aioW1UtUT1IV0qqW5iZbNH.jpg,https://image.tmdb.org/t/p/w1280/nlPCdZlHtRNcF6C9hzUH4ebmV1w.jpg,Comédie
11548,Miracle sur la 8ème rue,1987-12-18,11.4447,6.679,"Seul un miracle pourrait sauver les cinq derniers locataires d'un immeuble sur le point d'être démoli. Résistant aux pressions du promoteurs, nos cinq héros vont être sauvés par de biens étranges créatures...",25000000,65088797,106,"Familial, Comédie, Fantastique, Science-Fiction",en,"",https://image.tmdb.org/t/p/w500/jVSF7cCzqye6WLTgsDUVE3j7Jt.jpg,https://image.tmdb.org/t/p/w1280/AdSU7O4KhqqZuYadNAdWSEROSNg.jpg,Comédie
1251687,Don't Tell Mom the Babysitter's Dead,2024-04-12,7.298,5.527,"Tanya, une jeune fille de 17 ans, prévoit de passer des vacances en Europe avec ses amis avant d'entrer à l'université à l'automne. Mais sa mère décide de se rendre à une retraite de bien-être en Thaïlande, si bien que Tanya est obligée de rester à la maison avec ses frères et sœurs, aidée par une vieille babysitter qui ne va pas rester longtemps...",0,0,99,Comédie,en,"",https://image.tmdb.org/t/p/w500/wZOjJGJuZn1W6SW2rJalGF7p8wB.jpg,https://image.tmdb.org/t/p/w1280/xAAYm7bUC5LnAj2Hs2hePOMHh2z.jpg,Comédie
38365,Copains pour toujours,2010-06-24,10.1243,6.401,"Après trente ans sans se voir, cinq amis d'enfance se retrouvent pour partager un week-end avec femmes et enfants. Leurs relations reprennent là où elles en étaient restées trois décennies plus tôt, et ils vont vite découvrir que vieillir ne signifie pas forcément grandir...",80000000,271430189,102,Comédie,en,"",https://image.tmdb.org/t/p/w500/kM9MK3zspfSJnyo36wn3cBy30Ce.jpg,https://image.tmdb.org/t/p/w1280/kARonxQpuSZdFraTKlCThWOBCtu.jpg,Comédie
49013,Cars 2,2011-06-11,11.5141,6.165,"La célèbre voiture de course Flash McQueen et l'incomparable dépanneuse Martin quittent Radiator Springs pour courir le tout premier Grand Prix mondial qui sacrera la voiture la plus rapide du monde. Mais la route est pleine d'imprévus, de déviations et de surprises, surtout lorsque Martin se retrouve entraîné dans une affaire d'espionnage international !",200000000,559852396,106,"Animation, Familial, Aventure, Comédie",en,"",https://image.tmdb.org/t/p/w500/qCoaNNfH6lS7qkZDYhWkQpiQpnM.jpg,https://image.tmdb.org/t/p/w1280/4BS8tgBNWg2jPiDlBwM2iJe1xB7.jpg,Comédie
46195,Rio,2011-04-03,9.5927,6.753,"Blu, un perroquet bleu d’une espèce très rare, quitte sa petite ville sous la neige et le confort de sa cage pour s’aventurer au cœur des merveilles exotiques de Rio de Janeiro. Sachant qu’il n’a jamais appris à voler, l’aventure grandiose qui l’attend au Brésil va lui faire perdre quelques plumes ! Heureusement, ses nouveaux amis hauts en couleurs sont prêts à tout réveiller le héros qui est en lui, et lui faire découvrir tout le sens de l’expression « prendre son envol ».",90000000,483866772,90,"Animation, Aventure, Comédie, Familial",en,https://family.20thcenturystudios.com/movies/rio-2,https://image.tmdb.org/t/p/w500/6A4PpkdHvkRvrgY8FHkK61v3kka.jpg,https://image.tmdb.org/t/p/w1280/3vxlXdwBKztOJdgiZ2Qwasl9FY4.jpg,Comédie
417870,Girls Trip,2017-07-21,9.8042,6.8,"Quatre amis quittent la Nouvelle-Orléans pour se rendre à l'Essence Festival, où les amitiés sont ravivées et les côtés sauvages de chacunes redécouverts.",19000000,140376621,122,"Comédie, Romance, Aventure",en,"",https://image.tmdb.org/t/p/w500/9prZibyJJfZQ7qfyTVybX0X9qBm.jpg,https://image.tmdb.org/t/p/w1280/nWKOp57cAzdgGXZ2BN5AElVfujN.jpg,Comédie
937278,Le Pire Voisin au monde,2022-12-28,12.2214,7.76,"Depuis la mort de sa femme Sonya, Otto est devenu grincheux et dépressif. Il se sent vieux et n'attend plus qu'une seule chose : la mort. Renvoyé de son emploi, il erre sans but, surveille le quartier et se brouille avec ses voisins. C'est alors que l'arrivée d'une nouvelle famille dans la rue, avec notamment deux petites filles, va bouleverser son quotidien.",50000000,108961677,126,"Comédie, Drame",en,"",https://image.tmdb.org/t/p/w500/7Sc5hW5HhK2HWGF35MkGtv8guHF.jpg,https://image.tmdb.org/t/p/w1280/9ZznETDyfPWVugRiv0jfGrkRftw.jpg,Comédie
57999,Je sais que tu sais...,1982-08-29,11.7248,6.932,"Un employé de banque découvre que sa femme a été suivie par un détective débutant qui s’est trompé de cible. Il l’a filmée à son insu et le mari se procure les films. C’est ainsi qu’il va découvrir des tas de choses sur sa femme, mais aussi sa fille et finalement sur lui-même...",0,0,112,Comédie,it,"",https://image.tmdb.org/t/p/w500/p6pAefUZGEa6HO7jLlseu1oHNud.jpg,https://image.tmdb.org/t/p/w1280/grFBqHYMLZjLTfAeyguopP3wmFn.jpg,Comédie
916715,When Will It Be Again Like It Never Was Before,2023-02-23,11.7234,5.521,"‘When will things finally get back to the way they never where', explore l'enfance extraordinaire de Joachim, qui a grandi dans l'enceinte d’un grand hôpital psychiatrique pour jeunes, dont son père était le directeur. Basé sur le roman autobiographique de Joachim Meyerhoff, le film s'étend sur plusieurs décennies et témoigne de la disparition et de la réunion d'une famille.",0,0,110,"Drame, Comédie",de,"",https://image.tmdb.org/t/p/w500/s4Ls5utltXfoE5jx2fWi2DMjN87.jpg,https://image.tmdb.org/t/p/w1280/8RkVaV5wRlEHJJ2XsBmLnsNjQUR.jpg,Comédie
13335,Harold et Kumar s'évadent de Guantanamo,2008-04-25,11.7184,6.304,"Après une première quête qui leur a valu une célébrité planétaire, Harold et Kumar se préparent à vivre la plus grande aventure de leur vie : ils vont aller à Amsterdam pour qu'Harold puisse conquérir l'élue de son coeur, Maria. Hélas, comme souvent avec ces deux-là, les choses vont vite déraper et par un enchaînement de catastrophes dont ils ont le secret, ils vont se retrouver accusés de terrorisme et envoyés au camp de Guantanamo. Ils n'auront de cesse de prouver leur innocence mais pour cela, il faudra s'évader. Ce ne sera pas la partie la plus compliquée étant donné la folle course-poursuite qui les attend ensuite. L'innocence a un prix et avec eux, ça va coûter cher en dégâts...",12000000,43493123,97,"Comédie, Aventure",en,"",https://image.tmdb.org/t/p/w500/yXM7fCiQd1dpKHCYsKRZPrpWBBk.jpg,https://image.tmdb.org/t/p/w1280/6purgydDOA74TsuAF0VJpp1hFYw.jpg,Comédie
72981,"Passe devant, je te suis",1982-11-19,11.7076,5.959,"Pour remonter dans l'estime de ses supérieurs, un commissaire de police en difficulté se lance à la poursuite d'un tueur international avec l'aide d'un mystérieux témoin.",0,0,94,"Comédie, Crime",it,"",https://image.tmdb.org/t/p/w500/jDawkXHAzThKPV954FCvSk76BPo.jpg,https://image.tmdb.org/t/p/w1280/hPu0lUMQKe7MpG8Gic5efJSvk5x.jpg,Comédie
863,Toy Story 2,1999-10-30,11.6803,7.6,"Andy part en colonie de vacances et laisse ses jouets à la maison. Les choses se gâtent quand le collectionneur Al McWhiggin kidnappe Woody. Dans l’appartement d’Al, Woody découvre qu’il est un objet de collection d’une émission des années 50, il rencontre d’autres jouets : Jessie, Pile-Poil, Papi Pépite. Buzz et les autres vont tenter de sauver Woody, avant qu’il ne devienne une pièce de musée.",90000000,497375381,92,"Animation, Comédie, Familial",en,http://toystory.disney.com/toy-story-2,https://image.tmdb.org/t/p/w500/144DDQdfZxAK5xyPTETmygzGGuH.jpg,https://image.tmdb.org/t/p/w1280/nsfVr4QbbunUrHINN9N7JdVAMTf.jpg,Comédie
166202,¿Qué hace una chica como tú en un sitio como éste?,1978-08-16,11.6612,3.5,"",0,233575,85,"Drame, Comédie",es,"",https://image.tmdb.org/t/p/w500/5fIoAVBKav1qLEgJERr1tP8TvpP.jpg,"",Comédie
117916,Haz la loca... no la guerra,1976-01-01,11.6297,2.333,"",0,0,99,Comédie,es,"",https://image.tmdb.org/t/p/w500/yHz9GBb5tUCL428tXvMLPMQnLrZ.jpg,https://image.tmdb.org/t/p/w1280/xJSSzCKR9P7MUjLfPSzE8mVLz92.jpg,Comédie
353219,"Si Agimat, si Enteng Kabisote at si Ako",2012-12-25,11.5854,0.0,"",0,0,0,"Fantastique, Action, Aventure, Comédie",tl,"",https://image.tmdb.org/t/p/w500/6t4iwmcOEEoytwM7Jy87RCXPN5Q.jpg,"",Comédie
140669,"El fascista, doña Pura y el follón de la escultura",1983-01-24,11.5645,3.333,"",0,0,91,Comédie,es,"",https://image.tmdb.org/t/p/w500/tpan1G31KpZzUohhH8RAtpMspky.jpg,https://image.tmdb.org/t/p/w1280/w9oTdtYBB5k7KIexHVOnqmP4pAU.jpg,Comédie
11643,"Mardi, c’est donc la Belgique",1969-04-24,11.5548,5.773,"Un groupe de touristes américains se donnent 18 jours pour visiter sept pays. Tout au long de cette course folle, des relations se nouent et se dénouent entre les voyageurs.",0,6000000,99,"Romance, Comédie, Aventure",en,"",https://image.tmdb.org/t/p/w500/ekeVazUMtejiDhuBiykEgbXUBsd.jpg,https://image.tmdb.org/t/p/w1280/gDs34xSi2zm1zb9dxRnVUw6NGOe.jpg,Comédie
156545,¿Qué te ha dado esa mujer?,1951-12-20,11.5476,8.0,"",0,0,100,Comédie,es,"",https://image.tmdb.org/t/p/w500/9KGCjCDH6lOLArQeHJuhcxi6c9x.jpg,https://image.tmdb.org/t/p/w1280/emkS9rwRcz9U82IzCjFncekHCUg.jpg,Comédie
81835,Comment perdre sa femme et trouver une maîtresse,1978-11-28,11.5281,5.4,"Parti se réfugier dans une station de montagne après une rupture, un directeur publicitaire rencontre une femme abandonnée par son mari.  S'ensuit une série de quiproquos.",0,0,98,Comédie,it,"",https://image.tmdb.org/t/p/w500/pOhvjrzpOUuhHo4lPk6yqkE8CL7.jpg,https://image.tmdb.org/t/p/w1280/sobKLpIDk3mEBLgG5yTR2MyEKNz.jpg,Comédie
1062722,Frankenstein,2025-10-17,118.3007,7.772,"Fin du XVIIIe siècle. Victor Frankenstein, scientifique visionnaire et ambitieux, se consacre corps et âme à un projet dément : recréer la vie à partir de restes humains, et ainsi remporter sa conquête obsédée de la mort. Financé par un mécène aux obscures motivations, Victor finit par donner vie à sa créature. Mais, au lieu de l’aimer comme un fils, il la rejette et l’enferme. Rejetée et meurtrie, celle-ci finit par se retourner contre lui.",120000000,480678,150,"Drame, Fantastique, Horreur",en,https://www.netflix.com/fr/title/81507921,https://image.tmdb.org/t/p/w500/aSMz7X2yQaN0ojeXEmOonbIJFhU.jpg,https://image.tmdb.org/t/p/w1280/hpXBJxLD2SEf8l2CspmSeiHrBKX.jpg,Drame
1166133,ഭ്രമയുഗം,2024-02-15,95.7273,7.597,"Thevan, un chanteur folk de la caste Paanan, fait une rencontre fatidique en échappant à l'esclavage, ce qui l'amène à découvrir une ancienne tradition qui modifie son destin.",3300000,10000000,139,"Horreur, Thriller, Drame",ml,"",https://image.tmdb.org/t/p/w500/x4geWE7mQwGyzNGLw1MKoDf8Fs7.jpg,https://image.tmdb.org/t/p/w1280/3Y5pOfxMrG8SqbIcGhYy497eOXc.jpg,Drame
1033148,Die My Love,2025-10-06,62.9935,6.835,"Grace et Jackson emménagent dans une vieille maison de campagne. Elle poursuit son rêve d'écriture, et les deux deviennent parents peu de temps après. Cependant, avec les absences de Jackson et les pressions de la vie domestique, Grace commence à sombrer, semant la destruction dans son sillage.",20000000,7421995,118,"Drame, Thriller",en,"",https://image.tmdb.org/t/p/w500/tQk0zn7UirjbB3vh1B65WWKHd9Z.jpg,https://image.tmdb.org/t/p/w1280/dEkFlZzj2cb5F7SShvqkL54E4lr.jpg,Drame
1327862,Regretting You,2025-10-22,57.293,7.0,"Morgan Grant a mis ses rêves de côté pour élever sa fille unique, Clara. Dix-sept ans plus tard, protectrice à l’excès, elle tente de la préserver des erreurs qu’elle-même a commises, tandis que l’adolescente, aspirant à devenir actrice, cherche son indépendance. Mais un tragique accident plonge leur vie dans le chaos et redéfinit leur dynamique mère-fille. Dans le deuil, Morgan trouve du soutien auprès de son beau-frère, tandis que Clara découvre l’amour dans les bras d’un garçon cinéphile de son école.",30000000,83106420,116,"Romance, Drame",en,"",https://image.tmdb.org/t/p/w500/tulNImprvr3I3vUSrvSExbdaXgN.jpg,https://image.tmdb.org/t/p/w1280/m3WlBJJRbFPaut1QS0PbOG8Wezy.jpg,Drame
1387190,Rejseholdet: Det Første Mord,2025-08-25,45.7537,8.833,"",6500000,0,125,"Crime, Drame, Histoire",da,"",https://image.tmdb.org/t/p/w500/wJle82aBImTf9U5f6G1dvLzOXG0.jpg,https://image.tmdb.org/t/p/w1280/x3z1IscsJ2bwIYemUwq18iecNA.jpg,Drame
402431,Wicked,2024-11-20,43.1592,6.926,"Elphaba, une jeune femme incomprise à cause de sa peau verte inhabituelle, doit encore découvrir son véritable pouvoir. Glinda, une jeune femme populaire, dorée par le privilège et l'ambition, doit encore découvrir son véritable cœur. Les deux se rencontrent en tant qu'étudiantes à l'Université de Shiz dans le fantastique Pays d'Oz et forgent une amitié improbable, mais profonde.",150000000,758737211,160,"Drame, Romance, Fantastique",en,"",https://image.tmdb.org/t/p/w500/kQkgPhj6sCuoMWzPKWQVOWUXzib.jpg,https://image.tmdb.org/t/p/w1280/w22GVYotTIVC1dUd58mRhwPqiS.jpg,Drame
1010581,À contre-sens,2023-06-08,38.5054,7.766,"Noah doit quitter sa ville, son petit ami et ses amis pour emménager dans le manoir de William Leister, le nouveau et riche mari de sa mère. Âgée de dix-sept ans, fière et indépendante, Noah rencontre Nick, son nouveau demi-frère, et leurs fortes personnalités s’entrechoquent dès le début. Noah découvre bientôt que derrière l'image d'un fils modèle, Nick cache une vie de bagarre, de jeu et de courses automobiles illégales. Malgré l'abîme qui les sépare, tous deux commencent à ressentir une attirance irrésistible qui se transformera bientôt en feu et en folle passion. Ni la rivalité permanente, ni l'opposition de leur entourage ne peuvent les empêcher de tomber secrètement et follement amoureux. Mais le présent turbulent de Nick et le passé orageux de Noah mettront à l'épreuve leur vie et leur amour interdit.",0,0,117,"Drame, Romance, Thriller",es,https://www.primevideo.com/detail/0S0OIMOTSETYIWA2EVTWWH7JR9,https://image.tmdb.org/t/p/w500/3ZCfSSxZ2e4Kiwu3Y9dvfT5n1m6.jpg,https://image.tmdb.org/t/p/w1280/oz4U9eA6ilYf1tyiVuGmkftdLac.jpg,Drame
1339206,The Surrender,2025-11-06,40.4056,4.75,"Une mère de famille engage un mystérieux étranger pour ramener son mari d'entre les morts. Le rituel de résurrection échappe à tout contrôle, la mère et sa fille doivent concilier leurs différences afin de rester en vie.",0,0,95,"Drame, Horreur",en,"",https://image.tmdb.org/t/p/w500/t45V9B1kSvwVpupWie1t9e1YWXe.jpg,https://image.tmdb.org/t/p/w1280/6prlDNn0CY5ZcxkP33GH5tIGOMd.jpg,Drame
1266990,Kulong,2024-05-24,42.1357,6.0,"",0,0,48,Drame,tl,"",https://image.tmdb.org/t/p/w500/bZ8xfM705sK59dA1UCdRkEj7LHN.jpg,https://image.tmdb.org/t/p/w1280/mBc6RB7VajfykLqGx0ue7qatXky.jpg,Drame
157336,Interstellar,2014-11-05,41.1832,8.463,"Dans un futur proche, face à une Terre exsangue, un groupe d’explorateurs utilise un vaisseau interstellaire pour franchir un trou de ver permettant de parcourir des distances jusque‐là infranchissables. Leur but : trouver un nouveau foyer pour l’humanité.",165000000,746606706,169,"Aventure, Drame, Science-Fiction",en,https://www.warnerbros.co.uk/movies/interstellar,https://image.tmdb.org/t/p/w500/1pnigkWWy8W032o9TKDneBa3eVK.jpg,https://image.tmdb.org/t/p/w1280/5XNQBqnBwPA9yT0jZ0p3s8bbLh0.jpg,Drame
648457,DEEMO Memorial Keys,2022-02-25,33.6017,7.5,"Deemo est un être mystérieux qui vit seul dans un château et joue du piano pour lui-même. Un jour, une petite fille qui a perdu la mémoire tombe du ciel et rompt sa solitude. Deemo décide de tout faire pour l'aider à regagner son monde. Alors qu'il cherche un moyen de la renvoyer dans le ciel, Deemo remarque un arbuste qui pousse quand il joue de la musique. Si Deemo parvient à en faire un arbre, juste assez grand pour atteindre la fenêtre du ciel, alors peut-être pourra-t-elle regagner sa maison. Lors de leurs interactions, Deemo découvre ce qu'avoir un ami signifie. Qu'est-ce qui attend nos deux protagonistes une fois que la petite fille retrouvera la mémoire ? Découvrez le conte touchant et plutôt étonnant de ces deux amis.",0,0,90,"Animation, Drame, Romance, Mystère, Fantastique",ja,http://deemomovie.jp/,https://image.tmdb.org/t/p/w500/7zpjkwZxFrKNEOjKNwagLWwIiGa.jpg,https://image.tmdb.org/t/p/w1280/1BXH1156pFDfBnlFiWLO6CUzJJd.jpg,Drame
1325678,Sarah's Oil,2025-11-06,32.6371,6.969,"L'histoire vraie de Sarah Rector, une afro-américaine née dans le territoire indien de l'Oklahoma au début des années 1900. Elle est persuadée que du pétrole se trouve sous la terre familiale et son intuition s'avère exacte, elle devient alors l'une des premières femmes afro-américaines millionnaires du pays - à l'âge de 11 ans.",0,0,103,Drame,en,"",https://image.tmdb.org/t/p/w500/Av1CK61z33v2OBFLD1yF5rdRxQ1.jpg,https://image.tmdb.org/t/p/w1280/rUrOOrPZFY43F6TLpq1FoGs3pqN.jpg,Drame
1156594,À contre-sens 3,2025-10-15,34.601,7.457,"Le mariage de Jenna et Lion marque les retrouvailles entre Noah et Nick après leur rupture. L'incapacité de Nick à pardonner à Noah représente un obstacle difficile à surmonter. Lui, héritier des affaires de son grand-père, et elle, qui débute sa carrière, évitent de raviver la flamme entre eux. Mais, maintenant qu'ils se retrouvent, l'amour l'emportera-t-il sur le ressentiment ?",0,0,112,"Romance, Drame",es,"",https://image.tmdb.org/t/p/w500/iNncvRAgj8SQA25OhjNZeEElWCK.jpg,https://image.tmdb.org/t/p/w1280/srk5NlOnpEsd0hxVFiHfhtQtfDe.jpg,Drame
1241742,EKS,2024-03-01,31.9886,3.2,"",0,0,119,Drame,tl,"",https://image.tmdb.org/t/p/w500/gcK3HgN6IHNOviXnX11W6aFLTGv.jpg,https://image.tmdb.org/t/p/w1280/2Ve7sjxLb3rKG8qJ1t7QEuNI0UM.jpg,Drame
372058,Your Name.,2016-08-26,24.5907,8.48,"Mitsuha est une lycéenne, la fille du maire d'une petite ville nichée entre les montagnes. Vivant avec sa petite sœur et sa grand-mère, c'est une demoiselle franche qui n'hésite pas à dire qu'elle n'a pas envie de participer aux rituels shinto, ou d'aider son père dans ses campagnes électorales. En fait, elle rêve de pouvoir quitter cette ville où elle s'ennuie, pour partir tenter sa chance à la capitale. Taki est un lycéen, un tokyoïte qui travaille à mi-temps dans un restaurant italien, tout en aspirant à des études d'architecture ou dans les Beaux-Arts. Chaque nuit, il fait un rêve étrange, où il devient… une lycéenne campagnarde, vivant dans une petite ville entre les montagnes.  Quel secret se cache derrière ces rêves mutuels, qui unissent ces deux êtres qui ne se sont jamais rencontrés ?",0,358000000,107,"Animation, Romance, Drame",ja,"",https://image.tmdb.org/t/p/w500/zyHjvVRgKOt9wgVx4ikp2kGArGF.jpg,https://image.tmdb.org/t/p/w1280/8x9iKH8kWA0zdkgNdpAew7OstYe.jpg,Drame
1522377,Deux mondes pour un vœu,2025-11-24,24.5407,7.8,"Vingt et un ans après leur rencontre magique à l'hôpital pour enfants, Bilge et Can commencent à s'entendre parler de façon télépathique. Ce qui semble être un miracle révèle bientôt un secret, car le destin, qui les a réunis après des décennies, leur réserve bien des surprises. Une aventure palpitante et une histoire d'amour épique les attendent.",0,0,118,"Romance, Drame",tr,"",https://image.tmdb.org/t/p/w500/eGbg4mz8rj7y7ZztPJH4AppIGy1.jpg,https://image.tmdb.org/t/p/w1280/kKWZq6M76mJM98U0HdpaxBRnPuD.jpg,Drame
1241983,Train Dreams,2025-11-05,27.1734,7.352,"Entre histoire d'amour et deuil, un bûcheron vit un paisible état de grâce dans le monde en pleine mutation du début du 20e siècle en Amérique.",10000000,0,102,Drame,en,https://www.netflix.com/fr/title/82020378,https://image.tmdb.org/t/p/w500/aQfob5TRbPCIwThSSyUlwXLwoXy.jpg,https://image.tmdb.org/t/p/w1280/u5NWHVhZ6HWc1fXnqn82cMar5St.jpg,Drame
1214931,Nuremberg,2025-11-06,23.727,7.1,"Une plongée au cœur du procès historique intenté par les Alliés après la chute du régime nazi en 1945. Le psychiatre américain Douglas Kelley est chargé d’évaluer la santé mentale des hauts dignitaires nazis afin de déterminer s’ils sont aptes à être jugés pour leurs crimes de guerre. Mais face à Hermann Göring, bras droit d’Hitler et manipulateur hors pair, Kelley se retrouve pris dans une bataille psychologique aussi fascinante que terrifiante.",11800000,1775770,148,"Histoire, Drame",en,"",https://image.tmdb.org/t/p/w500/fi7GXCxe0hIQRWwvIkZ1wI3fCHk.jpg,https://image.tmdb.org/t/p/w1280/xsO1Qgru8sETLTcVla8MrqxOVr0.jpg,Drame
597,Titanic,1997-11-18,27.2002,7.903,"Southampton, 10 avril 1912. Le paquebot le plus grand et le plus moderne du monde, réputé pour son insubmersibilité, le « Titanic », appareille pour son premier voyage. Quatre jours plus tard, il heurte un iceberg. À son bord, un artiste pauvre et une grande bourgeoise tombent amoureux.",200000000,2264162353,194,"Drame, Romance",en,"",https://image.tmdb.org/t/p/w500/vpsvHLkoeKUjceIMeNSqCp3xEyY.jpg,https://image.tmdb.org/t/p/w1280/xnHVX37XZEp33hhCbYlQFq7ux1J.jpg,Drame
1320414,La Femme qui en savait trop,2025-04-04,21.728,7.7,"En Iran, Tarlan, professeure de danse à la retraite, est témoin d’un meurtre commis par une personnalité influente du gouvernement. Elle le signale à la police qui refuse d’enquêter. Elle doit alors choisir entre céder aux pressions politiques ou risquer sa réputation et ses ressources pour obtenir justice.",0,0,100,Drame,fa,"",https://image.tmdb.org/t/p/w500/7B3IVw7ClkebiDRo7Q4sE3iSdVQ.jpg,https://image.tmdb.org/t/p/w1280/gclxJhAVzincHlp179yeEbKmSJy.jpg,Drame
238,Le Parrain,1972-03-14,25.4098,8.685,"La Seconde Guerre mondiale vient de s'achever. À New York, le « parrain » Don Corleone, l'un des chefs respectés de la mafia, se sent vieillir. Il refuse de s'adapter à son temps et de se lancer, comme ses pairs, dans le trafic de drogue. Une frilosité qui entrave la bonne marche des affaires des autres « familles » et qui lui vaut d'être la cible d'un attentat. Don Corleone survit à ses blessures, mais reste très diminué. Mike, son plus jeune fils, qui jusque-là se tenait à l'écart des affaires de son père, devient le plus dévoué de ses héritiers. Plus efficace que ses frères, Sonny et Fredo, il venge son père et organise l'élimination de ses adversaires…",6000000,245066411,175,"Drame, Crime",en,"",https://image.tmdb.org/t/p/w500/k3uIbYtiuK8pwbCcbma29nTqmgG.jpg,https://image.tmdb.org/t/p/w1280/39rtAdg3yx6IDxRg0ZLXefv0aPY.jpg,Drame
1184918,Le Robot sauvage,2024-09-12,21.9003,8.318,"L’incroyable épopée d'un robot -- l'unité ROZZUM 7134 alias \"Roz\" -- qui après avoir fait naufrage sur une île déserte doit apprendre à s'adapter à un environnement hostile en nouant petit à petit des relations avec les animaux de l'île. Il finit par adopter le petit d’une oie, un oison, qui s'est retrouvé orphelin.",78000000,331982078,102,"Animation, Science-Fiction, Familial, Aventure, Drame",en,"",https://image.tmdb.org/t/p/w500/2IUCa73cvvIgZSiJcNtPBf4L5iF.jpg,https://image.tmdb.org/t/p/w1280/1pmXyN3sKeYoUhu5VBZiDU4BX21.jpg,Drame
1287322,Christy,2025-11-06,22.0064,7.1,"Inspiré d'une histoire vraie, Christy retrace l'ascension tumultueuse de la boxeuse Christy Martin, qui est passée de l'anonymat à la célébrité. La légendaire ténacité de Christy sur le ring masque des combats plus intimes avec sa famille, son identité et une relation instable qui pourrait bien devenir une question de vie ou de mort.",15000000,1310888,135,"Histoire, Drame",en,"",https://image.tmdb.org/t/p/w500/e3x0tJ1EfSBsBFGEv2WCKfII4cv.jpg,https://image.tmdb.org/t/p/w1280/d95WgAQXqDVlqbEHdLWfyvRG2ms.jpg,Drame
1124566,Valeur sentimentale,2025-08-20,29.8796,7.6,"Agnes et Nora voient leur père débarquer après de longues années d’absence. Réalisateur de renom, il propose à Nora, comédienne de théâtre, de jouer dans son prochain film, mais celle-ci refuse avec défiance. Il propose alors le rôle à une jeune star hollywoodienne, ravivant des souvenirs de famille douloureux.",7800000,6757440,135,Drame,no,"",https://image.tmdb.org/t/p/w500/uHWx6jUrZF4U0IGdUF1dAkVU62O.jpg,https://image.tmdb.org/t/p/w1280/mDIMSMXFkOXUyQ2lnmeBu6kDUCH.jpg,Drame
278,Les Évadés,1994-09-23,24.9944,8.7,"En 1947, Andy Dufresne, un jeune banquier, est condamné à la prison à vie pour le meurtre de sa femme et de son amant. Ayant beau clamer son innocence, il est emprisonné à Shawshank, le pénitencier le plus sévère de l'État du Maine. Il y fait la rencontre de Red, un noir désabusé, détenu depuis vingt ans. Commence alors une grande histoire d'amitié entre les deux hommes…",25000000,28341469,140,"Drame, Crime",en,"",https://image.tmdb.org/t/p/w500/t30GjttOdb5At1sYy8b3TOwFgWV.jpg,https://image.tmdb.org/t/p/w1280/zfbjgQE1uSd9wiPTX4VzsLi0rGG.jpg,Drame
482600,일본 엄마,2017-02-09,22.7512,6.6,"",0,0,91,"Romance, Drame",ko,"",https://image.tmdb.org/t/p/w500/hq1EaYIqUNrPM3QFYAbnH2UHoX8.jpg,"",Drame
1229910,Kryptic,2025-06-09,20.6405,4.9,"Kay a des soucis. Une étrange rencontre dans les bois lui a fait perdre la mémoire. Une seule chose est sûre : elle est le portrait craché de Barb Valentine, chasseuse de monstres portée disparue. Lorsqu'un intrus s'introduit dans sa maison, elle s'enfuit sans savoir où elle va, mais elle sait que sa seule chance de retrouver sa vie est de faire la lumière sur la mystérieuse disparition de Barb. Le hasard des rencontres semble l'orienter dans la bonne direction, mais ce qui devait être un voyage à la découverte de soi se transforme peu à peu en une chasse au monstre.",0,0,96,"Horreur, Thriller, Drame",en,"",https://image.tmdb.org/t/p/w500/tO4PLOx2Ey9PZunmwEAsGhc4Ah0.jpg,https://image.tmdb.org/t/p/w1280/m9k4N5KKGzSyJRyzvYfF0FUmyv8.jpg,Drame
932624,뜨거운 밤이 열리면2,2021-07-29,18.015,6.0,"",0,0,83,Drame,ko,"",https://image.tmdb.org/t/p/w500/fCgrd1v5tSQZDlAmxEioWQREkoQ.jpg,"",Drame
11329,Le Maître du jeu,2003-01-16,11.6836,6.924,"Trois ans après l'assassinat de son mari et de onze de ses collègues sous les balles d'un tueur fou, Celeste Wood espère que soient sanctionnés les fabricants d'armes impliqués dans ce tragique fait divers. Décidé à gagner ce combat, l'avocat de la plaignante, Wendall Rohr est un homme pétri de principes généreux, un modèle de probité et de courtoisie sudiste. Face à lui, le défenseur des armes Vicksburg est en réalité un pantin entre les mains du \"consultant en jury\" Rankin Fitch, payé pour assurer sa relaxe. Cet homme de terrain aguerri a déployé des moyens humains et techniques considérables pour s'assurer le contrôle du jury. Un seul juré a échappé à ses investigations : Nick. Alors même que Fitch commence à s'interroger sur le passé et l'identité de ce dernier, une femme mystérieuse offre de lui \"livrer\" le jury, clés en main, pour dix millions de dollars...",60000000,80154140,127,"Drame, Thriller",en,"",https://image.tmdb.org/t/p/w500/qLGEA4cnIIjcbJALuptPBKTBa6b.jpg,https://image.tmdb.org/t/p/w1280/diGPtRd1p8Oanp5Vu51rV2bu4K5.jpg,Drame
352275,L'Enfant du lac,2015-07-25,17.2148,4.8,"Onze ans après sa disparition près d'un lac alors qu'il était enfant, un jeune homme fait sa réapparition auprès de sa famille.",0,0,88,"Thriller, Drame, Téléfilm, Mystère",en,"",https://image.tmdb.org/t/p/w500/5e0wTxqjEupYlVAUxhyhAB6NUXL.jpg,https://image.tmdb.org/t/p/w1280/g3zo4girDFxGFoeNG3KYZQIxoII.jpg,Drame
1265063,After the Hunt,2025-10-09,16.811,5.807,"La vie d'Alma Olsson, professeure respectée d’une université prestigieuse, bascule lorsqu’une élève, Maggie Price, accuse un collègue proche d’avoir « dépassé les limites » après une session d’étude nocturne. Tandis que la rumeur se répand et que la communauté universitaire se polarise, Alma est confrontée à un dilemme moral : défendre sa propre autorité ou écouter la voix d’une étudiante courageuse, malgré les premiers doutes du corps enseignant.",80000000,9299531,139,Drame,en,"",https://image.tmdb.org/t/p/w500/8vdbN40Q6Tu7ZiRAnVFu8jWVta.jpg,https://image.tmdb.org/t/p/w1280/x0J0OMKwnX1eeVRQWeb2D05yd3K.jpg,Drame
872585,Oppenheimer,2023-07-19,17.0021,8.0,"En 1942, convaincus que l'Allemagne hitlérienne est en train de développer une arme nucléaire, les États-Unis initient, dans le plus grand secret, le  « Projet Manhattan » destiné à mettre au point la première bombe atomique de l’histoire. Pour piloter ce dispositif, le gouvernement engage J. Robert Oppenheimer, brillant physicien, qui sera bientôt surnommé « le père de la bombe atomique ». C'est dans le laboratoire ultra-secret de Los Alamos, au cœur du désert du Nouveau-Mexique, que le scientifique et son équipe mettent au point une arme révolutionnaire dont les conséquences, vertigineuses, continuent de peser sur le monde actuel…",100000000,952000000,181,"Drame, Histoire",en,https://www.universalpictures.fr/micro/oppenheimer,https://image.tmdb.org/t/p/w500/boAUuJBeID7VNp4L7LNMQs8mfQS.jpg,https://image.tmdb.org/t/p/w1280/ycnO0cjsAROSGJKuMODgRtWsHQw.jpg,Drame
933260,The Substance,2024-09-07,15.5353,7.146,"Elisabeth Sparkle, vedette d’une émission d’aérobic, est licenciée le jour de ses 50 ans à cause de son âge. Le moral au plus bas, elle reçoit une proposition inattendue, celle d'un mystérieux laboratoire lui proposant une « substance » miraculeuse : si elle se l’injecte, elle deviendra la meilleure version d’elle-même, plus jeune, plus belle, plus parfaite grâce à une modification de son ADN…",17500000,76506196,141,"Drame, Horreur, Science-Fiction",en,https://metrofilms.com/film/the-substance,https://image.tmdb.org/t/p/w500/bUPlFWbl8jVdhrBYNOOurOMzad6.jpg,https://image.tmdb.org/t/p/w1280/jocCWIF8YksHuTPhFUSxevz69Qm.jpg,Drame
25269,Article 99,1992-03-13,17.7276,6.161,"Un groupe de docteurs opérant dans un hopital en désuetude et qui doit faire face à un nombre de patients plus important que celui de lits disponibles, est toutefois déterminé à donner le meilleur service possible...",18000000,6400000,100,Drame,en,"",https://image.tmdb.org/t/p/w500/hv6wQtGrdXsXW1KZzIVkzHnpLZW.jpg,https://image.tmdb.org/t/p/w1280/ylz25u9OvVcUfWb8vVeZe4cn7zj.jpg,Drame
597089,Article 15,2019-05-28,18.9257,7.584,"Article 15 de la Constitution indienne prône l’interdiction de la discrimination fondée sur la religion, la race, la caste, le sexe ou le lieu de naissance. Plongée au cœur du système judiciaire indien, avec l’inspecteur Ayan, et des faits réels tels que des viols collectifs et des féminicides.",0,0,133,"Crime, Drame, Thriller",hi,"",https://image.tmdb.org/t/p/w500/egknEWNt2B0slG2OC0gSpLZdVHj.jpg,https://image.tmdb.org/t/p/w1280/wN5e6gMVBTEihohzFkuGyZGbDOw.jpg,Drame
829557,365 jours : Au lendemain,2022-04-26,16.2181,5.931,"On retrouve Laura et Massimo dans une histoire plus torride que jamais. Mais leur nouvelle vie va être chamboulée par les liens familiaux de Massimo et l'irruption d'un mystérieux étranger déterminé à conquérir le cœur de Laura et à gagner sa confiance, quel que soit le prix à payer.",0,0,109,"Romance, Drame",pl,https://www.netflix.com/title/81397576,https://image.tmdb.org/t/p/w500/j57aa9fg5cCV0ppoOC2BWqMDxEi.jpg,https://image.tmdb.org/t/p/w1280/zBG5Mg29NH9xxpWMMG7BIvKwYhL.jpg,Drame
1232449,Young Hearts,2024-10-26,14.4432,8.511,"Elias, 14 ans, vit dans un petit village de Flandre. Lorsque Alexander, son nouveau voisin du même âge venant de Bruxelles, emménage en face de chez lui, Elias réalise qu’il est en train de tomber amoureux pour la première fois. Il devra alors faire face au chaos intérieur provoqué par ses sentiments naissants afin de vivre pleinement son histoire avec Alexander et de la révéler à tous.",0,129692,97,"Drame, Romance",nl,"",https://image.tmdb.org/t/p/w500/cysosXjTtATeY9XfqZ8tLz38XG4.jpg,https://image.tmdb.org/t/p/w1280/A7KwHKB5faRRRRveVQC5TPI35kV.jpg,Drame
1475189,Desastre en familia,2025-09-25,13.1805,7.0,"",0,0,0,"Drame, Comédie, Familial",es,"",https://image.tmdb.org/t/p/w500/s47Wf9DxTNPslxIN4VYFJ1d1D2X.jpg,https://image.tmdb.org/t/p/w1280/rQ4wypl7IeJBiBCQv59jbVoAZvA.jpg,Drame
1241752,Rita,2024-03-22,15.7915,6.05,"",0,0,113,Drame,tl,"",https://image.tmdb.org/t/p/w500/grIFQLXXwQmjvYYfXVXCgGTMUWw.jpg,https://image.tmdb.org/t/p/w1280/5AsIFZ2AJC7JcGpq40aRPuRuaRc.jpg,Drame
1252309,Pídeme lo que quieras,2024-11-29,16.9581,6.2,"Après la mort de son père, Eric Zimmerman se rend en Espagne pour superviser les succursales de son entreprise. À Madrid, il tombe amoureux de Judith et s'engage dans une relation intense, érotique et pleine d'exploration. Eric craint que son secret ne mette fin à leur liaison.",0,2265661,114,"Romance, Drame",es,"",https://image.tmdb.org/t/p/w500/5rtaLwyKAjbceww4J1ro8aA8BNB.jpg,https://image.tmdb.org/t/p/w1280/8Rseq6hAhAItnTrbECEFt35VoSJ.jpg,Drame
1470086,Ligaw,2025-05-09,15.9624,6.0,"Une femme sensuelle qui charme le cœur des hommes dans une province reculée. Dolores, épouse dévouée de son mari paraplégique, tombe amoureuse d'un jeune alpiniste. Ce qui commence comme une évasion téméraire se transforme en une liaison empreinte de passion et de secret.",0,0,85,"Drame, Romance",tl,"",https://image.tmdb.org/t/p/w500/xpGQxXQwm1zdzQ8bN98hEmojZOl.jpg,https://image.tmdb.org/t/p/w1280/heMsXGykub43tU79I9hv6T1vHRc.jpg,Drame
938090,윤율의 사내 불륜,2021-09-07,17.6189,0.0,"",0,0,69,"Drame, Romance",ko,"",https://image.tmdb.org/t/p/w500/s68Pe8JclbbTZlh8Tso6faW4nad.jpg,https://image.tmdb.org/t/p/w1280/vmiAmf89qZUrzwLTMpxgXN4gmmz.jpg,Drame
387824,엄마친구,2015-08-20,13.8878,7.0,"",0,0,91,Drame,ko,"",https://image.tmdb.org/t/p/w500/uHTE5QiHfPQLfvqgfYsgISpaqD8.jpg,https://image.tmdb.org/t/p/w1280/4jnDdvXt9GAzePbUBMpGQ3gQtAg.jpg,Drame
497,La Ligne verte,1999-12-10,15.1703,8.5,"Paul Edgecomb, pensionnaire centenaire d’une maison de retraite, est hanté par ses souvenirs. Gardien-chef du pénitencier de Cold Mountain en 1935, il était chargé de veiller au bon déroulement des exécutions des peines capitales, en s’efforçant d’adoucir les derniers moments des condamnés. Parmi eux, se trouvait un colosse du nom de John Coffey, accusé du viol et du meurtre de deux fillettes. Intrigué par cet homme candide et timide, aux dons magiques, Edgecomb va tisser avec lui des liens très forts.",60000000,286801374,189,"Fantastique, Drame, Crime",en,https://www.warnerbros.com/movies/green-mile,https://image.tmdb.org/t/p/w500/cRBUYC02CPsVa1GqBq6rfHn5a8g.jpg,https://image.tmdb.org/t/p/w1280/b6HWTOxn1xevvyHU2K9ICvaRU6g.jpg,Drame
550,Fight Club,1999-10-15,16.5904,8.438,"Le narrateur, sans identité précise, vit seul, travaille seul, dort seul, mange seul ses plateaux‐repas pour une personne comme beaucoup d’autres personnes seules qui connaissent la misère humaine, morale et sexuelle. C’est pourquoi il va devenir membre du Fight club, un lieu clandestin où il va pouvoir retrouver sa virilité, l’échange et la communication. Ce club est dirigé par Tyler Durden, une sorte d’anarchiste entre gourou et philosophe qui prêche l’amour de son prochain.",63000000,100853753,139,"Drame, Thriller",en,"",https://image.tmdb.org/t/p/w500/t1i10ptOivG4hV7erkX3tmKpiqm.jpg,https://image.tmdb.org/t/p/w1280/hZkgoQYus5vegHoetLkCJzb17zJ.jpg,Drame
1241634,Saiyaara,2025-07-18,14.4495,6.4,"La relation intense d'un jeune couple passe par des moments passionnés et des revers dévastateurs, alors qu'ils se battent pour maintenir leur amour en vie.",5500000,63539300,150,"Romance, Drame, Musique",hi,"",https://image.tmdb.org/t/p/w500/hQBIsi3ZfBYEayMc3GhcEmJVkss.jpg,https://image.tmdb.org/t/p/w1280/mguy0nefEUY7NKruffpLO3Stj3d.jpg,Drame
1299655,Blue Moon,2025-10-17,14.5478,6.912,"Lors de la soirée du 31 mars 1943, le célèbre parolier Lorenz Hart broie du noir au bar Sardi, pendant que son ex-collaborateur Richard Rodgers célèbre la première de sa comédie musicale à succès Oklahoma!",0,1940624,100,Drame,en,"",https://image.tmdb.org/t/p/w500/hhy7DMOZGLwUPhlKQ4H3EQwE3Qf.jpg,https://image.tmdb.org/t/p/w1280/gdxYE9xSutccbpIBlyB4F7pl0gA.jpg,Drame
1156593,À contre-sens 2,2024-12-26,16.2279,7.1,"La relation entre Noah et Nick semble plus forte que jamais, malgré la volonté de leurs parents de les séparer. Mais avec son travail et son entrée à la fac, de nouvelles perspectives amoureuses feront trembler les fondations de leur relation et celles des Leister. Si tout le monde est prêt à détruire une relation, aura-t-on droit à une fin heureuse ?",0,0,118,"Drame, Romance",es,https://www.primevideo.com/-/fr/detail/%C3%80-contre-sens-2/0G5EHVLC83CC57Z5DG60LLI69L,https://image.tmdb.org/t/p/w500/b4L9kE63ePeHmsoAzUNNJssqFTZ.jpg,https://image.tmdb.org/t/p/w1280/k24eZq5I3jyz4htPkZCRpnUmBzE.jpg,Drame
640,Arrête-moi si tu peux,2002-12-16,15.822,7.979,"Dans les années soixante, le jeune Frank Abagnale Jr. est passé maître dans l’art de l’escroquerie, allant jusqu’à détourner 2,5 millions de dollars et à figurer sur les listes du FBI comme l’un des dix individus les plus recherchés des États‐Unis. Véritable caméléon, Frank revêt des identités aussi diverses que celles de pilote de ligne, de médecin, de professeur d’université ou encore d’assistant du procureur. Carl Hanratty, agent du FBI à l’apparence stricte, fait de la traque de Frank Abagnale Jr. sa mission prioritaire, mais ce dernier reste pendant longtemps insaisissable…",52000000,352114312,141,"Drame, Crime",en,"",https://image.tmdb.org/t/p/w500/nafyoqVGi87AwaV51GSJ0pk97gs.jpg,https://image.tmdb.org/t/p/w1280/ggC3Brchf4RqPitEh7cROFoeAWn.jpg,Drame
1571470,"Les Rats : Une histoire \"The Witcher\"",2025-10-29,13.3388,5.205,"Pour monter un braquage risqué, six hors-la-loi un peu décalés doivent relever un défi inédit : se faire confiance... et s'en remettre à un sorceleur à la dérive.",0,0,80,"Fantastique, Drame, Aventure",en,https://www.netflix.com/fr/title/81572393,https://image.tmdb.org/t/p/w500/si2BOk5ZOs0tFxegwJDH1gTkxqh.jpg,https://image.tmdb.org/t/p/w1280/en0NbTEjf3qKokHvwGeaq9DBPIP.jpg,Drame
1068452,Hi Nanna,2023-12-07,13.8574,7.974,La vie d'un père attentionné et de son enfant de 6 ans prend un tournant radical lorsque la femme qu'il aime épouse quelqu'un d'autre.,7819000,9184966,155,"Drame, Familial, Romance",te,"",https://image.tmdb.org/t/p/w500/hhMLtq9m1aK0dpY9Wcq26XeDH2z.jpg,https://image.tmdb.org/t/p/w1280/2vxKa3gMHc84O1iHRkslqeHSsxE.jpg,Drame
614409,À tous les garçons : pour toujours et à jamais,2021-02-12,14.9954,7.513,"Tout a commencé avec une lettre d'amour, puis s'est poursuivi avec une nouvelle romance. Et maintenant, que réserve l'avenir à Lara Jean et Peter ?",0,0,109,"Romance, Comédie, Drame",en,"",https://image.tmdb.org/t/p/w500/hEPXEchrF7aZ1U2dhuaJCOALWTk.jpg,https://image.tmdb.org/t/p/w1280/qjhcTGnjxYJqwBGlDzZkYWmne6e.jpg,Drame
43237,Portland Exposé,1957-08-11,14.9277,5.8,"",0,0,72,"Crime, Drame",en,"",https://image.tmdb.org/t/p/w500/lVp2mZ8n2jJOAgE1mSYe9YuPzdB.jpg,https://image.tmdb.org/t/p/w1280/bQZWyAdQ3qbJ5vz5cAReVCUKmkT.jpg,Drame
119193,Ce que le jour doit à la nuit,2012-09-12,14.8061,7.7,"Algérie, années 1930. Younes a 9 ans lorsqu'il est confié à son oncle pharmacien à Oran. Rebaptisé Jonas, il grandit parmi les jeunes de Rio Salado dont il devient l'ami. Dans la bande, il y a Emilie, la fille dont tous sont amoureux. Entre Jonas et elle naîtra une grande histoire d'amour, qui sera bientôt troublée par les conflits qui agitent le pays.",17,0,159,"Drame, Romance",fr,"",https://image.tmdb.org/t/p/w500/yNxNtEb5PelTqH9PpLIcnWyhvWz.jpg,https://image.tmdb.org/t/p/w1280/ts5284n2iDF205O8dBGRz4T66YC.jpg,Drame
36885,Les Provocatrices,1972-02-17,14.7798,4.2,"Troisième volet des \"Schoolgirl Report\"",0,0,97,"Comédie, Drame",de,"",https://image.tmdb.org/t/p/w500/je1baGAsqwenLxHmOr3zYXsQeCL.jpg,https://image.tmdb.org/t/p/w1280/15N98I8Hct39Tek2CtWbTgsy34a.jpg,Drame
9090,Extravagances,1995-09-08,14.7499,7.4,"Noxeema Jackson, Vida Boheme et Chi Chi Rodriguez, trois drag queens, se préparent à participer au concours de beauté à Hollywood. Elles ont rassemblé leurs maigres économies et acheté une vieille Cadillac décapotable. Mais voilà qu'au beau milieu du Midwest leur voiture tombe en panne et les trois amies sont projetées au cœur de l'Amérique profonde...",0,47774193,109,"Comédie, Drame",en,"",https://image.tmdb.org/t/p/w500/sfjgXmwuAOK9uWDsH8UaxGy3UnB.jpg,https://image.tmdb.org/t/p/w1280/xga9dXEIJHAjNLGMjw4VDPH7LJB.jpg,Drame
769,Les Affranchis,1990-09-12,14.5099,8.454,"Brooklyn, dans les années 50. Depuis l'enfance, le jeune Henry Hill rêve de devenir gangster. À 16 ans, il se met en selle auprès de Paul Cicero, un caïd local, et commet ses premiers délits. Arrêté et interrogé, il refuse de parler et gagne ainsi le respect du milieu. À sa sortie de prison, il fait la connaissance de James Conway et de Tommy DeVito, deux truands d'une extrême violence, et se lance avec eux dans des trafics de grande envergure. Karen, une jeune bourgeoise qu'il courtise et finit par épouser, ne devine sa profession qu'après être passée devant l'officier d'état-civil. Grisé par le succès, Henry multiplie les coups les plus audacieux…",25000000,47072327,141,"Drame, Crime",en,"",https://image.tmdb.org/t/p/w500/kc55cCUCZKtAFpsCnZKM5uLBzwh.jpg,https://image.tmdb.org/t/p/w1280/gILte6Zd7m1YneIr6MVhh30S9pr.jpg,Drame
335984,Blade Runner 2049,2017-10-04,14.4789,7.587,"En 2049, la société est fragilisée par les nombreuses tensions entre les humains et leurs esclaves créés par bioingénierie. L’officier K est un Blade Runner : il fait partie d’une force d’intervention d’élite chargée de trouver et d’éliminer ceux qui n’obéissent pas aux ordres des humains. Lorsqu’il découvre un secret enfoui depuis longtemps et capable de changer le monde, les plus hautes instances décident que c’est à son tour d’être traqué et éliminé. Son seul espoir est de retrouver Rick Deckard, un ancien Blade Runner qui a disparu depuis des décennies…",150000000,259239658,164,"Science-Fiction, Drame",en,"",https://image.tmdb.org/t/p/w500/qWD9E0Wgn8w6nMMutCNFAUiSHrX.jpg,https://image.tmdb.org/t/p/w1280/mVr0UiqyltcfqxbAUcLl9zWL8ah.jpg,Drame
295300,Il diario segreto di una minorenne,1968-02-01,14.4247,0.0,"",0,0,87,Drame,it,"",https://image.tmdb.org/t/p/w500/aG7wqEh4oesC4RjqOXnaAIJffkx.jpg,"",Drame
1308821,Unang Tikim,2024-08-07,14.313,5.063,"",0,0,99,"Romance, Drame",tl,"",https://image.tmdb.org/t/p/w500/oDWZS6LznvdH7mZOYfCro0ISJCM.jpg,https://image.tmdb.org/t/p/w1280/5r2NPZgYBB8ALBL3q4iX9AjTLJ6.jpg,Drame
11324,Shutter Island,2010-02-14,14.1796,8.202,"En 1954, le marshal Teddy Daniels et son coéquipier Chuck Aule sont envoyés enquêter sur l’île de Shutter Island, dans un hôpital psychiatrique où sont internés de dangereux criminels. L’une des patientes, Rachel Solando, a inexplicablement disparu. Comment la meurtrière a‐t‐elle pu sortir d’une cellule fermée de l’extérieur ? Le seul indice retrouvé dans la pièce est une feuille de papier sur laquelle on peut lire une suite de chiffres et de lettres sans signification apparente. Œuvre cohérente d’une malade, ou cryptogramme ?",80000000,294804195,138,"Drame, Thriller, Mystère",en,"",https://image.tmdb.org/t/p/w500/fQ0vGVTtxjCdAJnxwPZ88O3Wzrh.jpg,https://image.tmdb.org/t/p/w1280/rbZvGN1A1QyZuoKzhCw8QPmf2q0.jpg,Drame
127678,Alice: O Primeiro Dia do Resto da Minha Vida,2010-11-20,14.1648,6.8,"",0,0,73,Drame,pt,"",https://image.tmdb.org/t/p/w500/ezckIsTR65UjIQDcvGXDiqjBWUk.jpg,"",Drame
1094677,Arnoldo Mondadori - I libri per cambiare il mondo,2022-12-21,14.0207,5.5,"",0,0,92,"Drame, Téléfilm, Documentaire",it,"",https://image.tmdb.org/t/p/w500/tQtK78GtQrF28i94VGGOJvwZLQ2.jpg,"",Drame
16869,Inglourious Basterds,2009-08-02,13.8976,8.214,"Dans la France occupée de 1940, un groupe de soldats juifs américains, les bâtards, mène des actions punitives particulièrement sanglantes contre les nazis du Troisième Reich. Leur chemin rencontre celui de Shosanna Dreyfus, une jeune juive réfugiée à Paris exploitante d'une salle de cinéma qui entend elle aussi assouvir sa propre vengeance envers les nazis.",70000000,321457747,153,"Drame, Thriller, Guerre",en,https://www.uphe.com/movies/inglourious-basterds,https://image.tmdb.org/t/p/w500/lPKwFzX4TiWLA4Mo5Bnf8aIIrJm.jpg,https://image.tmdb.org/t/p/w1280/hwNtEmmugU5Yd7hpfprNWI0DGIn.jpg,Drame
361790,Ninguém Ama Ninguém por Mais de Dois Anos,2015-11-12,13.8778,5.909,"",0,0,88,"Drame, Romance, Comédie",pt,"",https://image.tmdb.org/t/p/w500/aPkpQo594Aw4FC0RD5qKdYxR2qd.jpg,https://image.tmdb.org/t/p/w1280/kl3Y9G7C4OO1LBmjUuSf88yUq1U.jpg,Drame
8966,"Twilight, chapitre 1 : Fascination",2008-11-20,13.8669,6.284,"Isabella Swan, 17 ans, déménage à Forks, petite ville pluvieuse dans l'État de Washington, pour vivre avec son père. Elle s'attend à ce que sa nouvelle vie soit aussi ennuyeuse que la ville elle-même. Or, au lycée, elle est terriblement intriguée par le comportement d'une étrange fratrie, deux filles et trois garçons. Bella tombe follement amoureuse de l'un d'eux, Edward Cullen. Une relation sensuelle et dangereuse commence alors entre les deux jeunes gens : lorsque Isabella comprend que Edward est un vampire, il est déjà trop tard.",37000000,393616788,122,"Fantastique, Drame, Romance",en,"",https://image.tmdb.org/t/p/w500/8phJ4i9m1tBDJbOwwQPvdeWhN2h.jpg,https://image.tmdb.org/t/p/w1280/weAYfu6FfrNxEDJ3xH1XpgQcqUv.jpg,Drame
28178,Hatchi,2009-06-08,13.8605,8.011,"Pour Parker, professeur de musique à l'université, l'arrivée dans la famille du chien Hatchi est un heureux événement. L'animal prend sa place auprès de chacun, mais c'est avec Parker qu'il passe le plus de temps. Chaque matin, le chien accompagne son maître à la gare où celui-ci prend son train, et revient l'attendre chaque soir. Cet attendrissant rituel rythme la vie de tous ceux qui en sont témoins… jusqu'au jour où Parker ne revient pas… Hatchi va continuer à attendre le retour de son maître chaque jour, jusqu'à la fin. Cette fidélité et cette patience vont bouleverser tous ceux qui connaissent Hatchi et faire de lui une légende.",16000000,46800000,92,"Drame, Familial",en,"",https://image.tmdb.org/t/p/w500/cXZpNMUwrlnNRXwDc8yQaQx17W7.jpg,https://image.tmdb.org/t/p/w1280/9Eo6FPq6A4aMeOe4tTmNKwUZRvM.jpg,Drame
1135855,Kelas Bintang - Mangga Muda,2023-05-10,13.8564,8.0,"",0,0,42,"Drame, Romance",mi,"",https://image.tmdb.org/t/p/w500/3H0p2Q631g09LJBG3JzuGzd0x50.jpg,https://image.tmdb.org/t/p/w1280/lRidOycOdmrvpCfvhNFwvMaC1BH.jpg,Drame
209201,Trouble Sleeping,2008-08-24,13.8101,4.0,"",0,0,107,Drame,en,"","","",Drame
272,Batman Begins,2005-06-10,13.7746,7.719,"Alors que le souvenir de ses parents assassinés le hante, Bruce Wayne, désemparé, erre à travers le monde cherchant les moyens de combattre l'injustice et ses propres peurs. Avec l'aide de son dévoué majordome et homme de confiance Alfred, de l'inspecteur Jim Gordon et de son allié Lucius Fox, Wayne revient à Gotham City et révèle son alter ego : Batman, un justicier masqué qui utilise sa force, son intelligence et une batterie d'armes high-tech pour combattre les forces sinistres qui menacent la ville…",150000000,374218673,140,"Drame, Crime, Action",en,"",https://image.tmdb.org/t/p/w500/taKcn26BMWnsUcMFSlr5RfGDtFB.jpg,https://image.tmdb.org/t/p/w1280/y9AuabF1SXnn3xZ0tAJLLhv33Uj.jpg,Drame
13885,Sweeney Todd : Le Diabolique Barbier de Fleet Street,2007-12-20,13.6957,7.178,"Issue du folklore anglais, « Sweeney Todd » raconte l'histoire morbide d'un barbier, Benjamin Barker, condamné au XIXème siècle à tort au bagne par un juge corrompu en Australie, d'où il s'évade quinze ans plus tard. Décidé à retrouver sa femme et son enfant, il retourne en Angleterre sous le nom de Sweeney Todd, mais découvre que le fameux juge est sur le point d'épouser sa fille ! Désespéré, il plonge peu à peu dans la folie et décide de prendre sa vengeance. Se met alors en place un monstrueux carnage… Avec la collaboration de Madame Lovett, amoureuse de lui depuis toujours, il tranche la gorge de ses clients, pendant qu'elle accommode les corps dans ses fameuses tourtes à la viande.",50000000,152000000,115,"Drame, Horreur",en,"",https://image.tmdb.org/t/p/w500/kXmpHGS2p1DACpDA3bwRSI380xN.jpg,https://image.tmdb.org/t/p/w1280/obYVvi6eD4rjFeC7g4uoZQPIh7F.jpg,Drame
8587,Le Roi lion,1994-06-15,13.6828,8.256,"Disney présente l'histoire de Simba, un fougueux lionceau qui « voudrait déjà être roi ». Éloigné par son sombre et ambitieux oncle Scar, Simba profite de la vie avec ses drôles de compagnons Timon et Pumbaa, oubliant son rang et ses responsabilités. Mais son destin l'appelle à rentrer auprès des siens et à reprendre sa place dans le Grand Cercle de la Vie.",45000000,763455561,88,"Familial, Animation, Drame, Aventure",en,http://movies.disney.com/the-lion-king,https://image.tmdb.org/t/p/w500/n6UChiAOSTHGih2FBactLjA4Cdt.jpg,https://image.tmdb.org/t/p/w1280/q00H8EqULYSK74lgevMkhmGGLHn.jpg,Drame
1409235,Las Ilusyunadas,2025-01-10,16.4087,5.429,"",0,0,90,Drame,tl,"",https://image.tmdb.org/t/p/w500/eLCoMknSWjYTb5ObQIAmgzqhgSM.jpg,https://image.tmdb.org/t/p/w1280/wFbBkNnwdvvF8RhGgaNKzA5CazQ.jpg,Drame
286217,Seul sur Mars,2015-09-30,13.6397,7.691,"Au cours d’une mission spatiale habitée sur Mars, et à la suite d’un violent orage, l’astronaute Mark Watney est laissé pour mort et abandonné sur place par son équipage. Mais Watney a survécu et se retrouve seul sur cette planète hostile. Avec de maigres provisions, il ne doit compter que sur son ingéniosité, son bon sens et son intelligence pour survivre et trouver un moyen d’alerter la Terre qu’il est encore vivant. À des millions de kilomètres de là, la NASA et une équipe de scientifiques internationaux travaillent sans relâche pour ramener « le Martien » sur terre, pendant que, en parallèle, ses coéquipiers tentent secrètement d’organiser une audacieuse voire impossible mission de sauvetage.",108000000,631058917,144,"Drame, Aventure, Science-Fiction",en,"",https://image.tmdb.org/t/p/w500/51CqiKVStZ2YPx64iPs3LDDiQnt.jpg,https://image.tmdb.org/t/p/w1280/sq8oUjbBvKkqv9h0Ns5rQbbquhZ.jpg,Drame
356300,Comment organiser une orgie dans une petite ville,2015-09-19,13.5437,5.1,Une femme qui écrit sur le sexe dans une grande ville revient dans sa ville natale pour accomplir une vieille vengeance.,0,24532,105,"Drame, Comédie",en,"",https://image.tmdb.org/t/p/w500/dqvgPm9FL0rYVacivV4eyr1XKfb.jpg,https://image.tmdb.org/t/p/w1280/jdXBBuoRR3jPkRQNE6cYTj5eesG.jpg,Drame
103,Taxi Driver,1976-02-09,13.4685,8.1,"Vétéran de la Guerre du Vietnam, Travis Bickle est chauffeur de taxi dans la ville de New York. Ses rencontres nocturnes et la violence quotidienne dont il est témoin lui font peu à peu perdre la tête. Il se charge bientôt de délivrer une prostituée mineure de ses souteneurs.",1900000,28579636,115,"Crime, Drame",en,"",https://image.tmdb.org/t/p/w500/iyHQrfNsjZlfHJ8hyhNi0yAFnZa.jpg,https://image.tmdb.org/t/p/w1280/5MVSXJieOhbyZudCnV1H4YJpfPV.jpg,Drame
475557,Joker,2019-10-01,13.3947,8.131,"Dans les années 1980, à Gotham City, Arthur Fleck, un humoriste de stand‐up raté, bascule dans la folie et devient le Joker.",55000000,1078958629,122,"Crime, Thriller, Drame",en,"",https://image.tmdb.org/t/p/w500/tWjJ3ILjsbTwKgXxEv48QAbYZ19.jpg,https://image.tmdb.org/t/p/w1280/hO7KbdvGOtDdeg0W4Y5nKEHeDDh.jpg,Drame
1118031,Apocalypse Z : le début de la fin,2024-10-04,13.3675,6.724,"Lorsqu'une sorte de rage qui transforme les gens en créatures agressives se répand sur la planète, Manel s'isole chez lui avec son chat, ne comptant que sur son intelligence pour survivre. Mais bientôt, ils doivent partir à la recherche de nourriture, par terre et par mer, en esquivant de nombreux dangers.",0,500000,119,"Drame, Action, Horreur",es,"",https://image.tmdb.org/t/p/w500/y1zseasmkIWs2IKIIVQOU5UuwaK.jpg,https://image.tmdb.org/t/p/w1280/lTYGtgDRygku7iiFLWyiEc4wLzz.jpg,Drame
11036,N'oublie jamais,2004-06-25,13.0828,7.892,"Atteinte de la maladie d'Alzheimer, Allie vit en maison de retraite. Chaque jour, Noah lui lit le même livre. Il s'agit du carnet où Allie a consigné sa propre histoire, lorsqu'elle a appris sa maladie. Pour ne pas oublier ses sentiments, elle a écrit, et Noah, inlassablement, lui relit ses propres mots. À travers eux, on la découvre dans les années trente, éperdument amoureuse d'un jeune homme, Noah, que sa mère fera tout pour éloigner d'elle, sa situation n'étant pas jugée assez bonne. Après des années de séparation, à la fin de la Seconde Guerre mondiale, Allie s'apprête à épouser un avocat. Lorsque, par le journal, elle apprend le retour de Noah, l'envie lui prend de le revoir. Échappant à une vie de convenance, les deux jeunes gens se retrouvent et découvrent que leur amour est resté intact. Ils passeront le reste de leur vie ensemble, jusqu'à ce que la mémoire les sépare.",29000000,115600000,123,"Romance, Drame",en,"",https://image.tmdb.org/t/p/w500/9ToPVg24WmFErxRe0wMAx0lacBE.jpg,https://image.tmdb.org/t/p/w1280/zdXnJqBaGFVtLoPNuMeKfEYUViZ.jpg,Drame
322766,Tes milliards m'appartiennent,2015-06-08,10.238,5.362,"L'histoire vraie de Ben Novack Jr., héritier richissime d'une puissante famille en Floride assassiné par son épouse Narcy...",0,0,86,"Crime, Drame, Thriller",en,"",https://image.tmdb.org/t/p/w500/97MjYAwQDVDNGZ0Ho0efZWgKSdO.jpg,https://image.tmdb.org/t/p/w1280/46GDkiMoB0nIsSZpLtaoLbCwaks.jpg,Drame
415283,Pop in Q,2016-12-23,11.7733,5.3,"Ce film s'inspire d'éléments de contes jeunesses, de combats et d'aventure dans un monde fantastique.  L'histoire débute quelques jours avant la remise des diplômes dans un collège. Cinq filles sont préoccupées de leurs vies futures dans le monde réel. En effet, ces cinq jeunes filles se sont rencontrées dans un monde imaginaire. Ce monde connait une grande crise qui risque de le faire disparaître. Pour le sauver, elles doivent unir leurs cœurs au cours d'une danse. Pourront-elle sauver ce monde tout en obtenant leur diplôme ?",0,0,95,"Animation, Fantastique, Musique, Drame, Aventure",ja,"",https://image.tmdb.org/t/p/w500/pk3Q0U7dh3wf3c3J3cagqz0zUE9.jpg,https://image.tmdb.org/t/p/w1280/hqWDlweByJpuaHm0b1IakGGwVp3.jpg,Drame
16052,Selena,1997-03-21,13.2017,7.7,"Le film raconte l'histoire vraie de Selena Quintanilla-Perez qui était la chanteuse latina la plus populaire lorsqu'elle fut assassinée en 1995 à l'âge de 23 ans. On y découvre ou redécouvre les concerts inoubliables qui ont assuré sa popularité, des moments douloureux, comme les tensions au sein de sa famille, mais aussi des instants de bonheur comme son mariage secret avec le guitariste Chris Perez.",20000000,60000000,127,"Drame, Musique, Histoire",en,"",https://image.tmdb.org/t/p/w500/j8xX3yBAFOayfSaImgLZPnAcdWz.jpg,https://image.tmdb.org/t/p/w1280/gHuYLoBIOXug2azA5NYsXcaxsEm.jpg,Drame
1502147,"Cariñena, vino del mar",2025-06-20,11.4148,6.4,"",0,0,0,Drame,es,"",https://image.tmdb.org/t/p/w500/mrcydPLFg2J3I5p56VtetNHMd5A.jpg,https://image.tmdb.org/t/p/w1280/ucaRnwiGWFHS5umIaslPdW9Txrv.jpg,Drame
1266992,Balinsasayaw,2024-05-17,10.8639,5.3,"",0,0,98,Drame,tl,"",https://image.tmdb.org/t/p/w500/5gotyf6pPf9ZbDSW0yBLXMpDmmP.jpg,https://image.tmdb.org/t/p/w1280/s4su6J8opkWW9ibqfBdG6oae5iw.jpg,Drame
1588846,Ekis,2025-12-19,11.3091,0.0,"",0,0,0,Drame,tl,"",https://image.tmdb.org/t/p/w500/vuUvGqqGabV422qzjGWPlhRuvN0.jpg,https://image.tmdb.org/t/p/w1280/4b8a82ogO1TMlBwreXTR5vqCJjM.jpg,Drame
111914,Konji vrani,2007-07-06,9.4639,5.1,"",0,0,98,Drame,sr,"","","",Drame
210577,Gone Girl,2014-10-01,11.7865,7.889,"Amy et Nick forment en apparence un couple modèle. Victimes de la crise, ils quittent Manhattan pour retourner s'installer dans la ville du Missouri où Nick a grandi. Mais le jour de leur 5ème anniversaire de mariage, Amy disparaît et Nick retrouve leur maison saccagée. Lors de l'enquête tout semble accuser Nick. Celui‐ci décide, de son côté, de tout faire pour savoir ce qui est arrivé à Amy et découvre qu'elle lui dissimulait beaucoup de choses.",61000000,370890259,145,"Mystère, Thriller, Drame",en,"",https://image.tmdb.org/t/p/w500/7xkJ1ACu40BjzLHVPRILWjFvW7.jpg,https://image.tmdb.org/t/p/w1280/iWak7wT0j6ycCc8lKr4NBz9c7n5.jpg,Drame
1136867,Materialists,2025-06-12,10.9915,6.5,"Employée d'une agence de rencontre new-yorkaise, Lucy a pour tâche de dénicher le meilleur parti possible pour des clientes aux nombreuses exigences. Après de nombreuses années sans attache, elle se décide enfin à fréquenter Harry, héritier d'une grande fortune rencontré au mariage d'une cliente. Au même moment, John, son ancien amoureux, un acteur de théâtre sans le sou, réapparait dans sa vie.",20000000,97700000,116,"Romance, Drame",en,"",https://image.tmdb.org/t/p/w500/ycS4AydmXRWL4uj2vCwJOdfrcVt.jpg,https://image.tmdb.org/t/p/w1280/lqwwGkwJHtz9QgKtz4zeY19YgDg.jpg,Drame
337139,"Aqui, em Lisboa: Episódios da Vida da Cidade",2015-04-24,10.814,5.0,"",0,0,85,Drame,pt,"",https://image.tmdb.org/t/p/w500/15CqVSSHdyPyJ0d5PwWAqNQxAoe.jpg,"",Drame
999075,Left-Handed Girl,2025-09-17,9.7198,7.553,Une mère célibataire et ses deux filles arrivent à Taipei pour ouvrir une petite cantine au cœur d'un marché nocturne de la capitale taiwanaise. Chacune d'entre elles doit trouver un moyen de s'adapter à cette nouvelle vie et réussir à maintenir l'unité familiale.,0,0,108,Drame,zh,https://le-pacte.com/france/film/left-handed-girl-2,https://image.tmdb.org/t/p/w500/DEiZIMxoTh91BIn8Z3SlzabNDA.jpg,https://image.tmdb.org/t/p/w1280/xqft4oJyMATznCFFLpTlQPiSr8N.jpg,Drame
46853,Jeux interdits de l'adolescence,1977-05-17,10.0502,5.131,"Trois adolescents Fabrizio, Laura et Silvia, seuls dans une forêt, se livrent à des jeux érotiques.",0,0,94,Drame,it,"",https://image.tmdb.org/t/p/w500/nu5uj47KSF73VPEiIRYdPLJ96j7.jpg,https://image.tmdb.org/t/p/w1280/2AI3pSt5sbAEav6isVDIeCuiZql.jpg,Drame
50620,"Twilight, chapitre 5 : Révélation, 2ème partie",2012-11-13,15.0429,6.46,"Après la naissance de sa fille Renésmée, Bella s’adapte peu à peu à sa nouvelle vie de vampire avec le soutien d’Edward. Se sentant menacés par cette naissance d’un nouveau genre, les Volturi déclarent la guerre à la famille Cullen. Pour préparer leur défense, les Cullen vont parcourir le monde pour rassembler les familles de vampires alliées et tenter de repousser les Volturi lors d’un ultime affrontement.",120000000,829747654,115,"Aventure, Fantastique, Drame, Romance",en,"",https://image.tmdb.org/t/p/w500/u33XPvDpUuwQGvw3Jwg0RlrIfIj.jpg,https://image.tmdb.org/t/p/w1280/qkl57wzSFrpi2sRpoc2mZJbMuLP.jpg,Drame
1160360,If I Had Legs I'd Kick You,2025-10-10,11.6893,6.6,"Linda, une thérapeute épuisée, tente de garder le contrôle alors que sa fille souffre d'une maladie mystérieuse, son mari est absent, et son propre thérapeute devient de plus en plus hostile. Forcée de déménager dans un motel délabré, elle lutte pour maintenir sa vie personnelle et professionnelle à flot, dans un tourbillon de chaos émotionnel et de solitude.",0,21263,113,"Drame, Thriller",en,"",https://image.tmdb.org/t/p/w500/ua6xDVAQ58zasCEfbGPVqHJOP70.jpg,https://image.tmdb.org/t/p/w1280/hHN4iGAu0sCYvR0oaFmemKXDnVV.jpg,Drame
929590,Civil War,2024-04-10,11.1446,6.853,"Dans un futur proche où les États-Unis sont au bord de l'effondrement et où des journalistes embarqués courent pour raconter la plus grande histoire de leur vie : la fin de l'Amérique telle que nous la connaissons. Une course effrénée à travers une Amérique fracturée qui, dans un futur proche, est plus que jamais sur le fil du rasoir.",50000000,126542249,109,"Guerre, Action, Drame",en,"",https://image.tmdb.org/t/p/w500/4V06xpCUesnzXvkQav1q3RRlwxh.jpg,https://image.tmdb.org/t/p/w1280/en3GU5uGkKaYmSyetHV4csHHiH3.jpg,Drame
1075536,Suki,2023-02-24,9.7381,4.583,"",0,0,111,Drame,tl,"",https://image.tmdb.org/t/p/w500/6z8VVFdWX8nbvRIJkZVDlOUOJWc.jpg,https://image.tmdb.org/t/p/w1280/1lat0QYutfuLxvLg7prCWHSxYZt.jpg,Drame
637649,Un Homme en colère,2021-04-22,11.3273,7.59,"Un convoyeur de fond, fraîchement engagé, surprend ses collègues par l’incroyable précision de ses tirs de riposte, alors qu’ils subissent les assauts de braqueurs expérimentés. Tous se demandent désormais qui il est, d’où il vient et pourquoi il est là.",40000000,103966489,119,"Thriller, Crime, Drame",en,"",https://image.tmdb.org/t/p/w500/u1xYjmCpDqgUfLlSgq8HlHtVVor.jpg,https://image.tmdb.org/t/p/w1280/70AV2Xx5FQYj20labp0EGdbjI6E.jpg,Drame
150689,Cendrillon,2015-03-06,11.5721,6.8,"Après la mort de la mère de la jeune Ella, son père, un marchand, se remarie. Ella accueille chaleureusement sa belle‐mère, Lady Tremaine, et ses deux filles Anastasia et Drisella. Mais lorsque le père d’Ella disparaît à son tour, les trois femmes vont faire d’Ella une servante.",95000000,543514353,105,"Romance, Fantastique, Familial, Drame",en,"",https://image.tmdb.org/t/p/w500/xQB77ZHBchFdZkiPCBJGQDd9qzB.jpg,https://image.tmdb.org/t/p/w1280/uKp9bl7yfwOROeGD7BZPPmiKTSm.jpg,Drame
1426776,À bout,2025-06-05,10.5469,7.797,Quel sera le coup de grâce ? Une journée affreusement pénible pousse une mère célibataire travailleuse vers le point de rupture... et un acte de désespoir choquant.,0,0,105,"Thriller, Drame, Crime",en,https://www.netflix.com/fr/title/81774713,https://image.tmdb.org/t/p/w500/v5Xsg4NGS4mJ3DpwuN5kUnZxhL3.jpg,https://image.tmdb.org/t/p/w1280/fnbWrDx8w8Reau4F1tFqoGuGmDZ.jpg,Drame
389,12 Hommes en colère,1957-04-10,10.6979,8.548,"Un jeune homme d'origine modeste est accusé du meurtre de son père et risque la peine de mort. Le jury composé de douze hommes se retire pour délibérer et procède immédiatement à un vote : onze votent coupable, or la décision doit être prise à l'unanimité. Le juré qui a voté non-coupable, sommé de se justifier, explique qu'il a un doute et que la vie d'un homme mérite quelques heures de discussion. Il s'emploie alors à les convaincre un par un.",397751,4360000,95,Drame,en,"",https://image.tmdb.org/t/p/w500/fFXrCl7nBFFaQU3IgTlinvk6vTi.jpg,https://image.tmdb.org/t/p/w1280/w4bTBXcqXc2TUyS5Fc4h67uWbPn.jpg,Drame
936946,Harvest,2025-04-16,10.4711,6.233,"Walter Thirsk, citadin devenu fermier, Charles Kent, seigneur un peu perdu, et les paysans de son domaine, coulent tous une existence paisible aux confins d’un Eden luxuriant lorsque se profile la menace du monde extérieur. En sept jours hallucinés, les habitants de ce village sans nom vont assister à sa disparition.",0,0,131,Drame,en,"",https://image.tmdb.org/t/p/w500/qZyUMfqL6imyUQnn7YsutqbdZl6.jpg,https://image.tmdb.org/t/p/w1280/ctjt6UKyTDV3UqEaVt6bcjaOg19.jpg,Drame
205596,Imitation game,2014-11-14,11.2687,7.99,"1940 : Alan Turing, mathématicien, cryptologue, est chargé par le gouvernement Britannique de percer le secret de la célèbre machine de cryptage allemande Enigma, réputée inviolable. À la tête d'une équipe improbable de savants, linguistes, champions d'échecs et agents du renseignement, Turing s'attaque au chef-d'œuvre de complexité dont la clef peut conduire à la victoire. IMITATION GAME relate la façon dont Alan Turing, soumis à une intense pression, contribua à changer le cours de la Seconde Guerre mondiale et de l'Histoire. C'est aussi le portrait d'un homme qui se retrouva condamné par la société de l'époque en raison de son homosexualité et en mourut.",14000000,233555708,115,"Histoire, Drame, Thriller, Guerre",en,"",https://image.tmdb.org/t/p/w500/gBxCZuieAe8KClWWP1vVijXBlTp.jpg,https://image.tmdb.org/t/p/w1280/gLQoJ9P79g501oEEtrN8zMlCPpx.jpg,Drame
1151272,Sirāt,2025-06-06,10.021,6.87,"Un père et son fils parviennent à une rave perdue au cœur des montagnes du sud du Maroc. Ils cherchent Mar — fille et sœur — disparue depuis plusieurs mois lors de l’une de ces fêtes sans fin. Plongés dans la musique électronique et une liberté brute qui leur est étrangère, ils distribuent inlassablement sa photo. L’espoir s’amenuise, mais ils s’obstinent et suivent un groupe de ravers vers une dernière fête dans le désert. À mesure qu’ils s’enfoncent dans l’immensité brûlante, le voyage les confronte à leurs propres limites.",0,0,120,"Drame, Thriller",es,"",https://image.tmdb.org/t/p/w500/iFQMigHWNFJR3390y1E5dn0ineC.jpg,https://image.tmdb.org/t/p/w1280/kOUV5WbisWMg56d8eB45ZHEVxYq.jpg,Drame
401571,Padre nuestro que estas en la tierra,1972-09-28,11.4477,5.0,"",0,0,90,Drame,es,"",https://image.tmdb.org/t/p/w500/lOm1sOOO3Atf1aOKzf3IihcocJ0.jpg,"",Drame
39254,Real Steel,2011-09-28,9.9292,7.064,"Dans un futur proche, la boxe a évolué pour devenir un sport high-tech. Charlie Kenton, un ancien boxeur, a perdu toute chance de remporter le championnat depuis que les humains ont été remplacés sur le ring par des robots d’acier de 900 kilos et de 2,40 m de haut. À présent, il n’est plus qu’un manager minable qui utilise des robots bas de gamme fabriqués à partir de pièces de récupération. Il gagne juste assez pour survivre d’un combat à l’autre. Lorsque Charlie touche le fond, il accepte à contrecœur de faire équipe avec son fils Max, qu’il a perdu de vue depuis des années, pour construire et entraîner un champion. Dans l’arène où tous les coups sont permis, les enjeux sont plus élevés qu’ils ne l’ont jamais été. Contre toute attente, Charlie et Max ont une chance, une seule, de faire leur grand retour…",110000000,299300000,127,"Action, Science-Fiction, Drame",en,"",https://image.tmdb.org/t/p/w500/ebV1lxTaLBS1Vk1ihHCVhhdg03X.jpg,https://image.tmdb.org/t/p/w1280/pjlxrd646cBYznHoPBWTzz6FujX.jpg,Drame
63311,La piel que habito,2011-08-17,12.2346,7.491,"Depuis que sa femme a été victime de brûlures dans un accident de voiture, le docteur Robert Ledgard, éminent chirurgien esthétique, se consacre à la création d’une nouvelle peau grâce à laquelle il aurait pu la sauver. Douze ans après le drame, il réussit à cultiver une peau qui est une véritable cuirasse contre toute agression. Outre les années de recherche et d’expérimentation, il faut aussi à Robert un cobaye, un complice et une absence totale de scrupules. Les scrupules ne l’ont jamais étouffé. Marilia, la femme qui s’est occupée de Robert depuis le jour où il est né, est la plus fidèle des complices. Quant au cobaye…",13000000,33750478,120,"Drame, Horreur, Mystère, Thriller",es,"",https://image.tmdb.org/t/p/w500/hahFicGQgNGeN7wZ3GpWkQ9L2tN.jpg,https://image.tmdb.org/t/p/w1280/qn8NzshtQmJD7Nm06sAp5yOtexH.jpg,Drame
1450345,Andai Ibu Tidak Menikah Dengan Ayah,2025-09-04,12.2191,7.0,"",0,0,119,"Drame, Familial",id,"",https://image.tmdb.org/t/p/w500/4xK5I0SlVS1z7U4fdCbkcEjxDFA.jpg,https://image.tmdb.org/t/p/w1280/5ssOFw6oBeFsPzgoHCQQBhQi0fY.jpg,Drame
514575,Compañeros,2018-09-20,12.1906,7.349,"1973, l'Uruguay bascule en pleine dictature. Trois opposants politiques sont secrètement emprisonnés par le nouveau pouvoir militaire. Jetés dans de petites cellules, on leur interdit de parler, de voir, de manger ou de dormir. Au fur et à mesure que leurs corps et leurs esprits sont poussés aux limites du supportable, les trois otages mènent une lutte existentielle pour échapper à une terrible réalité qui les condamne à la folie.",0,0,122,"Drame, Crime, Histoire",es,"",https://image.tmdb.org/t/p/w500/xwDzcdX5vbWI5yChhqpGo1jbI4y.jpg,https://image.tmdb.org/t/p/w1280/cdGuUnVxlngUNjfl7APfZLrQiZx.jpg,Drame
484852,Mobil Bekas dan Kisah-Kisah dalam Putaran,2017-10-13,12.1674,0.0,"",0,0,84,Drame,id,"",https://image.tmdb.org/t/p/w500/lI8jcO1Qj2JsDMwh4CHUb4LrxQK.jpg,https://image.tmdb.org/t/p/w1280/28sNlQ1DeKkcm0MkaF6GsKj56rO.jpg,Drame
4951,10 bonnes raisons de te larguer,1999-03-30,12.143,7.59,"Au lycée de Padua, Bianca fait craquer tous les garcons, tandis que sa soeur ainée Kat aurait tendance à les faire fuir. Non qu'elle soit d'une laideur repoussante, ce serait plutôt le contraire, mais son caractère irascible et son comportement de rebelle ne la rendent pas très liante. Le père des jeunes filles est très strict quant à leur éducation et leurs sorties. Il accepte que Bianca flirte a condition que Kat en fasse autant. Autant dire que l'affaire n'est pas gagnée... Mais Cameron, qui est tombe amoureux de Bianca, imagine un plan tout simplement diabolique.",16000000,53478166,94,"Comédie, Romance, Drame",en,"",https://image.tmdb.org/t/p/w500/2Ys0Wb2ZzgaqpyJ5zh10rWoA50t.jpg,https://image.tmdb.org/t/p/w1280/yvPbncYhMu9FfTjDhq0N5lgnVkO.jpg,Drame
358514,Do Not Come Back Along the Same Road,1965-11-22,12.0376,7.4,"Une histoire sur la grande animosité entre les Bosniaques et les Slovènes ; il s'agit de Bosniaques que la misère et la pauvreté ont forcés à tenter leur chance en Slovénie. Le film suit un groupe de Bosniaques venus travailler dans la construction en tant que saisonniers, leurs tourments et brimades par les Slovènes, et leur lutte pour leur survie.",0,0,91,Drame,sl,"",https://image.tmdb.org/t/p/w500/eMw2Jus09n5EedO3By2Ic2gYKne.jpg,https://image.tmdb.org/t/p/w1280/cDIjImw1ky8lezOhxNIjSPQqnmT.jpg,Drame
150202,Ghosts of Georgia,2013-02-01,12.0334,5.839,"Récemment installé près d'une ancienne plantation du Vieux Sud, un jeune couple commence à s'inquiéter lorsque leur fille fait la rencontre de mystérieux étrangers que personne d'autre ne peut voir. Une crainte qui s'amplifie lorsqu'eux mêmes deviennent les témoins de phénomènes terrifiants dans et autour de leur maison.",8000000,5127434,100,"Horreur, Drame, Thriller",en,"",https://image.tmdb.org/t/p/w500/tHHTLn2mRM5YWvGipYFknqHWzoe.jpg,https://image.tmdb.org/t/p/w1280/jE1CpCE4tVLmU1dbVz5hC1mjmXC.jpg,Drame
256916,Sus ojos se cerraron y el mundo sigue andando,1998-01-23,12.0032,5.618,"",0,0,93,"Drame, Musique, Romance",es,"",https://image.tmdb.org/t/p/w500/ueETRSrKjhyqM8cxbPyDDAI7yeH.jpg,https://image.tmdb.org/t/p/w1280/8IcgaAMee01iS0y74xppiLQ1CuW.jpg,Drame
1213742,Tyler Perry: Pour solde de tout compte,2024-07-11,11.9659,7.093,"Ava, une jeune employée de banque est anéantie lorsque son mari Dallas met fin à un mariage pour lequel elle est déterminée à se battre, jusqu'à ce que le destin intervienne, révélant les mauvaises actions de Dallas qui ont torpillé leur mariage, et ont saboté le destin d'Ava qui était d'être aimée par sa véritable âme sœur.",0,0,121,"Drame, Thriller",en,"",https://image.tmdb.org/t/p/w500/cVOIgHjvOwhgrqKiiUKVwEt83FY.jpg,https://image.tmdb.org/t/p/w1280/gZMxWasedXCUOTv2ZpCJiAMkTtH.jpg,Drame
493656,Mon frère s'appelle Robert et c'est un idiot,2019-03-27,11.8904,4.8,"Les jumeaux Robert et Elena révisent leur épreuve de philisophie pour le bac et font un pari : si Elena n’arrive pas à coucher avec quelqu’un avant la fin des examens, son frère aura sa voiture. Leur petit jeu échappe vie à leur contrôle et, à la fin du week-end, rien ne sera plus comme avant.",0,0,170,Drame,de,"",https://image.tmdb.org/t/p/w500/t9WhUm4XhwpZRflc43g3UHYnPxT.jpg,https://image.tmdb.org/t/p/w1280/lrg1NR3RmVauqWC5pqKRzTCq2Wm.jpg,Drame
424,La Liste de Schindler,1993-12-15,11.8443,8.566,"Évocation des années de guerre d’Oskar Schindler, fils d’industriel d’origine autrichienne rentré à Cracovie en 1939 avec les troupes allemandes. Il va, tout au long de la guerre, protéger des juifs en les faisant travailler dans sa fabrique et en 1944 sauver 800 hommes et 300 femmes du camp d’extermination d’Auschwitz‐Birkenau.",22000000,321365567,195,"Drame, Histoire, Guerre",en,"",https://image.tmdb.org/t/p/w500/fLRbv1fGQD0OCPWkFy7PI2sESLj.jpg,https://image.tmdb.org/t/p/w1280/zb6fM1CX41D9rF9hdgclu0peUmy.jpg,Drame
120129,Pas de lettre pour le colonel,1999-06-02,11.8429,5.3,"Tous les vendredis, le colonel - vêtu de son costume - attend, solennel sur le quai de la gare, la lettre qui doit lui annoncer le versement de la pension qu'on lui a promise. Tous les habitants de son village savent qu'il attend en vain. Même sa femme en est persuadée. Mais le colonel continue à nier l’évidence. Chez lui, on meurt de faim. Sa femme est un sac d'os secouée de quintes de toux. Contre la misère, contre la faim, contre sa femme qui demande sans cesse : \"Que mangerons-nous?\", la réponse du colonel, ruminée depuis vingt ans est : \"Nous mangerons de la merde!\"",0,0,118,Drame,es,"",https://image.tmdb.org/t/p/w500/rvxU2dRF5XF9u33E3Nsax5MRtCm.jpg,https://image.tmdb.org/t/p/w1280/eK8E8U17AdQVGNB9s3PItwZlWwD.jpg,Drame
777090,Das Glück ist ein Vogerl,2020-12-16,11.7575,6.0,"",0,0,88,"Comédie, Drame",de,"",https://image.tmdb.org/t/p/w500/jUN5VqmKxw4Mi5GqBBlF9bakqXv.jpg,https://image.tmdb.org/t/p/w1280/ipyVETRiwP0bo6AVY73dGxmWxYH.jpg,Drame
722778,La Main de Dieu,2021-11-24,11.7553,7.534,"Naples dans les années 80. Fabietto Schisa, adolescent mal dans sa peau, vit avec sa famille excentrique et haute en couleurs. Mais son quotidien est soudain bouleversé lorsque Diego Maradona, légende planétaire du football, débarque à Naples et le sauve miraculeusement d’un terrible accident. Cette rencontre inattendue avec la star du ballon rond sera déterminante pour l’avenir du jeune homme. Avec La Main de Dieu, Sorrentino revient dans sa ville natale pour réaliser son film le plus personnel, qui mêle le destin et la famille, le sport et le cinéma, l’amour et les illusions perdues.",13049974,167909,130,Drame,it,"",https://image.tmdb.org/t/p/w500/U84nNA8RFhO6sSf3VFkrzHEMzC.jpg,https://image.tmdb.org/t/p/w1280/dTvGUMFc5WCziTzXZKZ2EfW2bEM.jpg,Drame
345362,La mujer que yo amé,1950-06-29,11.7441,6.4,"",0,0,90,Drame,es,"",https://image.tmdb.org/t/p/w500/gTJ7Oa71GZmEbUvVFH9nxuNUfPs.jpg,"",Drame
682449,Veinticuatro horas en la vida de una mujer,1944-08-17,10.3704,7.5,"",0,0,82,Drame,es,"",https://image.tmdb.org/t/p/w500/lSLyQrQFBCfnLPaTIIqyD3czVqr.jpg,https://image.tmdb.org/t/p/w1280/bDwJI4Z6nZN8psPVivLaw7gFZZg.jpg,Drame
1097549,Babygirl,2024-12-25,10.2194,5.718,"Romy, PDG d’une grande entreprise, a tout pour être heureuse : un mari aimant, deux filles épanouies et une carrière réussie. Mais un jour, elle rencontre un jeune stagiaire dans la société qu’elle dirige à New York. Elle entame avec lui une liaison torride, quitte à tout risquer pour réaliser ses fantasmes les plus enfouis…",20000000,60934894,114,"Drame, Romance",en,"",https://image.tmdb.org/t/p/w500/aVjWFfJHkFSLHjeKn0GuAyNBlpA.jpg,https://image.tmdb.org/t/p/w1280/s7vWRjcfRVMW8tBIxhC3UhKxRoo.jpg,Drame
392572,RUSTOM,2016-08-12,10.0597,6.7,"Rustom Pavri, un honorable officier de la Marine indienne tire sur son ami Vikram à mort après avoir découvert que sa femme Cynthia avait une liaison avec le riche homme d'affaires. Le commandant se rend à la police immédiatement et admet avoir tué Vikram mais plaide «non coupable» devant les tribunaux. Est-il condamné ou acquitté?",6114349,26309214,150,"Thriller, Drame, Crime",hi,"",https://image.tmdb.org/t/p/w500/xwf74VcrHu1etzOsRVx7nckPPLR.jpg,https://image.tmdb.org/t/p/w1280/a7sHhxRbIt2TXS2HS2R1FFIXog6.jpg,Drame
1278950,The Ritual – L'Exorcisme d'Emma Schmidt,2025-04-18,9.6058,5.9,"En 1928, Emma Schmidt est admise dans un couvent reculé du Midwest américain. Très vite, les phénomènes inexpliqués se multiplient. Le prêtre fait alors appel à un exorciste reconnu, Theophilus Riesinger. Ce qu’ils vont découvrir dépasse l’imagination. Ce dossier, basé sur une histoire vraie, a été longtemps tenu secret par l’Église. C’est le cas de possession démoniaque le mieux documenté de l’histoire des États-Unis.",0,3195869,98,"Horreur, Drame, Thriller",en,https://www.kmbofilms.com/distribution/the-ritual-lexorcisme-demma-schmidt-film/,https://image.tmdb.org/t/p/w500/neEmMy5Y5Uysp9t4r0zN8KXHfgF.jpg,https://image.tmdb.org/t/p/w1280/yAqL0makiGke5yYiVWpmBDSKIVP.jpg,Drame
242,"Le Parrain, 3e partie",1990-12-25,11.6033,7.418,"Atteignant la soixantaine, Michael Corleone désire à la fois renouer avec les siens et se réhabiliter aux yeux de la société, surtout de l'Église. Il arrivera presque à ses fins, mais sa vie passée et ses anciens ennemis le rattraperont plus vite. Michael Corleone est fatigué. Il veut prendre ses distances avec les activités mafieuses de sa famille. Il veut convertir ces activités en affaires légales. Kay, son ex-femme, lui fait même accepter que leur fils devienne un chanteur d'opéra et ne reprenne pas les activités familiales. Pendant ce temps, la fille de Michael, Mary, et son neveu, le fils de Sonny, Vincent, nouent une idylle qui n'est pas la bienvenue dans la famille. Il décide d'aider le Vatican à renflouer ses caisses et reçoit en échange le contrôle d'une entreprise immobilière leur appartenant. Attisant la jalousie de ses pairs, Michael échappe de justesse à un attentat commis par l'un d'eux. Vincent se propose alors pour reprendre les affaires de la famille en main.",54000000,136766062,160,"Crime, Drame, Thriller",en,"",https://image.tmdb.org/t/p/w500/6qDyBIl9vizY5pneZ2tREaa86UC.jpg,https://image.tmdb.org/t/p/w1280/8zhviPFJx25k8PbUOUL5sLOy9XE.jpg,Drame
348893,Boyka : Un seul deviendra invincible,2016-08-01,11.3304,7.2,"Après avoir découvert que la femme de l’homme qu’il a accidentellement tué sur le ring est en danger, Boyka se lance dans une séries de combats éreintants.",0,413334,87,"Action, Drame, Thriller",en,"",https://image.tmdb.org/t/p/w500/sbSdbydcYBYGxW9a1Y1egd1W7oR.jpg,https://image.tmdb.org/t/p/w1280/msgutegakwajb9vjC3Xgh4t7e0M.jpg,Drame
294068,Miss Na Miss Na Kita: Ang Utol Kong Hoodlum Part 2,1992-01-07,8.5931,4.0,"",0,0,94,"Action, Drame, Comédie",tl,"",https://image.tmdb.org/t/p/w500/9DnuWfNhNDohJKgY3isZqfMttb4.jpg,https://image.tmdb.org/t/p/w1280/cFkRtq2LXujZYy2Ny8BSLbq8gMF.jpg,Drame
1290182,"그 시절, 우리가 좋아했던 소녀",2025-02-21,9.6354,8.5,"",0,302086,102,"Romance, Drame, Comédie",ko,"",https://image.tmdb.org/t/p/w500/1aSRSDDHQX2egc1az05qQ5tz6zS.jpg,https://image.tmdb.org/t/p/w1280/rVhoq70ZDDVfeoEPS312PcR5yLE.jpg,Drame
1234591,Mon gâteau préféré,2024-07-11,8.4367,7.3,"Mahin a 70 ans et vit seule. Un jour, elle décide de rompre avec sa routine et de réveiller sa vie amoureuse. Une rencontre inattendue se transforme alors en une soirée inoubliable.",0,0,96,"Drame, Comédie, Romance",fa,"",https://image.tmdb.org/t/p/w500/lgetRwcnXvmpTTfBstn1GtOFTyb.jpg,https://image.tmdb.org/t/p/w1280/3p1bD9QYA41lb5MBijhYee70Fxz.jpg,Drame
207,Le Cercle des poètes disparus,1989-06-02,10.5903,8.301,"Todd Anderson est un garçon plutôt timide. Désormais élève de la prestigieuse académie Welton, réputée pour être l'une des plus fermées et austères des États-Unis, tout le monde attend de lui qu'il suive les traces de son frère, qui avait fait à Welton de brillantes études.  C'est là qu'il va faire la rencontre de M. Keating, un professeur de lettres anglaises qui, c'est le moins que l'on puisse dire, sort des sentiers battus. Jour après jour, M. Keating encourage ses élèves à penser par eux-mêmes et à refuser l'ordre établi. Cette rencontre va bouleverser la vie du jeune Todd, mais aussi celle de ses amis.",16400000,235860116,128,Drame,en,"",https://image.tmdb.org/t/p/w500/oHBdsvdlPhzkJZOfax7Oy3X5mm7.jpg,https://image.tmdb.org/t/p/w1280/rSzDfniDjqh2TIP9uH7rwi2iRy3.jpg,Drame
37135,Tarzan,1999-06-17,9.6966,7.4,"Cette superbe adaptation de l'histoire d'Edgar Rice Burroughs par Walt Disney Animation Studios raconte les aventures d'un bébé orphelin recueilli par une famille de gorilles et élevé comme l'un des leurs. Avec ses amis, Tok, le singe blagueur, et Tantor, l’éléphant névrosé, Tarzan apprend à \"surfer\", à se balancer de liane en liane et à survivre dans la jungle. À l’approche de l’âge adulte, sa première rencontre avec d’autres humains, pour lesquels il présente une affinité immédiate, change sa vie à jamais.",130000000,448200000,88,"Familial, Aventure, Animation, Drame",en,http://disneydvd.disney.go.com/tarzanr-special-edition.html,https://image.tmdb.org/t/p/w500/qI9lkmsC8LURNowxsaAoCX1A97l.jpg,https://image.tmdb.org/t/p/w1280/86z1Yrwj7yN1xehSa0gIwHnR7xl.jpg,Drame
329505,Il peccato di Lola,1984-05-04,10.6335,6.963,"",0,0,88,"Drame, Comédie, Horreur",it,"",https://image.tmdb.org/t/p/w500/iQt9Kydd8yn9xfBvYeKec56glyv.jpg,https://image.tmdb.org/t/p/w1280/tId87yE7JnQsQsqOpnGXjz9PoEe.jpg,Drame
1245347,Twinless,2025-09-04,11.2251,7.2,Deux jeunes hommes se rencontrent dans un groupe de soutien pour le deuil de jumeaux.,2000000,1390057,101,"Comédie, Drame",en,"",https://image.tmdb.org/t/p/w500/1tqKt55TUcJBj2KBrkxvok6mPBq.jpg,https://image.tmdb.org/t/p/w1280/eTTIVwc6RxPK9ATmnuwKTrjJ3eP.jpg,Drame
143725,快楽学園　禁じられた遊び,1980-11-21,8.9685,4.9,"",0,0,64,Drame,ja,"",https://image.tmdb.org/t/p/w500/yMeTysxNo4PBhrJCifNZAcaZyQB.jpg,https://image.tmdb.org/t/p/w1280/qFUXcMySrhAQRhEJghz15SjfkET.jpg,Drame
949,Heat,1995-12-15,11.1966,7.924,"Neil McCauley est un braqueur qui a de l'expérience. Il veille, au cours de ses vols, à ne pas commettre d'impairs. Ses complices n'ont pas autant de scrupules ni de «conscience professionnelle». Lors d'une opération pourtant bien planifiée, l'un d'entre eux tire sur deux vigiles. Ce double meurtre intéresse au plus au point le lieutenant Hanna, qui ne met guère de temps à identifier McCauley comme étant le cerveau de la bande. Les deux hommes apprennent à se connaître par dossier et surveillance interposée. A tel point qu'il finissent par se rencontrer. Chacun jure alors de mettre l'autre en échec. Un duel s'engage, à la limite de la légalité.",60000000,187400000,170,"Crime, Drame, Action",en,"",https://image.tmdb.org/t/p/w500/e0xv5Y7UVrhKEVy1g3URMLLVDYB.jpg,https://image.tmdb.org/t/p/w1280/uI22JkEMediWyiRqhllNqeeGtW0.jpg,Drame
1142921,तेरे इश्क़ में,2025-11-28,8.7478,0.0,"",9505286,0,167,"Romance, Drame, Action",hi,"",https://image.tmdb.org/t/p/w500/7FsHlW9z7gDhDE4EXAE2WcXUVQj.jpg,https://image.tmdb.org/t/p/w1280/s6N5CSXd9KL9npreIeOqVDzYVmb.jpg,Drame
1140535,Presence,2025-01-17,10.3588,6.105,Une famille est convaincue qu'elle n'est pas seule après avoir emménagé dans sa nouvelle maison en banlieue.,2000000,10498407,85,"Horreur, Thriller, Drame",en,"",https://image.tmdb.org/t/p/w500/n2MH5xiSS36f8pCTbehXlZq3WP0.jpg,https://image.tmdb.org/t/p/w1280/eT1L3IVcHUL58wLn48E5dxlea3Z.jpg,Drame
1387382,Hunting Season,2025-12-05,58.8869,6.2,Un père célibataire est prêt à tout pour protéger sa fille de 13 ans du monde corrompu qui l'entoure.,0,0,93,"Action, Drame, Thriller",en,"",https://image.tmdb.org/t/p/w500/cbryTyaWdqrKpQCw6K7zm2jrB5v.jpg,https://image.tmdb.org/t/p/w1280/wNamNv018mUVvxuhxkubSuHI81.jpg,Drame
1228246,Five Nights at Freddy's 2,2025-12-03,319.0007,6.5,"N'importe qui peut survivre à cinq nuits. Cette fois, il n'y aura pas de seconde chance.",51000000,113600000,104,"Horreur, Thriller",en,https://www.universalpictures.fr/micro/five-nights-2,https://image.tmdb.org/t/p/w500/enRyaRthhsuAqBwzYKqb7VfCJg.jpg,https://image.tmdb.org/t/p/w1280/bhhgVjnZ69ZoCGYvVT3djnAWSJA.jpg,Horreur
1246049,Dracula,2025-07-30,170.6264,7.117,"Au XVe siècle, le Prince Vladimir renie Dieu après la perte brutale et cruelle de son épouse. Il hérite alors d’une malédiction : la vie éternelle. Il devient Dracula. Condamné à errer à travers les siècles, il n’aura plus qu’un seul espoir : celui de retrouver son amour perdu.",52000000,25788866,129,"Horreur, Fantastique, Romance",fr,https://www.snd-films.com/movies/47,https://image.tmdb.org/t/p/w500/vevuZVvb72VrbDzHiz4D8Z8XuGF.jpg,https://image.tmdb.org/t/p/w1280/otSXrUWOTX7tTigLBMFKOV8n47r.jpg,Horreur
507089,Five Nights at Freddy's,2023-10-25,82.8533,7.377,"Mike, jeune homme perturbé, est toujours hanté par la disparition, de son frère dix ans auparavant. Afin de ne pas perdre la garde de sa sœur Abby, il accepte un poste de gardien de nuit dans un restaurant désaffecté, Freddy Fazbear’s Pizzeria. Mais il ne tarde pas à être confronté, la nuit, à des phénomènes surnaturels inexplicables, et bascule dans un univers cauchemardesque…",20000000,297242145,110,"Horreur, Thriller",en,https://www.universalpictures.fr/micro/five-nights,https://image.tmdb.org/t/p/w500/tEY81I7lpiHaLJa7AZ3O4vWXmJo.jpg,https://image.tmdb.org/t/p/w1280/7NRGAtu8E4343NSKwhkgmVRDINw.jpg,Horreur
1197137,Black Phone 2,2025-10-15,56.956,6.835,"Depuis son enlèvement, Finney, aujourd'hui âgé de 17 ans, lutte pour reprendre le cours d'une vie normale, alors que rien ni personne ne saurait arrêter Gwen, sa sœur de 15 ans. Cependant, celle-ci commence à recevoir des appels du sinistre téléphone noir dans ses rêves, où elle voit sans cesse trois garçons se faire pourchasser dans un camp de montagne appelé Alpine Lake. Déterminée à mettre fin à ces cauchemars et à en percer le mystère, Gwen persuade son frère de se rendre sur place.",30000000,131947820,114,"Horreur, Thriller",en,"",https://image.tmdb.org/t/p/w500/dIdsLxoG5bsxpuYIt6GMUQ3pNB9.jpg,https://image.tmdb.org/t/p/w1280/6zKjoOOb3OZnZuiHtQZn4Kd69Gq.jpg,Horreur
1130276,Succubus,2024-10-06,50.8883,8.9,"Un nouveau père luttant contre la fatigue, l'insécurité émotionnelle et un mariage raté s'inscrit sur une application de rencontres, mais il tombe sur ce qui pourrait être une présence inhumaine.",0,0,103,"Horreur, Thriller",en,"",https://image.tmdb.org/t/p/w500/nyGKQrctWNmhSvto8h60AhZ3iLz.jpg,https://image.tmdb.org/t/p/w1280/84h6avqHvW2TgLfERuqYkQwzjp1.jpg,Horreur
1038392,Conjuring : L'Heure du jugement,2025-09-03,46.3215,7.0,"Alors qu’ils espéraient une nouvelle vie, Ed et Lorraine Warren se voient impliqués dans une dernière enquête…qu’ils n’auraient jamais dû accepter. Dans la maison de la famille Smurl, un mal ancien les attend. Un ennemi qu’ils croyaient à jamais enfoui... Découvrez comment les Warren ont affronté le cas le plus maléfique de leur carrière, inspiré de faits réels qui ont terrorisé l’Amérique.",55000000,494400469,135,Horreur,en,https://newsroom.warnerbros.fr/untitled-conjuring-finale,https://image.tmdb.org/t/p/w500/CT7EhbB5yVLdUfvIiZs5QhOvgU.jpg,https://image.tmdb.org/t/p/w1280/tcBX2dtkNozZ0uDLVaxXrE6rqyN.jpg,Horreur
1468417,First Moon,2025-05-06,42.8535,4.269,"Une jeune serveuse est enlevée par une secte religieuse, qui est déterminée à la guérir d'un virus transmis sexuellement par le loup-garou, ou à la tuer au passage. Parviendra-t-elle à s'échapper avant la première pleine lune ?",0,0,97,"Horreur, Thriller",en,"",https://image.tmdb.org/t/p/w500/hcjYvv4k9qs0lDG1Q3GIglT30IW.jpg,https://image.tmdb.org/t/p/w1280/7h0qCqkuQzmG5vXN3lGBc06reLd.jpg,Horreur
1481331,Nahual,2025-02-06,34.1265,3.2,"",0,0,98,Horreur,en,"",https://image.tmdb.org/t/p/w500/gQZn4Rx3LpIBnFunH1AKxAMYYd9.jpg,"",Horreur
1280518,Laberinto de sombras,2024-05-10,28.2565,5.25,"Elena, devenue aveugle suite à un accident, vit seule dans la vieille maison familiale. L'arrivée de deux étrangers bien décidés à lui dérober ses bijoux et l'apparition de forces surnaturelles étranges vont transformer la maison en un labyrinthe dangereux.",0,0,100,Horreur,es,"",https://image.tmdb.org/t/p/w500/565kBAr0hvgLbJKyAd3dUKk2xn0.jpg,"",Horreur
937941,Shelby Oaks,2025-10-02,33.721,5.8,"The Paranormal Paranoids, un groupe d'enquêteurs spécialisés dans le paranormal, mettent à jour un héritage obscur et les répercussions majeures de leur travail, tandis que Mia part à la recherche de sa soeur Riley, la cheffe des enquêteurs, douze ans après sa disparition. En suivant de nouvelles pistes inquiétantes sur ce qui est arrivé à Riley, Mia découvre des indices révélant une force maléfique surnaturelle, enfouie depuis l'enfance de Riley et la sienne.",1400000,2350523,99,"Horreur, Mystère",en,https://metrofilms.com/film/shelby-oaks/,https://image.tmdb.org/t/p/w500/xzPcDQRWqwa5HT636De4qOrpQGc.jpg,https://image.tmdb.org/t/p/w1280/jOuu4mEBOuJVb6CkkmRDpjnrZed.jpg,Horreur
1010756,Les Intrus : Chapitre 2,2025-09-25,34.5463,6.084,"Lorsqu’ils découvrent que l’une de leurs victimes, Maya, a survécu, ils reviennent pour terminer ce qu’ils ont commencé. Traquée et isolée, Maya doit affronter un nouveau chapitre terrifiant alors que les tueurs, insensés et inarrêtables, la traquent, prêts à éliminer quiconque se mettra en travers de leur route.",8000000,21855027,98,"Horreur, Thriller",en,"",https://image.tmdb.org/t/p/w500/tWb9KrduBpbKsRHtDAaF98fF4GH.jpg,https://image.tmdb.org/t/p/w1280/sSaUmM4bnZJ7PW5dlyRi7iONB65.jpg,Horreur
474350,Ça : Chapitre 2,2019-09-04,34.703,6.838,"Tous les 27 ans, une créature maléfique revient hanter les rues de Derry, dans le Maine, aux États-Unis. Près de trente ans après les événements du premier opus, les membres du Club des Ratés, désormais adultes, se retrouvent.",79000000,473123154,169,"Horreur, Thriller",en,http://www.it-movie.net/,https://image.tmdb.org/t/p/w500/pWiALkHml93SWMdq2NSBFkfWOkJ.jpg,https://image.tmdb.org/t/p/w1280/8moTOzunF7p40oR5XhlDvJckOSW.jpg,Horreur
1377505,Spithood,2024-10-25,25.6176,5.2,"Lorsqu'un patient dangereux s'échappe d'un hôpital psychiatrique et se lance dans une série de meurtres, le personnel de nuit est confronté à son pire cauchemar et lutte pour sa survie.",0,0,58,"Horreur, Thriller",en,"",https://image.tmdb.org/t/p/w500/loH2BJPC7dlCw8e8QNEZCz9kTc2.jpg,https://image.tmdb.org/t/p/w1280/h4YdTMJ6h0Poyo5XHn8vk4wTczT.jpg,Horreur
1134278,Maraé,2024-07-11,23.058,4.486,"Sarah est une ancienne championne de surf à la carrière brisée par un accident. Quand elle entend parler d’un spot vierge jamais surfé par l’homme à Tahiti, elle décide d’y emmener ses trois amies. Mais avant de partir, elle est mise en garde : si personne n’y est jamais allé, ce n’est pas pour rien, l’île serait hantée…  Ne craignant pas les prétendus dangers qui existeraient, les quatre amies s’y rendent et y découvrent un endroit paradisiaque. Mais lorsqu’une d’entre elles profane un Maraé, lieu sacré polynésien, le paradis se transforme en enfer duquel elles doivent absolument s’extirper…
 Sarah et ses amies réussiront-t-elles à survivre ?",0,0,85,"Horreur, Thriller",fr,"",https://image.tmdb.org/t/p/w500/jw5lampy4gLzwLVnm6vQH6zYuCX.jpg,https://image.tmdb.org/t/p/w1280/mijSBMlvAp4QoCpEShrl62444Cb.jpg,Horreur
1288072,L'Élue,2025-11-12,25.5296,5.3,"Malcolm passe quelques jours au chalet avec sa nouvelle flamme Liz pour souligner l'anniversaire de leur relation. Médecin pratiquant, Malcolm est appelé à retourner en ville pour voir un patient à l'hôpital. Liz reste seule dans la grande maison isolée où elle se met à souffrir de visions angoissantes.",6000000,4905839,99,"Horreur, Mystère",en,https://metrofilms.com/film/keeper/,https://image.tmdb.org/t/p/w500/esDCrbeW6dK4K5zp8Rx1R4Zi8LD.jpg,https://image.tmdb.org/t/p/w1280/tAt5igd4Us5LYOdneRAprlNgRsh.jpg,Horreur
1078605,Évanouis,2025-08-04,23.7329,7.313,"En plein cœur de la nuit, les 17 enfants d'une classe de l'école primaire de Maybrook aux États-Unis se réveillent à une heure précise et s'enfuient de leurs foyers. Mus par une force inébranlable, ils sont partis à la course et personne ne sait où ils s'en sont allés. Tous ont disparu, sauf un. Alex est le seul élève restant. Paniqués et inquiets, les parents soupçonnent l'enseignante Justine Gandy d'avoir manigancé quelque chose.",38000000,265894217,129,"Horreur, Mystère",en,https://newsroom.warnerbros.fr/weapons,https://image.tmdb.org/t/p/w500/3eRJV97oZDY6LORwPNdWlfdPLnd.jpg,https://image.tmdb.org/t/p/w1280/yKWZIDo4ixcDUeelk2QGVA1EVmC.jpg,Horreur
604079,Marche ou crève,2025-09-10,27.0185,6.9,"Dans une Amérique totalitaire instaurée après une longue guerre fratricide, 50 jeunes hommes participent à une marche d'endurance de plus de 500 kilomètres, filmée et diffusée en direct. Les marcheurs ont l'obligation de conserver un rythme constant, avec interdiction formelle de s'arrêter. Après trois avertissements consécutifs, les contrevenants sont froidement abattus. Un seul en sortira vivant, avec une somme faramineuse et un prix de son choix. Habité par un motif secret, le jeune Raymond Garraty tente sa chance, nouant sur la route un fort lien d'amitié avec l'Afro-Américain Peter McVries.",20000000,54054069,108,"Thriller, Science-Fiction, Horreur",en,"",https://image.tmdb.org/t/p/w500/4KXidDT9Z8w23A4r0eoRwwDPYOD.jpg,https://image.tmdb.org/t/p/w1280/pcJft6lFWsJxutwpLHVYfmZRPQp.jpg,Horreur
346364,Ça,2017-09-06,34.7025,7.237,"À Derry, dans le Maine, aux États-Unis, 7 gamins, ayant du mal à s’intégrer, se sont regroupés au sein du Club des Ratés. Rejetés par leurs camarades, ils sont les cibles favorites des gros durs de l’école. Ils ont aussi en commun d’avoir éprouvé leur plus grande terreur face à un terrible prédateur métamorphe qu’ils appellent Ça…",35000000,704242888,135,"Horreur, Thriller",en,http://www.it-movie.net/,https://image.tmdb.org/t/p/w500/3SUz0F0I2Bodcj9Ev2pYSWnE9zp.jpg,https://image.tmdb.org/t/p/w1280/qVGpxnjrGlHaSTCqTQI6viBDSfp.jpg,Horreur
574475,Destination finale : Bloodlines,2025-05-14,24.347,7.107,"Hantée par un cauchemar terrifiant qui revient sans cesse, Stefanie, étudiante à l’université, rentre chez elle pour retrouver la trace de la seule personne susceptible d’enrayer ce cycle infernal et de sauver ses proches du sort funeste qui les attend…",50000000,315630814,110,"Horreur, Mystère",en,https://newsroom.warnerbros.fr/final-destination-bloodlines,https://image.tmdb.org/t/p/w500/4uI8C2zcfLWRhZDBgd0oTlZjV9j.jpg,https://image.tmdb.org/t/p/w1280/uIpJPDNFoeX0TVml9smPrs9KUVx.jpg,Horreur
1434581,Rego Nyowo,2025-07-31,19.3594,3.667,"",0,0,105,"Horreur, Thriller",id,"",https://image.tmdb.org/t/p/w500/vzVESoM1YcGq2KltTLyIpG53fTW.jpg,https://image.tmdb.org/t/p/w1280/xs6JgosAw0GVp5hEMFCet1F668a.jpg,Horreur
1272837,28 Ans plus tard : Le Temple des morts,2026-01-14,19.7707,0.0,"2ème volet de la nouvelle trilogie post-apocalyptique 28 ans plus tard. Réalisé par Nia DaCosta, ce nouveau chapitre de la franchise prolonge directement l’intrigue du film précédent, en explorant les conséquences d’un monde toujours ravagé par le virus de la rage.  Spike, accompagné du Dr. Kelson, fait face à une secte extrémiste menée par Sir Jimmy Crystal. Ce groupe vénère un étrange sanctuaire fait d’ossements humains, le \"Temple des Os\". Alors que le virus de la rage continue de décimer les populations, une lutte idéologique et spirituelle s’engage dans un monde au bord de l’effondrement.",0,0,109,"Horreur, Thriller, Science-Fiction",en,"",https://image.tmdb.org/t/p/w500/r9JPGoCtlMfhy47gtFs1wUMX2mB.jpg,https://image.tmdb.org/t/p/w1280/upYR21JkdXSGHVMMlWpm3t5z7CB.jpg,Horreur
1086260,The Astronaut,2025-09-26,15.7919,5.762,"L'astronaute Sam Walker est retrouvé miraculeusement vivante dans une capsule perforée flottant au large des côtes de l'océan Atlantique. Le général William Harris prend des dispositions pour qu'elle soit placée sous la surveillance intensive de la NASA. Lorsque des événements étranges commencent à se produire autour de la propriété, Walker craint que quelque chose d'extraterrestre ne l'ait suivie sur Terre.",0,0,90,"Science-Fiction, Horreur, Thriller",en,"",https://image.tmdb.org/t/p/w500/47iUmE2rZX2bzqeEm17iPWKaF2V.jpg,https://image.tmdb.org/t/p/w1280/3C01kAcKGR6FwsUUSOvJ8N82pqr.jpg,Horreur
1422096,Good Boy,2025-10-01,17.0984,6.757,"Un chien fidèle déménage avec son maître dans une maison de campagne, où il découvre l'existence de forces surnaturelles qui rôdent dans l'ombre. Alors que des entités maléfiques menacent son maître, le courageux chien se bat pour protéger celui qu'il aime le plus.",70000,8770110,73,"Horreur, Thriller",en,https://www.cgrevents.com/programmation/good-boy,https://image.tmdb.org/t/p/w500/kXz2i96ED9FaauvUvupLrXdB1mo.jpg,https://image.tmdb.org/t/p/w1280/mPtPJzBkwksUoMEKpkZqxBrlKpZ.jpg,Horreur
1100988,28 Ans plus tard,2025-06-18,17.1958,6.668,"Cela fait près de trente ans que le Virus de la Fureur s’est échappé d’un laboratoire d’armement biologique. Alors qu’un confinement très strict a été mis en place, certains ont trouvé le moyen de survivre parmi les personnes infectées. C’est ainsi qu’une communauté de rescapés s’est réfugiée sur une petite île seulement reliée au continent par une route, placée sous haute protection. Lorsque l’un des habitants de l’île est envoyé en mission sur le continent, il découvre que non seulement les infectés ont muté, mais que d’autres survivants aussi, dans un contexte à la fois mystérieux et terrifiant…",60000000,151289671,115,"Horreur, Thriller, Science-Fiction",en,"",https://image.tmdb.org/t/p/w500/3ACUg2j2ZsgrwT1RnaBmni8mOuI.jpg,https://image.tmdb.org/t/p/w1280/wxxSyWPPgssnkO6FbCAVyntLLSr.jpg,Horreur
1084199,Companion,2025-01-22,15.8827,7.043,"Josh et Iris semblent incarner le couple parfait. Mais lors d’un week-end entre amis qui vire au drame, un secret bien gardé fait tout basculer…",10000000,36809101,97,"Horreur, Science-Fiction, Thriller",en,"",https://image.tmdb.org/t/p/w500/gLXGCPOSm8qU5awxfDl1ztKoZXY.jpg,https://image.tmdb.org/t/p/w1280/cZnJ3ABPvsWGqwPcu06Eda493F9.jpg,Horreur
1215106,หมู่บ้านโคกะโหลก,2025-11-06,14.3069,3.8,"",0,0,99,"Comédie, Horreur",th,"",https://image.tmdb.org/t/p/w500/pRWBabtsYvqpPmxNYcejIUe6lc3.jpg,https://image.tmdb.org/t/p/w1280/4IB1h88hurwGtX9cdxXmgNImNtW.jpg,Horreur
1519168,The Jester 2,2025-09-15,15.2279,6.4,"Lorsque la magicienne adolescente Max croise le chemin du sinistre Jester la nuit d'Halloween, elle doit déjouer un tueur surnaturel dont la magie est bien trop réelle et dont les tours finissent toujours dans le sang.",0,146237,84,"Horreur, Thriller, Crime",en,"",https://image.tmdb.org/t/p/w500/47dsw1jSOV0Be5zmy7CtLhYpqU.jpg,https://image.tmdb.org/t/p/w1280/yZtnGzfZER0QU7ZG4r4RaZAaXJH.jpg,Horreur
73861,A Serbian Film,2010-01-06,15.405,5.447,"Milos, un acteur porno à la retraite, tente de survivre avec sa famille. Jusqu’au jour où une ancienne collègue lui présente Vukmir, figure influente de l'industrie pornographique, qui va lui faire une offre qu’il ne pourra refuser…",0,0,104,"Crime, Horreur, Thriller",sr,http://www.serbianfilmmovie.com/,https://image.tmdb.org/t/p/w500/qT312t40YmlOSsOXOoOLDCvRbPx.jpg,https://image.tmdb.org/t/p/w1280/o0x4LOW8qzVNyqwWGMuFa3kE7Hs.jpg,Horreur
1242011,Together,2025-07-28,13.911,7.1,"Établis depuis peu à la campagne, Tim et Millie font une première randonnée dans la forêt voisine. Le temps virant à l'orage, le musicien glisse dans une crevasse, en entraînant sa petite amie institutrice avec lui. Préférant attendre la fin de l'averse avant de remonter à la surface, le couple passe la nuit dans cette caverne où ils épanchent leur soif à même une source. Mais les jours suivants, Tim, puis Millie, sont l'objet de mutations physiques aussi terrifiantes qu'inexplicables, qui mettent à l'épreuve leur relation déjà chancelante.",17000000,32273161,102,"Horreur, Romance",en,https://metrofilms.com/film/together/,https://image.tmdb.org/t/p/w500/ijTTISrLopthgligJOPOx4jEyoH.jpg,https://image.tmdb.org/t/p/w1280/fBlzTwgtbDYkDKlhnPu69jHfVGy.jpg,Horreur
1081208,Les Chiens,2025-06-13,13.1342,6.74,"Cameron, un ado qui doit fuir un père hyperviolent, s'installe avec sa mère dans une ferme isolée. La maison a été le théâtre d'une tuerie familiale un demi-siècle plus tôt. Cameron décide d'enquêter sur ce drame. Bientôt, il est persuadé que le fantôme de Jacky, le jeune fils des anciens locataires massacrés, lui parle, et que des chiens rodent la nuit venue.",0,0,97,"Horreur, Thriller, Mystère",en,"",https://image.tmdb.org/t/p/w500/3GOUYs33hNsIA0IIfPIVnfyrYX9.jpg,https://image.tmdb.org/t/p/w1280/48LdnfGahm8LuM2cg7LFWEmrTEd.jpg,Horreur
945961,Alien : Romulus,2024-08-13,14.4982,7.176,"Quelques années après les événements sur le vaisseau Nostromo, un groupe de jeunes colons de l'espace travaillent en tant que mineurs dans l'espoir de rejoindre une autre planète verdoyante, Yvaga. Un des membres propose d'utiliser une station spatiale abandonnée en orbite autour de leur planète actuelle afin de se rendre sur Yvaga. Cependant, ils se retrouvent face-à-face avec la forme de vie la plus terrifiante de l'univers alors qu'ils fouillent les profondeurs de cette station.",80000000,350865342,119,"Horreur, Science-Fiction",en,"",https://image.tmdb.org/t/p/w500/xmDypImhT0OOloQIj3JLslUrBw8.jpg,https://image.tmdb.org/t/p/w1280/9SSEUrSqhljBMzRe4aBTh17rUaC.jpg,Horreur
1286185,The Carpenter's Son,2025-11-13,14.3465,4.8,"La sombre histoire d’une famille cachée dans l’Égypte romaine. Connu seulement sous le nom de « l’Enfant », le fils est poussé au doute par un autre enfant mystérieux et se rebelle contre son gardien, le Charpentier, révélant des pouvoirs innés et un destin qui le dépasse. Alors qu’il exerce sa propre puissance, l’Enfant et sa famille deviennent la cible d’horreurs à la fois naturelles et divines.",10000000,0,94,Horreur,en,"",https://image.tmdb.org/t/p/w500/wV1B6SHK5Ea6hxJVcgICIlgfyPl.jpg,https://image.tmdb.org/t/p/w1280/qFxULMQeFTdo2dcuviEdwks3CIO.jpg,Horreur
1269021,Wake,2024-05-23,14.1057,5.5,"",0,0,85,"Horreur, Thriller",en,"",https://image.tmdb.org/t/p/w500/nMcBXvnLqoTKXZnyEeYFOIBlwLX.jpg,https://image.tmdb.org/t/p/w1280/ryOtVdaYyz1HduChYyWPy9dJDB.jpg,Horreur
1151031,Substitution : Bring Her Back,2025-05-28,15.1647,7.4,"À la mort accidentelle de son père, Andy réclame la garde de Piper, sa demi-sœur malvoyante, mais il lui manque trois mois pour atteindre les 18 ans réglementaires. En attendant, les services sociaux placent Piper chez Laura, une conseillère habituée de ce genre de cas. Mais le protecteur Andy refuse de se séparer de sa demi-sœur et s'impose chez Laura, qui habite une grande maison à la campagne. Très vite, l'adolescent remarque le comportement étrange et intrusif de leur hôtesse, qui héberge déjà Oliver, un petit garçon muet et plutôt inquiétant. Il apparait que la conseillère faussement affable poursuit un rêve : éveiller l'esprit de sa propre fille morte noyée.",15000000,39123752,104,Horreur,en,https://www.sonypictures.fr/film/substitution-bring-her-back,https://image.tmdb.org/t/p/w500/AjBNmvAUbl8RMMYmv1dFfP9I1II.jpg,https://image.tmdb.org/t/p/w1280/2IIKts2A9vnUdM9tTC76B8tDmuZ.jpg,Horreur
1208808,Night Shift,2024-12-05,15.5202,6.346,"Le spectre de la garde de nuit au teint livide erre dans les corridors sombres d’un hôpital. Les patients la considèrent comme un ange gardien, tandis que le personnel soignant doit obéir à ses règles strictes : Se souvenir de tout. Rester vigilant. Éviter de socialiser. Ne jamais dormir. Une nouvelle stagiaire, Rebeca, doit faire ses preuves et affronter cette mystérieuse présence terrifiante.",0,0,107,Horreur,es,"",https://image.tmdb.org/t/p/w500/bj03x2TjxS684GB7mNapQMUPoda.jpg,https://image.tmdb.org/t/p/w1280/o5vasl0xbZWWKQnAlaBTSgntHH2.jpg,Horreur
348,"Alien, le huitième passager",1979-05-25,13.4348,8.167,"En 2122, le Nostromo, vaisseau de commerce, fait route vers la Terre avec à son bord un équipage de sept personnes en hibernation et une cargaison de minerais. Il interrompt soudain sa course suite à la réception d’un mystérieux message provenant d’une planète inexplorée. Réveillé par l’ordinateur de bord, l’équipage se rend sur place et découvre les restes d’un gigantesque vaisseau extraterrestre dont le seul passager semble être mort dans d’étranges circonstances…",11000000,104931801,117,"Horreur, Science-Fiction",en,"",https://image.tmdb.org/t/p/w500/l8CES84JndFlNfBNMxdLRYaLvI6.jpg,https://image.tmdb.org/t/p/w1280/cEobq5QrnOJjO6giDs8q4RxmMKh.jpg,Horreur
1330421,Bone Lake,2025-10-02,12.7974,6.0,"Les vacances romantiques d'un couple dans une propriété isolée au bord d'un lac sont bouleversées lorsqu'ils sont contraints de partager le manoir avec un couple mystérieux et séduisant. Dans cette histoire d'horreur sombre, hilarante et séduisante, une escapade de rêve se transforme en un labyrinthe cauchemardesque de sexe, de mensonges et de manipulation, révélant des secrets terrifiants et déclenchant une bataille sanglante pour la survie.",1000000,1688650,94,"Horreur, Thriller, Mystère",en,"",https://image.tmdb.org/t/p/w500/sGo5ti82LlydAZrvcsaj31iPuEI.jpg,https://image.tmdb.org/t/p/w1280/168dp7vy3kwOehcMpFaLOfB52NV.jpg,Horreur
756999,Black Phone,2022-06-16,12.1722,7.547,"Finney Shaw, un adolescent de 13 ans, timide mais intelligent, est enlevé par un tueur sadique qui l’enferme dans un sous-sol insonorisé où s’époumoner n’est pas d’une grande utilité. Quand un téléphone accroché au mur, pourtant hors d’usage, se met à sonner, Finney va découvrir qu’il est en contact avec les voix des précédentes victimes de son ravisseur. Ils sont aussi morts que bien résolus à ce que leur triste sort ne devienne pas celui de Finney.",16000000,161441914,103,"Horreur, Thriller",en,"",https://image.tmdb.org/t/p/w500/1rVNiPMAHOyxjkdwyTtqUQs0i61.jpg,https://image.tmdb.org/t/p/w1280/AfvIjhDu9p64jKcmohS4hsPG95Q.jpg,Horreur
986097,G.O.A.T.,2025-09-18,13.9652,5.819,"La veille du Combine, le repêchage annuel du football professionnel, Cameron Cade, un quart-arrière en pleine ascension, est violemment attaqué par un admirateur déséquilibré et subit un traumatisme crânien qui pourrait mettre fin à sa carrière. Alors que tout semble perdu, Cam reçoit une aide inattendue de la part de son idole: Isaiah White, un légendaire quart-arrière, lui propose de l'entraîner dans son complexe isolé qu'il partage avec sa femme, la célèbre influenceuse Elsie White.",27000000,27601423,96,"Horreur, Mystère",en,https://www.universalpictures.fr/micro/him,https://image.tmdb.org/t/p/w500/nTFrCDCc1pMJAwmUhPjtTHMnF6w.jpg,https://image.tmdb.org/t/p/w1280/jzzpCJWkVZZwAxzzLmtYN0MBWFd.jpg,Horreur
578,Les Dents de la mer,1975-06-20,19.9452,7.7,"À quelques jours du début de la saison estivale, les habitants de la petite station balnéaire d'Amity sont mis en émoi par la découverte sur le littoral du corps atrocement mutilé d'une jeune vacancière. Pour Martin Brody, le chef de la police, il ne fait aucun doute que la jeune fille a été victime d'un requin. Il décide alors d'interdire l'accès aux plages mais se heurte à l'hostilité du maire uniquement intéressé par l'afflux des touristes. Pendant ce temps, le requin continue à semer la terreur le long des côtes et à dévorer les baigneurs…",7000000,470653000,124,"Horreur, Thriller, Aventure",en,"",https://image.tmdb.org/t/p/w500/wuRf6gkX0JUJsu1MeECPubhMRdd.jpg,https://image.tmdb.org/t/p/w1280/i1yf91svRHX45l9BXL8rVFzLoPH.jpg,Horreur
1561969,Baramulla,2025-11-06,12.1669,5.667,"En enquêtant sur des enlèvements d'enfants, un policier révèle des secrets effrayants alors que des événements surnaturels menacent sa famille et la paisible ville de Baramulla.",0,0,120,Horreur,hi,https://www.netflix.com/fr/title/82127717,https://image.tmdb.org/t/p/w500/2raITTyjXVUcsbJ7lJAQt8HzjDK.jpg,https://image.tmdb.org/t/p/w1280/ajIRfvb5MkpH8spMJ5OCyg2enVS.jpg,Horreur
1404791,ドールハウス,2025-06-13,16.0797,7.0,"",0,11547839,110,"Horreur, Mystère",ja,"",https://image.tmdb.org/t/p/w500/xmMX4Ve5PPWzayaqN94Doqu8Klh.jpg,https://image.tmdb.org/t/p/w1280/faDD1VulsjasBtCySuLWTW201lz.jpg,Horreur
12550,Le Retour des morts-vivants,1973-05-17,13.4259,5.7,"Au XIVème siècle, les habitants de Bouzano massacrèrent les Templiers à cause de leurs agissements démoniaques. 500 ans plus tard, les villageois s’apprêtent à fêter l’événement mais les festivités seront gâchées par l’arrivée des... Templiers. Un petit groupe de gens se réfugie dans l’église et va devoir faire face à l’invasion des morts-vivants.",0,0,91,Horreur,es,"",https://image.tmdb.org/t/p/w500/xBFsSkCiaPKVCj81yZx1mpcRbA2.jpg,https://image.tmdb.org/t/p/w1280/fdaLUHfzpsJmIsJmgnO6Qe3LVll.jpg,Horreur
138843,Conjuring : Les Dossiers Warren,2013-07-18,13.4215,7.5,"Avant Amityville, il y avait Harrisville… Conjuring : Les dossiers Warren, raconte l'histoire horrible, mais vraie, d'Ed et Lorraine Warren, enquêteurs paranormaux réputés dans le monde entier, venus en aide à une famille terrorisée par une présence inquiétante dans leur ferme isolée… Contraints d'affronter une créature démoniaque d'une force redoutable, les Warren se retrouvent face à l'affaire la plus terrifiante de leur carrière.",13000000,321293998,112,"Horreur, Thriller",en,"",https://image.tmdb.org/t/p/w500/vOnTvcSsxdJWL9xgauljHHmFSN4.jpg,https://image.tmdb.org/t/p/w1280/aQCCpAIdWAp6wyFgjMry4okwrZo.jpg,Horreur
694,Shining,1980-05-23,13.2512,8.207,"Jack Torrance, gardien d’un hôtel fermé l’hiver, sa femme et son fils Danny s’apprêtent à vivre de longs mois de solitude. Danny, qui possède un don de médium, le «Shining», est effrayé à l’idée d’habiter ce lieu, théâtre marqué par de terribles événements passés…",19000000,44781695,119,"Horreur, Thriller",en,"",https://image.tmdb.org/t/p/w500/cnniZQGtjK8kh2tsjih4GtkX6bl.jpg,https://image.tmdb.org/t/p/w1280/AdKA2F1SzYPhSZdEbjH1Zh75UVQ.jpg,Horreur
1261756,Utusan Iblis: Dia Yang Berada di Antara Kita,2025-01-02,12.381,6.0,"",0,0,90,"Horreur, Mystère, Thriller",id,"",https://image.tmdb.org/t/p/w500/31HRhQyllgSRGU7M9xHBKWRsY5F.jpg,https://image.tmdb.org/t/p/w1280/mEoN3HU6nQU7NRaTpiuQrvDf3b7.jpg,Horreur
1380998,The Book,2024-11-08,11.4266,5.3,"Verónica est une jeune journaliste qui cherche à comprendre pourquoi deux personnes qu'elle aime le plus ont agi de la même manière, et elle sent qu'elle ne trouvera de réponses qui éclaireront son problème familial qu'en creusant à ses origines.",0,0,0,"Horreur, Thriller",es,"",https://image.tmdb.org/t/p/w500/qlOWxBek4G7Jw52ZBuCKzy4RlKm.jpg,https://image.tmdb.org/t/p/w1280/fZMhuFjyQ7QDFIsLDSQKxe3icce.jpg,Horreur
71672,Détour mortel 4 : Origines sanglantes,2011-10-17,12.311,5.727,"Pour leurs vacances d'hiver, un groupe d'amis part faire de la motoneige en montagne. Alors qu'une tempête de neige approche, ils se perdent et décident de se réfugier dans un asile en ruines. Mais trois anciens patients dégénérés et cannibales occupent encore les lieux.",3000000,0,90,"Horreur, Thriller",en,"",https://image.tmdb.org/t/p/w500/kkkzQJ8LO84ksV8emTD1NTiC229.jpg,https://image.tmdb.org/t/p/w1280/8xyJcJnYbupkPPMvwTEJaUwjxDI.jpg,Horreur
10160,L'Enfant du cauchemar,1989-08-11,12.2214,5.418,"L'ignoble Freddy a encore trouvé un moyen pour venir hanter les cauchemars des enfants de Elm Street : il se réincarne dans le bébé qu'attend Alice, celle qui l'avait pourtant vaincu dans le précédent épisode. Il arbore à nouveau crânement son chapeau, son pull rayé et ses longues griffes aiguisées et Alice aura fort à faire pour le ramener dans le sinistre asile psychiatrique où il fut conçu.",8000000,22168359,89,"Horreur, Thriller",en,"",https://image.tmdb.org/t/p/w500/rOFiArC4gxjQCzgXp6NZ6RwXVFc.jpg,https://image.tmdb.org/t/p/w1280/mYsUWQoOYme8T6OELieOuHM08PH.jpg,Horreur
1035264,"KKN di Desa Penari: Luwih Dowo, Luwih Medeni",2022-12-29,12.1915,6.5,"",1100000,21805737,170,"Horreur, Mystère, Thriller",id,"",https://image.tmdb.org/t/p/w500/bS5JONb9Q5hYdOKkVL61HJcFITX.jpg,https://image.tmdb.org/t/p/w1280/4BxazsGhdbqipop2ZObd0HXXZ1j.jpg,Horreur
949423,Pearl,2022-09-16,12.1321,7.242,"Piégée dans la ferme isolée de sa famille, Pearl doit s'occuper de son père malade sous le regard autoritaire de sa mère dévote. Désireuse de mener une vie glamour comme elle l'a vu dans les films, Pearl voit ses ambitions limitées... ce qu'elle n'apprécie pas du tout !",1000000,10139416,103,"Horreur, Thriller",en,"",https://image.tmdb.org/t/p/w500/pe6W1l0MSFUjZYCH3psEkJBXVav.jpg,https://image.tmdb.org/t/p/w1280/8rmx3Wh6fQdSL2nzTmdFn9thcK8.jpg,Horreur
1252428,狂蟒之灾,2024-03-01,12.0219,7.2,"",0,0,84,"Aventure, Horreur, Thriller",zh,"",https://image.tmdb.org/t/p/w500/9a7URTaq1Eimlg2ZujPX9FdOeGK.jpg,https://image.tmdb.org/t/p/w1280/gSVk4r8Q4R8aeGY0hhEG3bE0QzL.jpg,Horreur
1328402,The People In The Walls,2024-08-01,10.846,5.2,"",0,0,93,"Horreur, Thriller, Mystère",en,"",https://image.tmdb.org/t/p/w500/3NyL99rcDr5S4qQ8FXDwWiLujEE.jpg,https://image.tmdb.org/t/p/w1280/dHoRIZJgwA26zE5WKyEazKUoZAZ.jpg,Horreur
1111873,Abigail,2024-04-16,9.7526,6.709,"Suite au kidnapping de la fille d'un puissant magnat de la pègre, un groupe de criminels amateurs pensaient simplement devoir enfermer et surveiller cette jeune ballerine afin de pouvoir réclamer une rançon de 50 millions de dollars. Retirés dans un manoir isolé, les ravisseurs commencent mystérieusement à disparaître, les uns après les autres, au fil de la nuit. C'est alors qu'ils découvrent avec horreur que la fillette avec lesquels ils sont enfermés n'a rien d'ordinaire.",28000000,43015969,109,"Horreur, Thriller, Crime",en,"",https://image.tmdb.org/t/p/w500/qvpOyAuB86vvCRK16WZGUwGioSd.jpg,https://image.tmdb.org/t/p/w1280/2TPoqmatGDfBOiRxqNoL11ncCJe.jpg,Horreur
539,Psychose,1960-06-22,9.9415,8.4,"Marion Crane en a assez de ne pouvoir mener sa vie comme elle l'entend. Son travail ne la passionne plus, son amant ne peut l'épouser car il doit verser une énorme pension alimentaire le laissant sans le sou… Mais un beau jour, son patron lui demande de déposer 40 000 dollars à la banque. La tentation est trop grande, et Marion s'enfuit avec l'argent. Très vite la panique commence à se faire sentir. Partagée entre l'angoisse de se faire prendre et l'excitation de mener une nouvelle vie, Marion roule vers une destination qu'elle n'atteindra jamais. La pluie est battante, la jeune femme s'arrête près d'un motel, tenu par un sympathique gérant nommé Norman Bates, mais qui doit supporter le caractère possessif de sa mère. Après un copieux repas avec Norman, Marion prend toutes ses précautions afin de dissimuler l'argent. Pour se délasser de cette journée, elle prend une douche…",806947,50048065,109,"Horreur, Thriller, Mystère",en,"",https://image.tmdb.org/t/p/w500/lzF8b44dAvXFagQnB1UZa2AF87q.jpg,https://image.tmdb.org/t/p/w1280/vzXQEAmXIEWAtPCgB81bAS6EJCy.jpg,Horreur
760104,X,2022-03-17,9.0472,6.734,"Fin des années 70, une équipe de tournage investit une maison isolée du fin fond du Texas pour y réaliser un film X. À la tombée de la nuit, les propriétaires des lieux surprennent les cinéastes amateurs en plein acte. Le tournage vire brutalement au cauchemar.",1000000,15113105,105,"Horreur, Thriller",en,https://kinovista.com/film/x/,https://image.tmdb.org/t/p/w500/ep2C0shFTkxPUGLBvsgODWycwU7.jpg,https://image.tmdb.org/t/p/w1280/70Rm9ItxKuEKN8iu6rNjfwAYUCJ.jpg,Horreur
11252,Psycho,1998-12-04,7.9463,5.1,"Marion Crane, employée modèle, cède à la tentation et vole une forte somme d'argent. Elle part pour le Texas rejoindre son amant afin de réaliser leurs rêves. Arrivée à quelques kilomètres de sa destination, harrassée, elle se réfugie dans un motel. Le propriétaire, Norman Bates, jeune homme farouche mais courtois, se montre heureux de l'accueillir. Il se laisse aller à des confidences, évoque sa solitude et son attachement à sa mère infirme et acariâtre. Marion se retire dans sa chambre. Alors qu'elle est sous la douche, une femme écarte le rideau et poignarde Marion...",25000000,37100000,100,"Horreur, Mystère, Thriller",en,"",https://image.tmdb.org/t/p/w500/sxMl25DhFcvGUrJlKkwZqGc1gcc.jpg,https://image.tmdb.org/t/p/w1280/87M0viCmXovCY4VO3nmGwzLwiSk.jpg,Horreur
1232546,Until Dawn : La Mort sans fin,2025-04-23,10.1166,6.383,"Un an après la mystérieuse disparition de sa sœur Mélanie, Clover et ses amis se rendent dans la vallée reculée où elle a disparu, en quête de réponses. Explorant une auberge de jeunesse abandonnée, ils se retrouvent traqués par un tueur masqué et horriblement assassinés, un par un… pour se réveiller et se retrouver de retour au début de la même soirée.",15000000,52794193,103,"Horreur, Mystère",en,https://www.sonypictures.fr/film/until-dawn-la-mort-sans-fin,https://image.tmdb.org/t/p/w500/7ciuN6k9aBG8O0LF66eVIfTvDWH.jpg,https://image.tmdb.org/t/p/w1280/vFJgEhYEjWWJ9JqmlMdDiKxE8JD.jpg,Horreur
1034541,Terrifier 3,2024-10-09,10.699,6.814,"Après avoir survécu au massacre d'Halloween perpétré par Art Le Clown, Sienna et son frère tentent de reconstruire leur vie. Alors que les fêtes de fin d'année approchent, ils s'efforcent de laisser derrière eux les horreurs passées. Cependant, au moment où ils se croyaient enfin à l'abri, Art refait surface, bien décidé à transformer Noël en un véritable cauchemar.",2000000,90322103,125,"Horreur, Thriller",en,https://terrifier3.com/,https://image.tmdb.org/t/p/w500/gvYCs5EbUIB9drsuROYgZeaHAOZ.jpg,https://image.tmdb.org/t/p/w1280/18TSJF1WLA4CkymvVUcKDBwUJ9F.jpg,Horreur
303289,Il mondo di Dario Argento 3 - Il museo degli orrori di Dario Argento,1997-01-01,5.5882,6.0,"",0,0,105,"Documentaire, Horreur",it,"",https://image.tmdb.org/t/p/w500/qrigTw9l4jMkK0gUusBtRkfOAWn.jpg,https://image.tmdb.org/t/p/w1280/gKjZqP78l9G77x6NkkjnwOOzCfe.jpg,Horreur
1362315,La Main sur le berceau,2025-10-16,10.2776,5.803,"Caitlin et Miguel, un couple de banlieue, engagent Polly, une jeune femme d'apparence douce, pour s'occuper de leur nouveau-né. Mais les véritables intentions de Polly n'ont rien à voir avec le chant de berceuses…",0,0,105,"Horreur, Thriller",en,"",https://image.tmdb.org/t/p/w500/2MNbJPBmzeoTApEzVonhIW1cMmq.jpg,https://image.tmdb.org/t/p/w1280/lK1zWi7EpBIFaGJBf0Y7jjemZe2.jpg,Horreur
7131,Van Helsing,2004-05-03,9.6014,6.384,"Au cœur des Carpates, il est un monde de légendes et de mystères : la Transylvanie... Une terre où le mal règne en maître absolu, où le danger rôde dès le coucher du soleil, où prennent corps les monstres qui hantent nos cauchemars les plus secrets. Van Helsing est un ténébreux professeur et chasseur de monstres. Sa mission l'amène à affronter de terribles êtres, parmi lesquels le loup-garou, la créature de Frankenstein ou encore le comte Dracula, qui, depuis des générations, persécute la famille de l'intrépide et aristocratique Anna Valerious.",160000000,300257475,130,"Horreur, Aventure, Action",en,"",https://image.tmdb.org/t/p/w500/hnZwzv8yCU27nNnMnquyo9n9cR3.jpg,https://image.tmdb.org/t/p/w1280/d72ROyJqXQtw2OupW0l15eicRAF.jpg,Horreur
46146,Troll Hunter,2010-10-29,7.835,6.695,"Un groupe d'étudiants norvégiens part à la recherche de mystérieux trolls géants. Au fil de leurs recherches, ils vont découvrir ce que le gouvernement leur a caché pendant des années...",3500000,4159678,103,"Fantastique, Horreur",no,"",https://image.tmdb.org/t/p/w500/q6QLb0EQOjwlTTMeQ8chmYR8jl4.jpg,https://image.tmdb.org/t/p/w1280/8dI1r7qh7sT79ZkkvhTKFwAIuV1.jpg,Horreur
567609,Wedding Nightmare,2019-08-21,8.7195,7.0,"La nuit de noces d’une jeune mariée tourne au cauchemar, quand sa riche et excentrique belle-famille lui demande d’honorer une tradition, qui va se révéler meurtrière, où chacun luttera pour sa survie.",6000000,57615777,91,"Horreur, Comédie",en,"",https://image.tmdb.org/t/p/w500/3YsZpdAPyRCL7GrRMy4Y8G8a5Lk.jpg,https://image.tmdb.org/t/p/w1280/oJ1MIABA0WF0a7MDVQnnMvBdex8.jpg,Horreur
13564,Retour à la maison de l'horreur,2007-10-03,5.7842,5.492,"Sarah Wolfe, seule survivante du drame qui s'est déroulé des années auparavant dans la maison de l'horreur, est retrouvée morte. Si tout laisse penser à un suicide, sa sœur Ariel tente de découvrir la vérité. La jeune femme est prise en otage par un groupe d'archéologues qui pense qu'elle détient les informations de sa soeur. Ceux-ci décident de l'emmener dans la fameuse maison sur les traces d'une statuette aux pouvoirs maléfiques...",0,0,81,"Horreur, Thriller",en,"",https://image.tmdb.org/t/p/w500/qx13wiwuO4luxyFXCgQF0jHJ1cR.jpg,https://image.tmdb.org/t/p/w1280/rUToH5UnQ4uBmBArshNdxL6rZX.jpg,Horreur
74087,Chassés-croisés sur une lame de rasoir,1973-01-05,10.226,5.4,"Kitty, une jeune photographe se promène dans un parc, tout en observant au télescope la ville de Rome. Brusquement, elle va être le témoin involontaire d'un horrible meurtre commis sous ses yeux à travers l'objectif. A cause d'une impuissance des forces de l'ordre, elle décide avec l'aide de son ami Alberto d'enquêter pour son propre compte.",0,0,84,"Horreur, Mystère, Thriller",it,"",https://image.tmdb.org/t/p/w500/tg3EB2ILry2xI0rUt1SRLXkXC1V.jpg,https://image.tmdb.org/t/p/w1280/bwZ9FNT5OyoFsYAxf1k6UAnY0rF.jpg,Horreur
517316,Heart of Fartness: Troma's First VR Experience Starring the Toxic Avenger,2017-06-29,5.3374,0.0,"",0,0,15,"Action, Comédie, Horreur, Science-Fiction",en,"",https://image.tmdb.org/t/p/w500/830F2oXpoKNhlMINdSZo5g3s5QB.jpg,"",Horreur
423108,Conjuring : Sous l'emprise du Diable,2021-05-25,9.9674,7.4,"Une histoire de meurtre bouleverse Ed et Lorraine Warren. L'âme d'un jeune garçon est menacée et pour la première fois aux États-Unis, un accusé de meurtre plaide la possession démoniaque comme défense.",39000000,206444123,112,"Horreur, Mystère, Thriller",en,"",https://image.tmdb.org/t/p/w500/k0JaMRifwHCk9b1T12koZKqXnnS.jpg,https://image.tmdb.org/t/p/w1280/6Z0FhoZM56YkuXhvklMTpc7rc5u.jpg,Horreur
419430,Get Out,2017-02-24,10.3808,7.621,"Couple mixte, Chris et sa petite amie Rose filent le parfait amour. Le moment est donc venu de rencontrer la belle famille, Missy et Dean lors d'un week‑end sur leur domaine dans le nord de l'État. Chris commence par penser que l'atmosphère tendue est liée à leur différence de couleur de peau, mais très vite une série d'incidents de plus en plus inquiétants lui permet de découvrir l'inimaginable.",4500000,255407969,104,"Mystère, Thriller, Horreur",en,"",https://image.tmdb.org/t/p/w500/8WzjAhgc4HvpN3Y6LLCc6AbpIhF.jpg,https://image.tmdb.org/t/p/w1280/bBQHALHRAaaORlPNXv7fNcRXYdx.jpg,Horreur
680493,Retour à Silent Hill,2026-01-22,10.7536,0.0,"James est un homme brisé par sa séparation avec son grand amour. Un jour, une mystérieuse lettre lui parvient et le rappelle à Silent Hill pour l’envoyer à la recherche de la femme qu’il aime. Là-bas, il se retrouve dans une ville qu’il connaissait jadis, mais qui semble avoir été transformée par un esprit maléfique inconnu. Alors que James pénètre plus profondément dans cette obscurité effrayante, il rencontre de terrifiantes figures, parfois familières. Il commence alors à se demander s’il devient fou et lutte contre lui-même pour trouver un sens à cette étrange réalité, afin de parvenir à sauver son amour.",23000000,0,106,"Horreur, Fantastique, Mystère",en,https://metrofilms.com/film/retour-a-silent-hill/,https://image.tmdb.org/t/p/w500/aGproufOLjSbHsrbSql1Wf8DYkt.jpg,https://image.tmdb.org/t/p/w1280/vc0NSkkdZmFtf3VTYfkEt9jTrRV.jpg,Horreur
1153714,La Mort d'une licorne,2025-03-27,9.8353,6.42,"Un père et sa fille percutent et tuent accidentellement une licorne, alors qu'ils sont en route pour rejoindre le patron milliardaire de ce dernier, qui cherche à exploiter les incroyables propriétés médicinales de la créature.",15000000,16413285,107,"Horreur, Fantastique, Comédie",en,"",https://image.tmdb.org/t/p/w500/9unIGgBrHsIuvaYhsB88oVZhVBh.jpg,https://image.tmdb.org/t/p/w1280/4rLaMBcCJ1pMq72vCulBMPsbAyh.jpg,Horreur
1010600,Les Intrus,2024-05-15,12.6359,5.7,"Un jeune couple traverse le pays pour commencer une nouvelle vie ensemble dans le Pacifique Nord-Ouest. En chemin, leur voiture tombe en panne et ils sont forcés de passer la nuit dans une maison AirBnb isolée en Oregon. Tout au long de la nuit, ils sont terrorisés par trois inconnus masqués.",8500000,48166448,91,"Horreur, Thriller",en,https://thestrangers.movie/,https://image.tmdb.org/t/p/w500/8tTf9k67NN737FaHnK7YqFpLzBX.jpg,https://image.tmdb.org/t/p/w1280/59AJ2w9tKRSbBpnxKfB5UyIg6Jf.jpg,Horreur
1012582,Bury Me When I'm Dead,2025-07-14,8.0004,5.4,"",0,0,90,"Mystère, Thriller, Horreur",en,"",https://image.tmdb.org/t/p/w500/tYBkLF4FIJDHOw8DC6HWwFNy7ut.jpg,https://image.tmdb.org/t/p/w1280/kNVh4G3rA4fkfFSbsbPIynvnvDl.jpg,Horreur
105825,Erotic Ghost Story III (1992),1992-03-05,8.7853,5.5,"La puissante dynastie Tang est en déclin. La grande Chine est frappée par la famine, les catastrophes naturelles et les démons. Chu Chung est l'un de ces démons. Partout où il va, la belle Suzie le suit. Ils rencontrent alors Wick, un moine doté de pouvoirs magiques. Chu Chung voit le portrait d'une fille d'une beauté exceptionnelle et tombe amoureux d'elle. Il supplie Wick de l'aider à franchir la barrière entre le monde des humains et celui des esprits afin de pouvoir entrer dans le tableau...",0,1201428,94,"Horreur, Drame, Fantastique",cn,"",https://image.tmdb.org/t/p/w500/1VLGHPr3DJMjlCP5F6BPgGghfTX.jpg,https://image.tmdb.org/t/p/w1280/gGBF7gDBsbddvSdps6fvNKQoqDh.jpg,Horreur
838209,Exhuma,2024-02-22,8.698,7.533,Une famille aisée vivant à Los Angeles fait appel à deux jeunes chamans pour sauver leur nouveau-né après avoir été victime d'une série d'événements paranormaux.,0,97974828,134,"Mystère, Horreur, Thriller",ko,"",https://image.tmdb.org/t/p/w500/tw0i3kkmOTjDjGFZTLHKhoeXVvA.jpg,https://image.tmdb.org/t/p/w1280/6EO11KoiMMG29ISaQrm2G5DCe1X.jpg,Horreur
713704,Evil Dead Rise,2023-04-12,8.1758,6.919,"Alors que Beth n’a pas vu sa grande sœur Ellie depuis longtemps, elle vient lui rendre visite à Los Angeles où elle élève, seule, ses trois enfants. Mais leurs retrouvailles tournent au cauchemar, quand ils découvrent un mystérieux livre dans le sous-sol de l’immeuble, dont la lecture libère des démons qui prennent possession des vivants...",15000000,147156372,96,"Horreur, Thriller",en,"",https://image.tmdb.org/t/p/w500/n9xIr60snZnhlzvUaFcmyAhKNgk.jpg,https://image.tmdb.org/t/p/w1280/7bWxAsNPv9CXHOhZbJVlj2KxgfP.jpg,Horreur
61683,Mais ne nous delivrez pas du mal,1971-10-13,8.8855,6.679,"Anne et Lora sont deux jeunes adolescentes, élevées dans un pensionnat religieux . Filles de nobles, elles s'adonnent à diverses lectures perverses, contraires à la bienséance. En vouant un véritable culte à Satan, elles répandent le mal autour d'elles.",0,0,100,"Horreur, Drame",fr,"",https://image.tmdb.org/t/p/w500/6i5bQZO14ygUR38MZkUuzGe4gEp.jpg,https://image.tmdb.org/t/p/w1280/umkXwhFMB6CliyJFh9LbC2Le0po.jpg,Horreur
762441,Sans un bruit : Jour 1,2024-06-26,10.6163,6.686,"Alors que Samira rentre à New York, son simple voyage se transforme en cauchemar suite à l’attaque de mystérieuses créatures attirées par le son. Accompagnée de son chat Frodon et d'un allié inattendu, Samira se lance dans un voyage périlleux à travers une ville où règne le silence. Pour rester en vie, sa seule solution est de ne faire aucun bruit.",67000000,261907653,99,"Horreur, Science-Fiction, Thriller",en,"",https://image.tmdb.org/t/p/w500/ymMaqwKN3Ovy9nlIRmk5GsnxEkx.jpg,https://image.tmdb.org/t/p/w1280/6XjMwQTvnICBz6TguiDKkDVHvgS.jpg,Horreur
8851,Danger planétaire,1958-09-10,20.2963,6.216,"Steve et Anne, un couple d'adolescents, sont témoins de la chute d'une météorite. La chose informe venue de l'espace s'accroche au bras d'un vieil homme et n'aura, dès lors, de cesse de se transmuer en masse visqueuse qui dévore tout sur son passage. Steve et ses amis vont tout faire pour avertir la ville que la vie de ses habitants est en danger.",110000,4000000,86,"Horreur, Science-Fiction",en,"",https://image.tmdb.org/t/p/w500/ePl9xXxq79xFdQC0gtyllOWlhVF.jpg,https://image.tmdb.org/t/p/w1280/6Ne2ewHwQqfTZEWYXRsA3Wy9Lc5.jpg,Horreur
873967,The Devil’s Trap,2024-11-01,8.2291,7.6,"",0,0,90,"Horreur, Thriller",en,"",https://image.tmdb.org/t/p/w500/deq8OGRj45eX1EFYQayG5T3Prar.jpg,https://image.tmdb.org/t/p/w1280/xt3zBU1Ir4JGtVgbKRhi8aSQkpw.jpg,Horreur
1373276,Eran brujas,2025-09-08,8.6916,4.667,"",20000,0,100,Horreur,es,"",https://image.tmdb.org/t/p/w500/85rlLCjpHbY0puR1FSL7jYyN1cu.jpg,https://image.tmdb.org/t/p/w1280/f2SUTv6qGGQK9k8gInnG0z9mBN3.jpg,Horreur
1124620,The Monkey,2025-02-14,10.3,5.994,"Lorsque les jumeaux Bill et Hal trouvent le vieux jouet de singe de leur père, une série de morts effroyables commence. Les deux frères décident de jeter le jouet et de poursuivre leur vie, tout en s'éloignant l'un de l'autre.",10000000,68871071,97,"Horreur, Comédie",en,"",https://image.tmdb.org/t/p/w500/3Ps2oG3dGtQxtn3Q6bCktex1jSf.jpg,https://image.tmdb.org/t/p/w1280/pp5VyGrGnpHxuQEtb1JOpGDcRO3.jpg,Horreur
1100782,Smile 2,2024-10-16,8.144,6.6,"Sur le point d’entamer une nouvelle tournée mondiale, la star planétaire de la pop, Skye Riley, commence à vivre des événements de plus en plus terrifiants et inexplicables. Dépassée par l’horreur croissante et la pression de la célébrité, Skye doit affronter son sombre passé pour reprendre le contrôle sur sa vie avant qu’elle n’en perde le contrôle.",28000000,138128854,127,"Horreur, Mystère",en,"",https://image.tmdb.org/t/p/w500/bZQweCDilXNvF8KuaEHcghM3Nwf.jpg,https://image.tmdb.org/t/p/w1280/iR79ciqhtaZ9BE7YFA1HpCHQgX4.jpg,Horreur
158015,American Nightmare,2013-05-31,8.0254,6.25,"Dans un futur proche, les États-Unis sont entrés dans une ère prospère, sans crime ni chômage. Et ce pour une unique raison : tous les ans, pendant une nuit entière, le gouvernement autorise quiconque à se livrer à une violence totale et légale. Cette nuit-là, la police ne répond à aucun appel, les hôpitaux ferment leurs portes. Cette nuit-là, alors que personne ne peut être puni et que le pays est à feu et à sang douze heures durant, une famille se retrouve au cœur de l'horreur alors qu'un étranger vient frapper à sa porte… Réussiront-ils à survivre à la nuit ?",3000000,91266581,85,"Science-Fiction, Horreur, Thriller",en,"",https://image.tmdb.org/t/p/w500/ltpNNLbaW4Zr1QZP6d6W8qDpBfU.jpg,https://image.tmdb.org/t/p/w1280/9J3HHP3kQ5ZStyirJyWPWtvvrHY.jpg,Horreur
259693,Conjuring 2 : Le Cas Enfield,2016-06-08,8.3136,7.294,"Ce thriller paranormal nous présente une nouvelle fois un cas réel tiré des archives des célèbres démonologues Ed et Lorraine Warren. Dans le cadre de l'une de leurs enquêtes les plus terrifiantes, ils se rendent dans le nord de Londres pour aider une mère célibataire qui élève ses quatre enfants dans une maison hantée par des esprits maléfiques.",40000000,322819915,133,Horreur,en,"",https://image.tmdb.org/t/p/w500/oHQRX1zrBH1Li5JNbNJSUi0h22d.jpg,https://image.tmdb.org/t/p/w1280/ev5Ti7Q0REkoVLO7PkKaq1yZYQE.jpg,Horreur
16288,Creepshow 2,1987-05-01,4.6476,6.244,Plusieurs histoires horrifiques écrites pas des maîtres du genre : une nappe gluante à la surface d'un lac engloutit de jeunes innocents; une femme adultère est poursuivie par un auto-stoppeur écrasé; une statue de bois devient possédée et commet des crimes atroces...,3500000,14000000,92,"Horreur, Comédie",en,"",https://image.tmdb.org/t/p/w500/4MqE5xLffng5YXFJsGYov339eMk.jpg,https://image.tmdb.org/t/p/w1280/w6RisE566EXIekhfLqIUprYtxbU.jpg,Horreur
1188741,Barbie & Kendra Crash Joe Bob's Drive-In Jamboree!,2024-06-28,4.8194,5.333,"",0,0,51,"Comédie, Horreur",en,"",https://image.tmdb.org/t/p/w500/uINPD3HSGp7FWQqiRHQB6yDjz4x.jpg,https://image.tmdb.org/t/p/w1280/eJtjRzRYsy6TfwIhAV15vhhMiC6.jpg,Horreur
72190,World War Z,2013-06-19,8.4335,6.825,"Gerry Lane se lance dans une course contre la montre pour aider le monde à surmonter ses divisions et faire face à l'apocalypse. Dans tous les pays, par tous les moyens, chacun devra se battre car l'humanité n'aura plus qu'un seul espoir de survie : La guerre.",200000000,531865000,116,"Action, Horreur, Science-Fiction, Thriller",en,"",https://image.tmdb.org/t/p/w500/xqk3gTrNODmH90QEgeBgEIHN1Fu.jpg,https://image.tmdb.org/t/p/w1280/31VpBgUX5O4Z3dn5ZbX8HLqoXH3.jpg,Horreur
69872,Ton Vice est une chambre close dont moi seul ai la clé,1972-08-04,9.835,6.53,"Ecrivain dans le creux de la vague, Oliviero vit près de Venise en compagnie de son épouse, Irina, qu’il prend plaisir à humilier devant ses invités. Organisant des soirées dégénérant souvent en orgie, Oliviero mène une existence décadente, couche avec sa femme de chambre et entretient une relation avec une de ses anciennes étudiantes. Lorsqu’une jeune femme est assassinée dans la région, la police place rapidement Oliviero sur sa liste des principaux suspects...",0,0,96,"Horreur, Thriller, Mystère",it,"",https://image.tmdb.org/t/p/w500/yc5SYJvJ4JXXopzQtDuAW5KPm2q.jpg,https://image.tmdb.org/t/p/w1280/qxBgqQpfkcusqEBeaITpQQO3vJs.jpg,Horreur
1058537,Angels Fallen: Warriors of Peace,2024-07-09,11.1197,6.092,"",3200000,0,103,"Horreur, Action, Fantastique, Aventure",en,"",https://image.tmdb.org/t/p/w500/dKdKUSGQ9E0G73WPr9xIHrofpkT.jpg,https://image.tmdb.org/t/p/w1280/xVcffNU61CclEGgtiWP7KLIE2dm.jpg,Horreur
9552,L'Exorciste,1973-12-26,7.6682,7.74,"Regan, une adolescente, présente depuis quelque temps d’étranges symptômes. Après avoir épuisé les solutions médicales, la mère de Regan consulte un prêtre-psychiatre qui est rapidement convaincu que Regan est possédée et que seul un exorcisme pourra la \"guérir\".",12000000,441306145,133,Horreur,en,"",https://image.tmdb.org/t/p/w500/rJU6uv4ADDV0aYdiy7wyIf2nCjS.jpg,https://image.tmdb.org/t/p/w1280/xcjJ5khg2yzOa282mza39Lbrm7j.jpg,Horreur
1251717,Vicious,2025-09-19,8.3972,5.957,"Polly reçoit une mystérieuse boîte d’un visiteur surprise, tard dans la soirée, accompagnée d’une consigne : y placer une chose dont elle a besoin, une chose qu’elle déteste et une chose qu’elle aime. Ce rituel étrange se transforme vite en cauchemar, et Polly se retrouve confrontée à une série de choix impossibles. Alors que le temps s’écoule, elle doit affronter les ténèbres, non seulement autour d’elle, mais aussi en elle, avant qu’elles ne consument tout, y compris ceux qu’elle aime.",0,0,98,"Horreur, Thriller",en,"",https://image.tmdb.org/t/p/w500/7IntLBzQbsJisbZvaSsNLHoZKRS.jpg,https://image.tmdb.org/t/p/w1280/da1mXvCrQrFcw6BxovCavBFbIvz.jpg,Horreur
70345,"SSSSnake, Le Cobra",1973-07-06,8.5384,5.2,"David, étudiant de son état, trouve un travail dans un laboratoire faisant des expériences sur des serpents. Le directeur, Stoner, trouve un sérum capable de transformer un homme en cobra. Il décide de l'utiliser sur David...",0,0,99,"Horreur, Science-Fiction",en,"",https://image.tmdb.org/t/p/w500/wlxK2Gfhaavgef6JbKZElQiTj0J.jpg,https://image.tmdb.org/t/p/w1280/2D9eBSe9e8p3mBRytxihWlo2Z54.jpg,Horreur
1064028,Subservience,2024-08-15,8.3821,6.6,"Un père à bout de souffle se procure un robot humanoïde domestique pour l'aider à s'occuper de sa maison et de sa famille, ignorant qu’elle évoluera jusqu’à développer sa propre conscience et devenir mortelle.",4400000,262793,105,"Science-Fiction, Horreur, Thriller",en,"",https://image.tmdb.org/t/p/w500/qWecqEwJL3X0E6yEDhgbNfJE8la.jpg,https://image.tmdb.org/t/p/w1280/co7oxvpWxgd6FZU24DnljDDHYQA.jpg,Horreur
571055,Down,2019-02-01,7.3064,6.8,Deux collègues se retrouvent coincés dans un ascenseur pendant le week-end de la Saint-Valentin.,0,0,82,"Horreur, Thriller",en,"",https://image.tmdb.org/t/p/w500/tWD5FXfXTRcYzXZLq0bg8hxmQrs.jpg,https://image.tmdb.org/t/p/w1280/o2HR6hDdsIIXEJV7p2KulKybCvo.jpg,Horreur
9902,Détour mortel,2003-05-30,7.7013,6.4,"Un accident paralyse totalement la circulation. Chris ne veut pas manquer son rendez-vous. Il quitte l'autoroute et s'engage dans un chemin de terre pour contourner l'embouteillage. Alors qu'il s'enfonce dans la forêt, il heurte une voiture bloquée au milieu de la route. Ses occupants partaient camper pour le week-end lorsque les pneus ont étrangement éclaté.Le groupe va chercher de l'aide et trouve une cabane. En pénétrant à l'intérieur, le soulagement laisse vite place au cauchemar. Tétanisés par l'horreur de ce qu'ils découvrent, ils n'ont pas le temps de fuir que les occupants arrivent.",12600000,28650575,84,"Horreur, Thriller",en,"",https://image.tmdb.org/t/p/w500/mtH0tdL2O1Qw2gyNnW9sm4FLEbr.jpg,https://image.tmdb.org/t/p/w1280/ea0AQV7dE2fj7MNJUQispY2sgA8.jpg,Horreur
615656,En eaux très troubles,2023-08-02,9.1989,6.407,"Une équipe de chercheurs part explorer les profondeurs de l'océan. Leur périple tourne à la catastrophe lorsqu'une opération d'extraction minière illégale met en péril leur mission – et leur vie. Confrontés à d'immenses mégalodons et à des bandits sans pitié, nos héros doivent échapper aux terribles prédateurs en gardant toujours un temps d'avance sur eux dans une terrifiante course contre la montre.",129000000,384056482,116,"Action, Science-Fiction, Horreur",en,"",https://image.tmdb.org/t/p/w500/tPnya8bGupPR7dYxlh5w4z3P6pW.jpg,https://image.tmdb.org/t/p/w1280/zN41DPmPhwmgJjHwezALdrdvD0h.jpg,Horreur
970450,Werewolves,2024-12-04,6.7137,5.915,"Pendant une superlune, un phénomène inexpliqué bouleverse la planète entière. Plus d'un milliard de personnes se transforment en loups-garous gigantesques et agressifs. L'événement cause la mort de nombreuses victimes. Un an plus tard, à l'approche d'une phase lunaire similaire, la population, les autorités et la communauté scientifique se préparent au pire.",0,1052998,93,"Action, Horreur, Thriller",en,"",https://image.tmdb.org/t/p/w500/mgMhRM3aNTxrFArPaDxWA4gxiNX.jpg,https://image.tmdb.org/t/p/w1280/cA88pwGnHa64BBcU3R1oCcJH9Qc.jpg,Horreur
377,Les Griffes de la nuit,1984-11-09,7.8144,7.3,"Avec son gant aux griffes aiguisées, un assassin défiguré du nom de Freddy Krueger rôde dans la nuit, et transforme les pires cauchemars de ses victimes en réalité. Pour rester en vie, il faut rester éveillé…",1800000,57004513,90,Horreur,en,"",https://image.tmdb.org/t/p/w500/Aqj5iaJYbgUWaBxpLhgydrkKri5.jpg,https://image.tmdb.org/t/p/w1280/nzSjTiecdosBfwMGAdpt9CxltCI.jpg,Horreur
1813,L'Associé du diable,1997-10-17,8.9901,7.467,"Kevin Lomax, jeune et brillant avocat, est approché par l'un des plus puissants cabinets New-Yorkais dirigé par l'étrange John Milton. Assoiffé de pouvoir et d'argent, poussé par une ambition dévorante, prêt à tout pour réussir, il accepte l'offre et gravit les marches de la réussite de façon fulgurante. Mais l'ambition a un prix : sans le savoir, Kevin vient de vendre son âme au diable...",57000000,153000000,144,"Drame, Mystère, Horreur",en,"",https://image.tmdb.org/t/p/w500/dwRco8u0IrVfiWzSH8HLUjgRdNR.jpg,https://image.tmdb.org/t/p/w1280/bHjrGR0Fzn4QEBhvjiwdyMPaYVH.jpg,Horreur
184345,A Haunted House 2,2014-04-17,10.9121,6.2,"Malcolm emménage avec sa nouvelle copine et ses deux enfants dans une maison qui ne lui inspire pas confiance. Encore une fois, il devra faire face à toutes sortes d'événements paranormaux.",4000000,25343661,87,"Comédie, Horreur",en,"",https://image.tmdb.org/t/p/w500/oV7M00fPXy5P0nbdeMbSUjYv0vx.jpg,https://image.tmdb.org/t/p/w1280/pW7ULLVJr0TXxxjDB6lZ4L07vfP.jpg,Horreur
433943,阿修羅少女～BLOOD-C 異聞～,2017-08-26,6.1649,5.6,"Dans le Japon d'avant-guerre sous le régime militaire, une bataille sanglante éclate entre la police spéciale supérieure, extrêmement oppressive, et les villageois !",0,0,90,"Action, Horreur",ja,"",https://image.tmdb.org/t/p/w500/jCyB4wnseroOkuVqeKYMXOzMRbJ.jpg,https://image.tmdb.org/t/p/w1280/h6Ho4zxXSsPs4yMTWbaS3jutCqu.jpg,Horreur
1049942,Bambi : La Vengeance,2025-07-11,8.3977,5.604,"Il fut autrefois un faon adorable. Aujourd’hui, c’est un cauchemar à quatre pattes. Bambi a vu sa mère mourir sous la balle d’un chasseur, et depuis ce jour, la forêt n’a plus jamais été la même. Les arbres murmurent son nom. Les animaux n’osent plus croiser son regard. Quand un groupe de chasseurs du dimanche installe son camp dans la Forêt des Rêves Bleus, l’enfer se déchaîne. Ce qui commence comme un week-end tranquille se transforme en bain de sang, fait de bois acérés, de sabots et de rage primitive. Bambi n’est plus la victime. Il est de retour… pour venger sa mère.",325000,534030,81,"Horreur, Thriller",en,https://haussmann-medias.com/work/bambi-the-reckoning/,https://image.tmdb.org/t/p/w500/2UFTv8Dz584DtA9YjaJJDkr7xU3.jpg,https://image.tmdb.org/t/p/w1280/tG5ZSx57zkijfK975aENinlOdIy.jpg,Horreur
108747,Déviances et passions,1969-08-27,7.6772,6.9,"Alors qu'il se livre à une autopsie sur le cadavre de son épouse (qui s'est apparemment suicidée), un médecin légiste essaie de comprendre quels mécanismes peuvent pousser les femmes à commettre des actes de violence extrêmes. Soucieux d'en savoir plus, il se plonge dans la lecture des archives criminelles, pour en extraire quatre affaires ayant défrayé la chronique en leur temps. L'une d'entre elles concerne un tueur et violeur en série, mais les trois autres mettent en lice des femmes, qui ont tué chacune pour des motifs différents : la passion, la folie, ou la cupidité.",0,0,92,"Crime, Drame, Horreur, Thriller",ja,"",https://image.tmdb.org/t/p/w500/9wEWJB7wweDjIxsS8GNU2Niix00.jpg,https://image.tmdb.org/t/p/w1280/2GGWuQH56lUtz7yqn6GejinnJ7I.jpg,Horreur
4232,Scream,1996-12-20,9.0701,7.4,"Casey Becker, une belle adolescente, est seule dans la maison familiale. Elle s'apprête à regarder un film d'horreur, mais le téléphone sonne. Au bout du fil, un serial killer la malmène, et la force à jouer à un jeu terrible : si elle répond mal à ses questions portant sur les films d'horreur, celui-ci tuera son copain… Sidney Prescott sait qu'elle est l'une des victimes potentielles du tueur de Woodsboro. Celle-ci ne sait plus à qui faire confiance. Entre Billy, son petit ami, sa meilleure amie Tatum et son frère Dewey, ses copains de classe Stuart et Randy, la journaliste arriviste Gale Weathers et son caméraman Kenny qui traînent tout le temps dans les parages et son père toujours absent, qui se cache derrière le masque du tueur ?",14000000,173046663,111,"Crime, Horreur, Mystère",en,"",https://image.tmdb.org/t/p/w500/9LfX3IBeByGdFkmkmNztKBr4nYv.jpg,https://image.tmdb.org/t/p/w1280/4PPC7fKClu0u7NTbo5xgV4vb5VD.jpg,Horreur
1266127,Wedding Nightmare : deuxième partie,2026-04-08,7.9028,0.0,"",0,0,0,"Horreur, Comédie",en,"",https://image.tmdb.org/t/p/w500/jVozkVVBitcSht83XmoOTTBqzNa.jpg,https://image.tmdb.org/t/p/w1280/sJAzq4IvgohP9nVzijCH6lovX3e.jpg,Horreur
1339772,Pengantin Setan,2025-01-16,6.4359,6.75,"",0,0,78,"Horreur, Thriller",id,"",https://image.tmdb.org/t/p/w500/hiPlFLw5vVm2M8JBIFB2PJA5FE5.jpg,https://image.tmdb.org/t/p/w1280/fo6Gw1AylyRJSeKk6QqrKD3UUER.jpg,Horreur
273477,Manuel de survie à l'apocalypse zombie,2015-10-23,7.4835,6.56,"Trois scouts, amis depuis toujours, s’allient avec une serveuse badass pour devenir l’équipe de héros la plus improbable qu’il soit. Quand leur paisible ville est ravagée par une invasion de zombies, ils vont devoir se battre pour survivre et mettre leurs compétences de scouts à profit pour sauver l’humanité des zombies.",15000000,14900000,93,"Comédie, Horreur",en,"",https://image.tmdb.org/t/p/w500/uG7tiTvfAWPi7oXhXoUuG8vJBnr.jpg,https://image.tmdb.org/t/p/w1280/ks2C2Ap2W79L5QiVQ7jVp5mmIna.jpg,Horreur
917496,Beetlejuice Beetlejuice,2024-09-04,8.1441,6.96,"À la suite d'une tragédie familiale inattendue, trois générations de la famille Deetz rentrent dans leur maison à Winter River, toujours hantée par Beetlejuice. Là-bas, Lydia voit sa vie prendre un nouveau tournant lorsque Astrid, sa fille en plein âge rebelle, découvre la mystérieuse maquette de la ville et que le portail vers l'au-delà s'ouvre accidentellement. Les ennuis se rapprochent des deux royaumes, et ce n'est qu'une question de temps avant que quelqu'un ne prononce le nom de Beetlejuice trois fois et que ce démon malicieux revienne pour semer le chaos sur son passage.",99000000,452000435,105,"Comédie, Fantastique, Horreur",en,https://www.warnerbros.com/movies/beetlejuice-beetlejuice,https://image.tmdb.org/t/p/w500/4M8fnQF821aVFBbhLdTQGf4j4W9.jpg,https://image.tmdb.org/t/p/w1280/kF8ljC7Y4p1UsmKBi2LxelZpqw.jpg,Horreur
1175161,Agak Laen,2024-02-01,6.6558,7.3,"",60000,19601819,119,"Comédie, Horreur",id,"",https://image.tmdb.org/t/p/w500/QBxira0clJwdCRHu2O2rELU9J.jpg,https://image.tmdb.org/t/p/w1280/aMD179LsRq3oyFeAUSjij3dDtRX.jpg,Horreur
1116201,Iron Lung,2026-01-30,7.9359,0.0,"",0,0,127,"Horreur, Science-Fiction",en,"",https://image.tmdb.org/t/p/w500/yDv5b49EMKeZjYwTIojnM0QUmfA.jpg,https://image.tmdb.org/t/p/w1280/h1iMimR9uG8dGezlO7dRtFPXWX5.jpg,Horreur
588,Silent Hill,2006-04-21,6.3018,6.6,"De plus en plus souvent, la petite Sharon rêve d'une ville abandonnée, Silent Hill. Sa mère, Rose, décidée à comprendre l'étrange mal dont souffre son enfant, décide de l'accompagner sur place. Alors qu'elles pénètrent dans cet univers lugubre, Sharon disparaît. Rose se lance à sa poursuite, mais se rend vite compte que ce lieu étrange ne ressemble à rien de normal. Noyée dans le brouillard, peuplée d'étranges créatures, hantée par des ténèbres vivantes qui dévorent littéralement tout ce qu'elles touchent, cette dimension va peu à peu livrer ses terrifiants secrets... Avec l'aide de Cybil, de la police locale, Rose se jette dans une quête éperdue pour arracher sa fille au monde de Silent Hill. D'indices en épreuves, elle va découvrir tout ce que Sharon risque et ce qu'elle représente dans une malédiction qui dépasse tout...",50000000,100605135,125,"Horreur, Mystère",en,"",https://image.tmdb.org/t/p/w500/2I6UnjiJqmrYOzpsjIMjINcRSKF.jpg,https://image.tmdb.org/t/p/w1280/cxhC845cuha0rNoOeQhi2mbWDLV.jpg,Horreur
493922,Hérédité,2018-06-07,6.925,7.3,"Quand Ellen, la matriarche de la famille Graham, meurt, sa fille revient vivre dans la maison avec sa famille. Ils vont alors découvrir le terrifiant secret de leur ancêtre...",10000000,87796204,126,"Horreur, Mystère, Thriller",en,"",https://image.tmdb.org/t/p/w500/5Bz0u7xEyOUnGi4ov3rZKqKYCuH.jpg,https://image.tmdb.org/t/p/w1280/gJbTXKNTL6O7r7PzF6ZRkJGBlPp.jpg,Horreur
440,Aliens vs. Predator : Requiem,2007-12-25,7.0335,5.178,"Un Alien issu d'un Predator, appelé Predalien, décime un vaisseau Predator, mettant hors d'état de fonctionnement ce dernier, qui s'écrase sur Terre, non loin de Gunnison, une ville américaine. Rapidement, les face-huggers retenus en captivité dans le vaisseau s'échappent, ainsi que le Predalien, contaminant peu à peu les habitants de la ville. En réponse à ce grave incident, un ancien Prédator expérimenté, surnommé Wolf, est envoyé sur Terre afin d'éliminer la menace Xénomorphe, effacer toutes les preuves concernant l'existence des Aliens et des Predators, mais surtout, éliminer le terrible danger que représente le Predalien.",40000000,130290885,94,"Action, Science-Fiction, Thriller, Horreur",en,"",https://image.tmdb.org/t/p/w500/9IWkkaQu1Mn7Lakxm7nExdbdTyn.jpg,https://image.tmdb.org/t/p/w1280/jXntuh47VtKLeoyBQ268rv24Igw.jpg,Horreur
1010755,Les intrus : dernier meurtre,2026-02-05,10.1734,0.0,"Dans le dernier volet de la trilogie The Strangers, Maya (Madelaine Petsch) affronte une dernière fois les tueurs masqués dans un règlement de comptes brutal et complet, une histoire de survie et de vengeance.",0,0,0,"Horreur, Thriller",en,"",https://image.tmdb.org/t/p/w500/rHlT2txnHHsIUIs3ZVSHglpYAyg.jpg,https://image.tmdb.org/t/p/w1280/yVNQWm7a5KWiwT4faNR58f0JBwK.jpg,Horreur
1135408,A Menina Que Matou os Pais: A Confissão,2023-10-26,7.2759,6.7,"",0,0,98,"Drame, Crime, Thriller, Horreur",pt,"",https://image.tmdb.org/t/p/w500/hcdF2VcSwv4hUGBAhQiZSYw9OeH.jpg,https://image.tmdb.org/t/p/w1280/9Ay9WG0JkrSISVbti1do8SwW4Pf.jpg,Horreur
9286,Destination finale 3,2006-02-09,8.0271,6.148,"Pour fêter la fin de l'année scolaire, Wendy et ses amis ont décidé de se retrouver dans un parc d'attractions. La soirée s'annonce comme la plus fun de l'année. Pourtant, au moment d'embarquer dans un immense roller coaster, Wendy a un terrible pressentiment. Alors que tous les autres se moquent d'elle, elle quitte l'attraction avec Kevin.Quelques instants plus tard, horrifiée, la jeune fille voit les wagons lancés à toute allure sortir des rails à une hauteur vertigineuse, tuant ses amis. Elle et quelques autres viennent de manquer le rendez-vous que leur avait fixé la mort. Ils vont découvrir que ce n'est pas forcément une chance.Peu de temps après, le destin rattrape brutalement l'un des survivants. Wendy comprend que, sur les photos qu'elle a prises lors de cette tragique soirée, certains indices semblent désigner les prochaines victimes et ce qui les attend...",25000000,118890272,93,"Horreur, Mystère",en,"",https://image.tmdb.org/t/p/w500/jP2pfzQlvixYAbBkoXGPkjCLVRj.jpg,https://image.tmdb.org/t/p/w1280/nSV1NIAK0Sp5dM1oiobtqbJ8Jrv.jpg,Horreur
270303,It Follows,2015-02-04,6.7591,6.589,"Une jeune femme est poursuivie par une force surnaturelle inconnue, après une relation sexuelle.",2300000,23374076,100,"Horreur, Mystère",en,https://www.metrofilms.com/films/it-follows,https://image.tmdb.org/t/p/w500/jh8bol1N8COAGSj4ksrcUNo8xxc.jpg,https://image.tmdb.org/t/p/w1280/ikaRI4yMxKOje5SmOlAhOBUnicL.jpg,Horreur
381288,Split,2017-01-19,7.3836,7.343,"Les fractures mentales des personnes présentant un trouble dissociatif de la personnalité ont longtemps fasciné et échappé à la science, il se dit que certains peuvent également manifester des attributs physiques uniques pour chaque personnalité ; un prisme cognitif et physiologique dans un seul être. Kevin a manifesté 23 personnalités devant son psychiatre de longue date, le Dr Fletcher mais il en reste une, immergée, qui commence à se matérialiser et à dominer toutes les autres. Contraint d'enlever trois adolescentes, dont la volontaire Casey, Kevin se bat pour survivre parmi tous ceux qui évoluent en lui-même – et autour de lui- tandis que les murs entre ses personnalités volent en éclats.",9000000,278454358,117,"Horreur, Thriller",en,"",https://image.tmdb.org/t/p/w500/jkT4ML7hV0ghOumyPmxJ3b3GCuw.jpg,https://image.tmdb.org/t/p/w1280/9pkZesKMnblFfKxEhQx45YQ2kIe.jpg,Horreur
713364,La Nuit des clowns,2025-05-08,7.3375,6.1,"En quête d'un nouveau départ, Quinn et son père s'installent dans une petite ville du Midwest. Ils apprennent rapidement que la communauté fracturée traverse une période difficile après la perte d'une précieuse usine dans un incendie. Alors que les habitants se chamaillent et que la tension monte, un clown sinistre et souriant surgit des champs de maïs pour débarrasser la ville de son fardeau, une victime sanglante à la fois.",1000000,13260361,96,"Horreur, Mystère, Thriller",en,"",https://image.tmdb.org/t/p/w500/c54MjZXxOLV7M8GNk8iV22J1235.jpg,https://image.tmdb.org/t/p/w1280/gIwG9UWJLsiSBfaG5GJWGj9ghXD.jpg,Horreur
6114,Dracula,1992-11-13,7.4043,7.4,"En 1492, le prince Vlad Dracul, revenant de combattre les armées turques, trouve sa fiancée suicidée. Fou de douleur, il défie Dieu, et devient le comte Dracula, vampire de son état. Quatre cents ans plus tard, désireux de quitter la Transylvanie pour s’établir en Angleterre, il fait appel à Jonathan Harker, clerc de notaire et fiancé de la jolie Mina Murray. La jeune fille est le sosie d’Elisabeta, l’amour ancestral du comte…",40000000,215862692,130,"Romance, Horreur",en,"",https://image.tmdb.org/t/p/w500/scFDS0U5uYAjcVTyjNc7GmcZw1q.jpg,https://image.tmdb.org/t/p/w1280/88S6EYQBVyQktDfSqsB33I169jN.jpg,Horreur
801937,"Silent Night, Deadly Night",2025-12-11,9.9229,7.0,"",0,0,96,"Horreur, Thriller",en,"",https://image.tmdb.org/t/p/w500/xCdSd7NnRdnL8DGLVhI95WhUNoi.jpg,https://image.tmdb.org/t/p/w1280/qG2uiyOgXkqWhAG7EpfNgwaYTJ3.jpg,Horreur
1262983,MadS,2024-10-25,6.0054,6.7,"Un adolescent s'arrête chez son dealer pour tester une nouvelle drogue avant de partir faire la fête. Sur le chemin du retour, il récupère une femme blessée et la soirée prend une tournure surréaliste.",0,49816,89,"Horreur, Thriller",fr,"",https://image.tmdb.org/t/p/w500/xLZzQnsEnK2cpVMqrg3pyawIJSD.jpg,https://image.tmdb.org/t/p/w1280/8lL13GCrlOii2KvMaSom2rC16Zr.jpg,Horreur
439079,La Nonne,2018-09-05,7.9156,5.907,"Quand on apprend le suicide d'une jeune nonne dans une abbaye roumaine, la stupéfaction est totale dans l'Église catholique. Le Vatican missionne aussitôt un prêtre au passé trouble et une novice pour mener l'enquête. Risquant leur vie, les deux ecclésiastiques doivent affronter une force maléfique – la nonne démoniaque de « Conjuring 2 » – qui bouscule leur foi et menace de détruire leur âme.",22000000,366082797,97,Horreur,en,"",https://image.tmdb.org/t/p/w500/e0XDl1xHWvtwmIQXVadQpiB7YN0.jpg,https://image.tmdb.org/t/p/w1280/cMnVmutb5mVgIBeiMOncAbwNjvG.jpg,Horreur
49018,Insidious,2011-03-31,6.7176,6.942,"Alors qu'un jeune couple s'installe dans sa nouvelle maison, l'aîné de leurs enfants tombe dans un coma inexpliqué. Peu après, des phénomènes paranormaux jamais vus viennent hanter leurs nuits...",1500000,100106454,102,"Horreur, Thriller",en,http://www.insidious-lefilm.com/,https://image.tmdb.org/t/p/w500/mmyqYYJTMtCBlUNr0JAp5R59X8H.jpg,https://image.tmdb.org/t/p/w1280/yZP6GyrgzdpjH1AxPHlb8ACLkiA.jpg,Horreur
207680,Return to... Return to Nuke 'Em High aka Vol. 2,2017-01-15,7.7392,6.455,"La suite des aventures de nos deux lesbiennes préférées, bien décidées à mettre fin à la carrière des Crétins et aux volontés expansionnistes de HerzKauf.",63615,0,85,"Comédie, Horreur, Science-Fiction",en,"",https://image.tmdb.org/t/p/w500/d5GkPDDgkPvrCOrpVk5diqVrKmp.jpg,https://image.tmdb.org/t/p/w1280/u4vzkyQFGuTJ1l2SS9jZmYZG4fr.jpg,Horreur
839394,Outside the Law: The Scanner Cop Revolution,2021-05-31,3.9643,0.0,"",0,0,50,"Documentaire, Horreur, Science-Fiction",en,"","","",Horreur
23827,Paranormal Activity,2007-09-14,6.2717,6.038,"Katie et Micah, un couple sans histoires, viennent de s’installer dans une belle demeure de Los Angeles. Mais très rapidement, le quotidien de ces jeunes gens est perturbé par d’étranges phénomènes : des bruits inquiétants,des objets qui se déplacent pendant la nuit… Micah, qui vient de faire l’acquisition d’une caméra vidéo, décide de l’utiliser pour filmer ce qui se passe dans leur maison pendant la nuit. Mais les images tournées par l’appareil lui révèlent une réalité des plus effrayantes : des objets semblent se déplacer sans explication rationnelle. De plus, les bruits étranges se multiplient. Katie et Micah font appel à un médium qui leur confirme que les lieux sont hantés.",15000,193355800,83,"Horreur, Mystère",en,"",https://image.tmdb.org/t/p/w500/1Kxhdm6up44BzZoVGAGuD5zYxYY.jpg,https://image.tmdb.org/t/p/w1280/wfCdJ0MD1hYJzlaHulolNw5pYtR.jpg,Horreur
1276255,劇場版 君と世界が終わる日に FINAL,2024-01-26,5.3443,9.0,"",0,0,115,"Action, Mystère, Horreur, Romance",ja,"",https://image.tmdb.org/t/p/w500/ezpSWTIBkFH2U4YoBAAx8S0wlDq.jpg,https://image.tmdb.org/t/p/w1280/Aa2gAggI5iPRA3IvItWbqZwilaf.jpg,Horreur
44214,Black Swan,2010-12-03,7.8486,7.685,"Rivalités dans la troupe du New York City Ballet. Nina est prête à tout pour obtenir le rôle principal du Lac des cygnes que dirige l’ambigu Thomas. Mais elle se trouve bientôt confrontée à la belle et sensuelle nouvelle recrue, Lily…",13000000,329398046,108,"Drame, Thriller, Horreur",en,"",https://image.tmdb.org/t/p/w500/PgK9d0vegvPCx92b7c15sk4x8h.jpg,https://image.tmdb.org/t/p/w1280/g0geLM1zXpLb9mpqKw1ePcA5bTJ.jpg,Horreur
949855,Black Mold,2025-01-30,6.7037,5.063,"",0,0,92,"Horreur, Thriller, Drame, Téléfilm",en,"",https://image.tmdb.org/t/p/w500/tEN12WSxepFqZmWEknBnrXoHDvL.jpg,https://image.tmdb.org/t/p/w1280/lOEdmapSjFaJBmxDU3aXQKnojZq.jpg,Horreur
100960,Sweeney Todd: The Demon Barber of Fleet Street in Concert,2001-10-31,9.7203,6.9,"",0,0,132,"Crime, Drame, Horreur, Musique",en,"",https://image.tmdb.org/t/p/w500/iHRFNJi29vt94FFzdMvlYMFvixr.jpg,https://image.tmdb.org/t/p/w1280/A0ctNojQsxvtIbnURUr2NVSGae0.jpg,Horreur
646385,Scream,2022-01-12,6.9286,6.69,"25 ans après que la paisible ville de Woodsboro a été frappée par une série de meurtres violents, un nouveau tueur revêt le masque de Ghostface et prend pour cible un groupe d’adolescents. Il est déterminé à faire ressurgir les sombres secrets du passé.",24000000,137743924,114,"Horreur, Mystère",en,"",https://image.tmdb.org/t/p/w500/aT6z49r0Ewan23H74creoLDLIVL.jpg,https://image.tmdb.org/t/p/w1280/ifUfE79O1raUwbaQRIB7XnFz5ZC.jpg,Horreur
82507,Sinister,2012-03-29,6.7643,6.87,"Ellison est un auteur de romans policiers inspirés de faits réels. Dans l’espoir d’écrire un nouveau livre à succès, il emménage avec sa famille dans une maison où les anciens propriétaires ont été retrouvés inexplicablement pendus. Ellison y découvre dans le grenier des bobines 8mm contenant les images de meurtres d’autres familles. Qui a filmé ces tueries et pour quelle raison ? Ellison va tenter de répondre à ces questions tandis que le tueur présumé, une entité surnaturelle présente sur les films, menace de plus en plus sa famille.",3000000,82515113,109,"Horreur, Thriller, Mystère",en,"",https://image.tmdb.org/t/p/w500/qKXxPnsnVbtxFSwhxvKGZTUd5mm.jpg,https://image.tmdb.org/t/p/w1280/jovIEk4cAxWmA2dBcPrfhn3jzYN.jpg,Horreur
9360,Anaconda,1997-04-11,7.181,5.251,"Afin de réaliser un documentaire sur une peuplade inconnue d'Amazonie, l'anthropologue Cale et son équipe s'enfoncent dans la jungle. Ils portent secours à Paul Sarone, chasseur de serpent dont l'embarcation est en panne. Il profite de la faiblesse de Cale pour prendre le commandement de l'équipe et s'enfoncer plus avant dans la forêt, à la poursuite du plus grand des reptiles, l'anaconda, qui broie ses victimes avant de les gober tout entières.",45000000,136885767,89,"Aventure, Horreur, Thriller",en,"",https://image.tmdb.org/t/p/w500/33NysOnLpLZY0ewHTcfpalzAsRG.jpg,https://image.tmdb.org/t/p/w1280/r0gCLDIPi0JWZ5sCzqKpWNGUNNh.jpg,Horreur
1091,The Thing,1982-06-25,6.9073,8.1,"Hiver 1982 au cœur de l’Antarctique. Une équipe de recherche composée de 12 hommes, découvre un corps enfoui sous la neige depuis plus de 100 000 ans. Décongelée, la créature retourne à la vie et témoigne très vite de sa capacité à parasiter puis assimiler toute forme de vie. Isolés du monde, ne sachant plus qui est contaminé et qui ne l'est pas, les hommes de l'équipe vont sombrer dans la peur et la paranoïa. Un véritable combat s’engage.",15000000,19629760,109,"Horreur, Mystère, Science-Fiction",en,"",https://image.tmdb.org/t/p/w500/gajOIkrWq10MDjpHwCmIt4Yip2z.jpg,https://image.tmdb.org/t/p/w1280/jaO8WurWoUBE55nskqtFqPZFFaO.jpg,Horreur
419479,The Babysitter,2017-10-13,11.346,6.173,"Trop excité pour dormir, Cole découvre que sa baby-sitter ultra-sexy appartient en réalité à une secte satanique prête à tout pour le faire taire.",0,0,85,"Comédie, Horreur",en,"",https://image.tmdb.org/t/p/w500/cEICnssDprgGf6rcLsShVaqwY11.jpg,https://image.tmdb.org/t/p/w1280/wNW576H4HtGy3kQHDeI4x8uHEZ3.jpg,Horreur
30497,Massacre à la tronçonneuse,1974-10-11,6.7173,7.3,"Au fin fond du Texas, des habitants font une découverte macabre : leur cimetière vient d'être profané et les cadavres exposés sous forme de trophées. Pendant ce temps, cinq amis traversent la région à bord d'un minibus. Ils croisent en chemin la route d'un auto-stoppeur et décident de le prendre à bord. Mais lorsque les jeunes gens s'aperçoivent que l'individu a un comportement inquiétant et menaçant, ils finissent par s'en débarrasser. Bientôt à court d'essence, le groupe décide d'aller visiter une vieille maison abandonnée, appartenant aux grands-parents de deux d'entre eux. Chacun leur tour, les cinq amis vont être attirés par la maison voisine. La rencontre avec ses étranges habitants va leur être fatale…",140000,30922680,83,Horreur,en,"",https://image.tmdb.org/t/p/w500/u61noSAr4IGVostCNbVApRXC4FZ.jpg,https://image.tmdb.org/t/p/w1280/wvBx1Q1FcQE1BPLfBbgA3y9aaS1.jpg,Horreur
420634,Terrifier,2018-01-25,6.4319,6.33,"C'est la nuit d'Halloween dans une petite ville américaine. Un grand clown dégingandé et mutique, tout habillé de blanc et de noir, s'installe à une table dans une pizzeria, portant un gros sac poubelle. Il s'attaque alors à plusieurs jeunes femmes qui tentent tant bien que mal de lui échapper. Ce meurtrier psychopathe déguisé en clown prend un plaisir sadique à mutiler atrocement toutes ses victimes.",35000,421798,84,"Horreur, Thriller",en,"",https://image.tmdb.org/t/p/w500/dEUHJSevpMZ0p7pxQzVMfnUkVLm.jpg,https://image.tmdb.org/t/p/w1280/naNXYdBzTEb1KwOdi1RbBkM9Zv1.jpg,Horreur
174790,"Hantu Kak Limah 2: Husin, Mon dan Jin Pakai Toncit",2013-02-06,5.1953,8.0,"",0,0,95,"Horreur, Comédie",ms,"",https://image.tmdb.org/t/p/w500/xxgbuw2oENQSuvlMcdJU4UMFVWT.jpg,https://image.tmdb.org/t/p/w1280/gPTkKA0GNWK99ZW8DVaNBNAztKr.jpg,Horreur
44732,panique sur la cote,2005-03-20,6.8611,4.688,"",0,0,88,"Action, Drame, Horreur, Thriller",en,"",https://image.tmdb.org/t/p/w500/jqIIwaYI4to46Cc29as0BCECqNO.jpg,https://image.tmdb.org/t/p/w1280/qzUT12fLNpp5umxFWffsma1yb07.jpg,Horreur
926606,The Home,2025-07-24,6.1098,6.471,"Max, un homme perturbé, trouve un emploi dans une maison de retraite. Il se rend compte que les résidents et les aides-soignants cachent de sinistres secrets. Alors qu'il enquête sur le bâtiment et plus précisément sur le quatrième étage condamné, il commence à découvrir des liens avec son propre passé en tant qu'enfant placé.",0,1001930,97,"Mystère, Horreur, Thriller",en,"",https://image.tmdb.org/t/p/w500/4JuDIlhJ8wDp8d2icbwOKS64KUr.jpg,https://image.tmdb.org/t/p/w1280/Lu57GTE24Ja5O61jieY2aIBk8d.jpg,Horreur
1225572,Screamboat,2025-03-20,6.0602,5.1,Un trajet en traversier à New York se transforme en un cauchemar hilarant lorsqu'une souris espiègle nommée Steamboat Willie devient une réalité monstrueuse. Les passagers qui ne se doutent de rien pourront-ils survivre aux meurtres et au chaos perpétrés par la petite créature?,2000000,393011,102,"Horreur, Comédie",en,"",https://image.tmdb.org/t/p/w500/78xGAhQaKpgq9TI08XK40Ua2bGx.jpg,https://image.tmdb.org/t/p/w1280/r2u7GCYhxtpZbprKJIgdAkGQow3.jpg,Horreur
740903,The Unhealer,2020-10-09,5.5192,5.951,"",0,0,94,"Fantastique, Thriller, Horreur",en,"",https://image.tmdb.org/t/p/w500/jEuKhYfeS4dz0uQj1yTZ2Gl8yNH.jpg,https://image.tmdb.org/t/p/w1280/rzchR1ZQQlj5bCfEUdrTZsC5CF2.jpg,Horreur
592452,血まみれスケバンチェーンソーRED 前編 ネロの復讐,2019-02-22,5.1608,6.3,"",0,0,52,"Action, Horreur",ja,"",https://image.tmdb.org/t/p/w500/ldoy4kmxwvUpQsg9xe4taCP5M0.jpg,https://image.tmdb.org/t/p/w1280/3DTjEnzI5mL6E9mJKVD0w7BNPnt.jpg,Horreur
665568,黒い乙女 Q,2019-05-31,4.9724,5.8,"",0,0,66,Horreur,ja,"",https://image.tmdb.org/t/p/w500/gJIwP3iuXiWOjx9gkTEucRCvBGo.jpg,https://image.tmdb.org/t/p/w1280/hBX6xcGoEXGIEoQbZbKsrxVVhYo.jpg,Horreur
56832,"Gantz, Au commencement",2010-11-29,6.501,6.5,"Deux amis se font écraser par une rame de métro. lls se retrouvent soudain dans un étrange appartement en compagnie d'autres personnes venant également de “mourir”. Tandis que tous tentent de comprendre leur présence en ce lieu, une mystérieuse sphère noire apparaît et les somme d'éliminer unes à unes des créatures surpuissantes…",0,0,130,"Horreur, Action, Science-Fiction",ja,"",https://image.tmdb.org/t/p/w500/qfKcTyAYGVF1lgeN6TAE55WAMPm.jpg,https://image.tmdb.org/t/p/w1280/jNsK2a8A1DYpaCX5HGElp3t4x6.jpg,Horreur
36217,"Class of Nuke 'Em High 3: The Good, the Bad and the Subhumanoid",1994-10-20,10.326,4.065,Un écureuil mutant géant a détruit la centrale électrique Tromaville...,0,0,102,"Comédie, Horreur, Science-Fiction, Action",en,"",https://image.tmdb.org/t/p/w500/izrRDVQfXQ1Ko9X2OZWLI43LOvK.jpg,https://image.tmdb.org/t/p/w1280/YDIYCzQrBkFRkzNsEvV6eiQ2ML.jpg,Horreur
125509,Détour mortel 5 : Les Liens du sang,2012-10-18,6.536,5.454,"Une petite ville dans l’ouest de la Virginie accueille le légendaire festival Mountain Man où des centaines de jeunes viennent fêter Halloween, au cours d’une nuit de débauche. Mais lorsqu’une bande de mutants cannibales s’invite à la fête, la soirée tourne vite au massacre…",3000000,0,87,"Horreur, Thriller",en,"",https://image.tmdb.org/t/p/w500/32TYnzvLu7W6XZGpUeUKy9lfeqo.jpg,https://image.tmdb.org/t/p/w1280/3GTGFqZU2pXWg5fZPxDLNDdao28.jpg,Horreur
170885,Annihilator,1986-04-07,9.1043,5.0,"Des robots humanoïdes traquent un journaliste, Richard Armour, qui connaît leur existence. Un des robots a pris l'apparence de sa petite amie, Angela Taylor, pour le capturer. Richard se cache de la police chez Layla. Il lui raconte son histoire. Il allait se marier avec Angela. Mais, au retour d'un voyage à Hawaï avec sa meilleure amie Cindy, Angela a changé de comportement.",0,0,99,"Science-Fiction, Horreur, Téléfilm",en,"",https://image.tmdb.org/t/p/w500/iwWoknF64tJ4PGcY4US1yGPqNpv.jpg,https://image.tmdb.org/t/p/w1280/oCg4zDQjZndJ9mRvcU7thq0u5uG.jpg,Horreur
940721,Godzilla Minus One,2023-11-03,7.3941,7.6,"La guerre est finie, mais le combat est loin d'être terminé pour Shikishima, pilote rongé par la culpabilité. Peut-il se pardonner et aider à sauver le Japon de la furie de Godzilla ?",15000000,113676322,125,"Science-Fiction, Horreur, Action",ja,"",https://image.tmdb.org/t/p/w500/tBzOqSc51CiUeOlxW2unvYVBU8v.jpg,https://image.tmdb.org/t/p/w1280/1FMnXfgPFJFWhPrCZBgXwHbwmye.jpg,Horreur
447332,Sans un bruit,2018-04-03,6.8994,7.4,"Une famille tente de survivre sous la menace de mystérieuses créatures qui attaquent au moindre bruit. S’ils vous entendent, il est déjà trop tard.",17000000,340955294,90,"Horreur, Drame, Science-Fiction",en,"",https://image.tmdb.org/t/p/w500/S3PKmsBviNmXDYmik7uanIqpzD.jpg,https://image.tmdb.org/t/p/w1280/nIrDm42dy5PaXtUAzUfPmxM4mQm.jpg,Horreur
176,Saw,2004-10-01,6.9085,7.4,"Deux hommes se réveillent enchaînés au mur d’une salle de bains. Ils ignorent où ils sont et ne se connaissent pas. Ils savent juste que l’un doit absolument tuer l’autre, sinon dans moins de huit heures, ils seront exécutés tous les deux… Voici l’une des situations imaginées par un machiavélique maître criminel qui impose à ses victimes des choix auxquels personne ne souhaite jamais être confronté un jour. Un détective est chargé de l’enquête…",1200000,104045735,103,"Horreur, Mystère, Crime",en,"",https://image.tmdb.org/t/p/w500/3fhUaMnlY72GGuBlzEeKA4brZAb.jpg,https://image.tmdb.org/t/p/w1280/ok4ot3YbfDYZcINXf91JUfq3maB.jpg,Horreur
39991,La maison de la terreur,1983-08-06,11.0939,5.6,"Bruno, jeune musicien a loué une grande villa isolée, entouré d'un parc impénétrable. Son magnétophone enregistre par hasard des chuchotements, d’étranges gouttes de sang apparaissent, un couteau change de place, deux jeunes filles ne plus signe de vie...",0,0,109,"Horreur, Mystère, Thriller",it,"",https://image.tmdb.org/t/p/w500/eHMhhfHok4sMKju6fMg2mNz6OvX.jpg,https://image.tmdb.org/t/p/w1280/hCulzUFMVA7clteeulNlzOlJsdv.jpg,Horreur
9299,Tesis,1996-04-11,5.5665,7.5,"Angela est étudiante en communication de l'image et prépare une thèse sur la violence audiovisuelle. Son professeur se propose de l'aider à chercher des films extrêmement violents à la vidéothèque de la faculté. Le lendemain, il est retrouvé mort dans une salle de projection. Avec Chema, un camarade de classe, elle décide de visionner la cassette qui se trouvait dans le magnétoscope : c'est un snuff movie, l'enregistrement d'un meurtre réel ! Une femme y est torturée à mort…",0,2647055,124,"Horreur, Thriller",es,"",https://image.tmdb.org/t/p/w500/k9mnnlW76M5loqQ32XFGNoYkZJH.jpg,https://image.tmdb.org/t/p/w1280/pqVNPjSwu1NsSjREl14HTbm3dXQ.jpg,Horreur
530385,Midsommar,2019-07-03,6.8336,7.2,"Dani et Christian sont sur le point de se séparer quand la famille de Dani est touchée par une tragédie. Attristé par le deuil de la jeune femme, Christian ne peut se résoudre à la laisser seule et l’emmène avec lui et ses amis à un festival estival qui n’a lieu que tous les 90 ans et se déroule dans un village suédois isolé. Mais ce qui commence comme des vacances insouciantes dans un pays où le soleil ne se couche pas va vite prendre une tournure beaucoup plus sinistre et inquiétante.",9000000,48498408,148,"Horreur, Drame, Mystère",en,"",https://image.tmdb.org/t/p/w500/17pvY55Zr60niVovNvgt72mwvES.jpg,https://image.tmdb.org/t/p/w1280/aAM3cQmYGjjLQ24m0F0RWfjKQ57.jpg,Horreur
9378,13 fantômes,2001-10-26,6.0243,6.297,"Arthur Kriticos, un enseignant veuf, hérite du majestueux manoir de son oncle Cyrus. Il y emménage très vite avec ses deux enfants Kathy et Bob, leur nourrice et un médium. Ce n'est pas tous les jours qu'on a la chance d'habiter dans l'opulence d'une telle résidence. Mais la vie de pacha ne dure qu'un temps : d'étranges présences se font bientôt sentir dans les différentes pièces de la vaste demeure. Les nouveaux résidents croient rapidement à l'existence de fantômes.",42000000,68467960,91,"Horreur, Thriller",en,"",https://image.tmdb.org/t/p/w500/lgPFz6Cr39kp3JtXCnGqJi72Zis.jpg,https://image.tmdb.org/t/p/w1280/mUffUjlJ007XAzdogdZqhaqSp4O.jpg,Horreur
1407861,The Bayou,2025-01-31,5.9086,5.562,"Les vacances tournent au désastre lorsque Kyle, diplômé de Houston, et ses amis survivent à un accident d'avion dans les marais désolés de Louisiane, avant de découvrir que quelque chose de bien plus dangereux se cache dans les bas-fonds.",0,0,87,"Thriller, Horreur, Action",en,"",https://image.tmdb.org/t/p/w500/sf6j1SbgDf7VTjL1MRq5MAQSOyE.jpg,https://image.tmdb.org/t/p/w1280/y12HU18e5FHNeqkSZdvMBEOY6BU.jpg,Horreur
170,28 Jours plus tard,2002-10-31,7.2767,7.234,"Un commando de la Protection Animale fait irruption dans un laboratoire top secret pour délivrer des dizaines de chimpanzés soumis à de terribles expériences. Mais aussitôt libérés, les primates, contaminés par un mystérieux virus et animés d’une rage incontrôlable, bondissent sur leurs « sauveurs » et les massacrent. 28 jours plus tard, le mal s’est répandu à une vitesse fulgurante à travers le pays, la population a été évacuée en masse et Londres n’est plus qu’une ville fantôme. Les rares rescapés se terrent pour échapper aux « Contaminés » assoiffés de violence. C’est dans ce contexte que Jim, un coursier, sort d’un profond coma…",8000000,85032676,112,"Horreur, Thriller, Science-Fiction",en,"",https://image.tmdb.org/t/p/w500/y0u77LC6C0UvhiWe4LiI2KulHN9.jpg,https://image.tmdb.org/t/p/w1280/x085XrfEmU31QeXgMFttmuoGr0Y.jpg,Horreur
4241,Visitor Q,2001-03-17,5.5517,6.4,"Portrait d'une famille japonaise : le père est un journaliste raté dont les employeurs ne veulent plus et qui couche avec sa fille prostituée. La mère, elle, vend de temps en temps son corps afin de payer l'héroïne qui lui permet d'oublier que son fils la frappe. Quant à celui-ci, il se fait régulièrement humilier et tabasser par ses camarades de classe.Le père décide de réaliser un documentaire sur son fils. Arrive alors un inconnu qui va bouleverser cette vie de famille.",60400,0,84,"Comédie, Drame, Horreur, Thriller",ja,"",https://image.tmdb.org/t/p/w500/wqW1EFQBQ3OBEL0IgXS8kUsNlr3.jpg,https://image.tmdb.org/t/p/w1280/7Neq8BvRasGK7RyqBlK4NX30rwF.jpg,Horreur
967941,Wicked : Partie II,2025-11-19,110.9911,6.8,"Depuis qu'elle s'est opposée au Magicien d'Oz, Elphaba est surnommée la Méchante sorcière de l'Ouest par la population du Pays d'Oz qui pense qu'elle est maléfique. De son côté, Glinda est devenu la figure populaire du régime du Magicien et est surnommée la Bonne Glinda, tandis que Fiyero devient le capitaine de la garde du Magicien, bien qu'il doute encore de la culpabilité d'Elphaba.",150000000,440904820,137,"Fantastique, Aventure, Romance",en,https://www.universalpictures.fr/micro/wicked-for-good,https://image.tmdb.org/t/p/w500/qMkHZ0OrQpv8yyU0og611uXBwKL.jpg,https://image.tmdb.org/t/p/w1280/l8pwO23MCvqYumzozpxynCNfck1.jpg,Romance
748881,Altri Desideri Particolari,1983-05-14,30.1441,5.833,"",0,0,88,Romance,it,"",https://image.tmdb.org/t/p/w500/2dmLDYGcxgGDmsIfF2zKD9canxz.jpg,"",Romance
1219158,Lover,2024-02-07,22.2853,7.286,"Arun vit son idylle dans le bonheur, mais l'arrivée de Vicky, son ennemi, va perturber sa vie amoureuse...",0,0,145,"Romance, Drame",ta,"",https://image.tmdb.org/t/p/w500/w6cu5wybAwZ46ZzcIKrAXd3VGI0.jpg,https://image.tmdb.org/t/p/w1280/7OwcPLgNgK3CmNaXQdLqeVStnFC.jpg,Romance
1053987,Witchy Ways,2024-09-13,15.8719,7.0,"",0,0,98,"Fantastique, Romance",en,"",https://image.tmdb.org/t/p/w500/aE6UNLmcpjaHGrLVsBjeF2OPoiS.jpg,https://image.tmdb.org/t/p/w1280/c0cHYInS3Q4POvhA2GSIOTD5heH.jpg,Romance
950396,The Gorge,2025-02-13,17.78,7.666,"Deux agents hautement entraînés se rapprochent malgré la distance lorsqu'ils sont envoyés garder deux côtés opposés d'une mystérieuse gorge. Quand un mal surgit des profondeurs, ils doivent faire équipe pour survivre à ce qui est tapi sous la surface.",70000000,0,127,"Romance, Science-Fiction, Thriller",en,https://tv.apple.com/fr/movie/umc.cmc.26o403koqo2klixc0jtqy6tmc,https://image.tmdb.org/t/p/w500/1Np511QIqSs0s3iDpWXPbuY4o5o.jpg,https://image.tmdb.org/t/p/w1280/9nhjGaFLKtddDPtPaX5EmKqsWdH.jpg,Romance
1523145,Твое сердце будет разбито,2026-03-05,19.7415,0.0,"",0,0,0,Romance,ru,"",https://image.tmdb.org/t/p/w500/naOC89qeEygU44xM9EIot1m5AUQ.jpg,"",Romance
296096,Avant toi,2016-06-01,13.3152,7.926,"Une charmante petite ville de l'Angleterre rurale. Si elle est originale et artiste dans l'âme, Louisa «Lou» Clark, 26 ans, n'a aucune ambition particulière. Elle se contente d'enchaîner les boulots pour permettre à ses proches de joindre les deux bouts. Jeune et riche banquier, Will Traynor était un garçon plein d'audace et d'optimisme jusqu'à ce qu'il se retrouve paralysé, suite à un accident survenu deux ans plus tôt. Devenu cynique, il a renoncé à tout et n'est plus que l'ombre de lui-même. Autant dire que ces deux-là auraient pu ne jamais se rencontrer. Mais lorsque Lou accepte de travailler comme aide-soignante auprès de Will, elle est bien décidée à lui redonner goût à la vie. Et peu à peu, les deux jeunes gens s'éprennent passionnément l'un de l'autre. La force de leur amour pourra-t-elle survivre à leur destin qui semble inexorable ?",20000000,207945075,110,"Drame, Romance",en,"",https://image.tmdb.org/t/p/w500/uNpiKNBkY2RV1uyYpDle9LAU0VH.jpg,https://image.tmdb.org/t/p/w1280/3WK7p9EdZmmvB1IbB2Vw9Rf4lXH.jpg,Romance
152601,Her,2013-12-18,13.0016,7.845,"Los Angeles, dans un futur proche. Theodore Twombly, un homme sensible au caractère complexe, est inconsolable suite à une rupture difficile. Il fait alors l'acquisition d'un programme informatique ultramoderne, capable de s'adapter à la personnalité de chaque utilisateur. En lançant le système, il fait la connaissance de 'Samantha', une voix féminine intelligente, intuitive et étonnamment drôle. Les besoins et les désirs de Samantha grandissent et évoluent, tout comme ceux de Theodore, et peu à peu, ils tombent amoureux…",23000000,47351251,126,"Romance, Science-Fiction, Drame",en,"",https://image.tmdb.org/t/p/w500/nkWXW5blXGmOEoDejRgy83sSb6T.jpg,https://image.tmdb.org/t/p/w1280/sPPsR9f4K0movWVQ99u4uMqFzEL.jpg,Romance
216015,Cinquante Nuances de Grey,2015-02-11,16.807,5.878,"Anastasia Steele accepte de remplacer sa colocataire malade, Katherine, pour interviewer l'homme d'affaires et milliardaire Christian Grey. Jeune PDG séduisant et mystérieux, ce dernier l'intimide. À sa grande surprise, Christian Grey vient la voir au magasin où elle travaille, prétextant des achats. Très attirée par lui, elle se verra rapidement devenir sa soumise. Pour cela un contrat va être rédigé pour permettre de définir les règles de ce jeu dangereux. Cependant, ce contrat devient souvent un sujet tabou et sera changé sans cesse.  À mesure que leur relation progresse, la jeune et innocente Ana est confrontée à un tout nouvel univers aux côtés du riche entrepreneur. Christian a cependant une face sombre : il est adepte du BDSM. La jeune femme doit alors décider si elle est prête ou non à entrer dans cet univers.",40000000,569651467,125,"Drame, Romance, Thriller",en,"",https://image.tmdb.org/t/p/w500/2bioz9SBIel2ijV6SHPV2I4Nj2E.jpg,https://image.tmdb.org/t/p/w1280/7IGKrY1f1KfwMipx9wZC4NRgIdF.jpg,Romance
858024,Hamnet,2025-11-26,15.7934,8.0,"Angleterre, 1580. Un professeur de latin fauché, fait la connaissance d’Agnes, jeune femme à l’esprit libre. Fascinés l’un par l’autre, ils entament une liaison fougueuse avant de se marier et d’avoir trois enfants. Tandis que Will tente sa chance comme dramaturge à Londres, Agnes assume seule les tâches domestiques. Lorsqu’un drame se produit, le couple, autrefois profondément uni, vacille. Mais c’est de leur épreuve commune que naîtra l’inspiration d’un chef d’œuvre universel.",0,0,125,"Drame, Romance",en,"",https://image.tmdb.org/t/p/w500/71KNp6RiOQTbs8Fn1DagrFQrZmx.jpg,https://image.tmdb.org/t/p/w1280/yt9m5CiU2MZkQoNl1kqLPODNR4t.jpg,Romance
18254,Reds,1981-12-25,10.5605,6.874,"L'histoire vraie de John Reed, un journaliste américain qui vécut pendant la première guerre mondiale. Après avoir été mêlé à des affaires politiques douteuses, il part en Russie pendant la révolution d'octobre 1917.",35000000,40382659,195,"Drame, Histoire, Romance",en,"",https://image.tmdb.org/t/p/w500/bkp8tJCB8SaFYYVA4MR2hA69VbB.jpg,https://image.tmdb.org/t/p/w1280/cDdB8JBflT4vBYlftoopSdTf4Wz.jpg,Romance
447277,La Petite Sirène,2023-05-18,12.0634,6.287,"La plus jeune des filles du roi Triton, Ariel, est une jeune sirène belle et fougueuse avec une soif d'aventure. Désireuse d'en savoir plus sur le monde au-delà de la mer, Ariel visite la surface et tombe amoureuse du Prince Eric. Suivant son cœur, elle conclut un accord avec la méchante sorcière de la mer, Ursula, pour découvrir la vie sur terre.",297000000,569626289,140,"Aventure, Familial, Fantastique, Romance",en,"",https://image.tmdb.org/t/p/w500/hWxeKWUq1Ndha9h9bFTso11UdJY.jpg,https://image.tmdb.org/t/p/w1280/lAs4Y5a8Pi86xDwuv8cx2prOVI2.jpg,Romance
3933,Les Noces funèbres,2005-09-12,12.2599,7.585,"Victor découvre le monde de l'au-delà après avoir épousé, sans le vouloir, le cadavre d'une mystérieuse mariée. Durant ce temps, sa promise, Victoria l'attend désespérément dans le monde des vivants.",40000000,118133252,75,"Romance, Fantastique, Animation",en,"",https://image.tmdb.org/t/p/w500/7JcwGSEvPEPbp09zDk1FyNmcofA.jpg,https://image.tmdb.org/t/p/w1280/v23fWgJUEt8EMmvn19btIacxP8E.jpg,Romance
1294203,À contre-sens : Londres,2025-02-12,11.413,7.434,"Noah, 18 ans, quitte l'Amérique pour s'installer à Londres avec sa mère qui vient de tomber amoureuse de William, un riche homme d'affaires britannique. Noah rencontre le fils de William, le rebelle Nick, et découvre qu'il existe entre eux une attirance indéniable. Noah passe l'été à s'adapter à sa nouvelle vie, mais son lourd passé va la rattraper au cœur de cette première idylle.",0,0,119,"Drame, Romance",en,https://www.primevideo.com/-/fr/detail/%C3%80-contre-sens-Londres/0T0W5IBN2BBDVHNONZV7O56801,https://image.tmdb.org/t/p/w500/y9ii1qorIELEshaxaLuF2MlyRv.jpg,https://image.tmdb.org/t/p/w1280/uJK0jjJ8QDOQw5lcNBwu059ht4D.jpg,Romance
6957,"40 ans, toujours puceau",2005-08-11,12.0676,6.415,"Le lundi matin, lorsque ses collègues décrivent avec force détails leurs exploits libidineux du week-end, Andy Stitzer, 40 ans, se sent bien penaud, car il est encore puceau. Partagés entre hilarité, incrédulité et consternation, ses amis David, Jay et Cal décident de prendre en main sa tardive initiation : de gré ou de force, Andy va devoir franchir le Rubicon…",26000000,177400000,117,"Comédie, Romance",en,"",https://image.tmdb.org/t/p/w500/uCczfLC36tQRAo0HwfqVVLiXoxe.jpg,https://image.tmdb.org/t/p/w1280/3Wej7JW8Ikrzbm6h0lmSdeOYMmu.jpg,Romance
10020,La Belle et la Bête,1991-10-22,12.0231,7.7,"La courageuse et indépendante Belle vit l’aventure de sa vie alors qu’elle vole au secours de son père et découvre le château enchanté d’une bête mystérieuse. Un conte intemporel plein de personnages et d’airs inoubliables, et l’un des dessins animés les plus acclamés de Walt Disney Animation Studios.",25000000,424967620,87,"Romance, Familial, Animation, Fantastique",en,"",https://image.tmdb.org/t/p/w500/sIhRrRapijHVKOTfTp93YsP89e4.jpg,https://image.tmdb.org/t/p/w1280/fW4ZCoEZRBqLAJGFQ2g5AdAfPQR.jpg,Romance
3001,Comment voler un million de dollars,1966-07-13,11.8155,7.5,"Charles Bonnet possède une impressionnante collection d'art, dont il vend parfois quelques pièces à d'autres amateurs. Seul problème, les œuvres sont en fait d'ingénieuses imitations. Par défi et orgueil, il accepte de prêter une somptueuse statuette à un musée : la Vénus de Cellini. Ce qu'il ignore, c'est que la fameuse statuette va faire l'objet d'une expertise. Sa fille, inquiète, décide de régler l'affaire à l'aide d'un séduisant inconnu, qu'elle prend pour un voleur mais qui est en réalité un détective privé.",6400000,4400000,123,"Comédie, Crime, Romance",en,"",https://image.tmdb.org/t/p/w500/xR3WWZrORl46AtnWisBFuP4uL5d.jpg,https://image.tmdb.org/t/p/w1280/o3cGxY3Pf8RXNGrYJ9duFVNCVo5.jpg,Romance
1428267,Hearts Around the Table: Shari's Second Act,2025-03-29,11.7394,6.3,"",0,0,84,Romance,en,"",https://image.tmdb.org/t/p/w500/erI0d8lBmXe0L8fmRWHhRrt7uZ6.jpg,https://image.tmdb.org/t/p/w1280/5k41Gl9jjmWNa4bFH0C4xeQFbZa.jpg,Romance
854,The Mask,1994-07-29,11.4988,6.973,"Stanley Ipkiss, modeste employé de banque, passionné par l’univers de Tex Avery, trouve un masque ancien aux pouvoirs surnaturels. Il est néanmoins partagé entre devenir cette créature verte sûre d’elle ou rester le timide Stanley Ipkiss, incapable d’aborder la magnifique chanteuse de cabaret Tina Carlyle.",23000000,351583407,100,"Romance, Comédie, Crime, Fantastique",en,"",https://image.tmdb.org/t/p/w500/5OBK9sksRSyrwrcMtxpdxql75Sw.jpg,https://image.tmdb.org/t/p/w1280/80uHK2xWwjlOxmfJ1wQB09omAht.jpg,Romance
4348,Orgueil et Préjugés,2005-09-16,11.177,8.058,"Elizabeth Bennet, 20 ans, est la seconde fille de Mr et Mrs Bennet. Elle grandit aux cotés de ses quatre autres sœurs et affectionne particulièrement Jane, de deux ans son aînée. Cette dernière est réputée pour sa douceur et sa beauté dans toute la ville de Meryton. Elizabeth, quant à elle, est une jeune fille ravissante, vive d’esprit, aimant observer la société dans laquelle elle évolue mais aimant surtout se moquer des sottises d’autrui. La famille Bennet est simple et très liée, faisant fi de certaines convenances exigée par l’étiquette à l’époque de Jane Austen. Mrs Bennet n’a qu’une idée en tête : marier ses cinq filles afin d’assurer leur avenir ainsi que celui de toute la famille.",28000000,124604345,127,"Drame, Romance",en,"",https://image.tmdb.org/t/p/w500/dn2tyLAx5syITEQ9989iQ79eMNW.jpg,https://image.tmdb.org/t/p/w1280/x4OYcZVHggyZHOrvkCo2HH9kLkF.jpg,Romance
162,Edward aux mains d'argent,1990-12-07,10.6811,7.72,"Edward n’est pas un garçon ordinaire. Création d’un inventeur, il a reçu un cœur pour aimer, un cerveau pour comprendre. Mais son concepteur est mort avant d’avoir pu terminer son œuvre et Edward se retrouve avec des lames de métal et des instruments tranchants en guise de doigts.",20000000,86024005,105,"Fantastique, Drame, Romance",en,"",https://image.tmdb.org/t/p/w500/tMCj9KY70NasF2KsiXWpg0m7smK.jpg,https://image.tmdb.org/t/p/w1280/uNLIMPxknsV4n3IAEDpS1iqF5dm.jpg,Romance
10032,Van Wilder 2 : Sexy Party,2006-12-01,10.5752,5.1,"Taj Mahal Badalandabad vit aux Etats-Unis avec ses parents. Bien décidé à suivre les traces de son père, il part en Angleterre pour parfaire sa formation à l'Université de Camford. A son arrivée, il est reçu par l'élite. Mais les différences culturelles qui séparent le jeune Taj de ses camarades britanniques vont rapidement lui poser problème... Bien décidé à ne pas se laisser faire, Taj décide de fonder sa propre confrérie et lancer un défi à cette élite, moins maligne qu'elle n'y paraît....",0,6086508,97,"Comédie, Romance",en,"",https://image.tmdb.org/t/p/w500/cAukJGJXR03dj46rqCvranZRZ8F.jpg,https://image.tmdb.org/t/p/w1280/xm7dypK8AlW3LdVtjmwgMzez4or.jpg,Romance
792307,Pauvres créatures,2023-12-07,10.436,7.656,"Une fable étonnante ayant pour héroïne Bella Baxter, une jeune femme ramenée à la vie par un savant brillant et peu conventionnel. Désireuse de connaître le monde, Bella s'embarque dans une aventure tourbillonnante sur plusieurs continents. Étrangère aux préjugés de son époque, Bella fonce tête baissée dans sa quête d'égalité et d'émancipation.",35000000,117607117,141,"Science-Fiction, Romance, Comédie",en,"",https://image.tmdb.org/t/p/w500/roRjNH7cRVrZQYv1Ex8ownMu2ey.jpg,https://image.tmdb.org/t/p/w1280/zh6IdheEYinU4TPtorWsjx6qPQE.jpg,Romance
65332,Film d'amour et d'anarchie,1973-02-23,8.4421,7.67,"La tenancière d’une maison close à Rome, Salomé de Bologne, accueille un soi-disant cousin qui est en réalité un camarade anarchiste. Ce dernier, un simple paysan nommé Tonino, est chargé de préparer un attentat contre Mussolini. Il ne va pas tarder à s’amouracher d’une des pensionnaires, Tripolina, qui cherche à le détourner de sa mission. Tonino se retrouve alors tiraillé entre ses idéaux politiques et son histoire d’amour contrariée...",0,0,124,"Romance, Drame, Comédie",it,"",https://image.tmdb.org/t/p/w500/dN65SNaRWf8qBxFtoJ4TywCAhAT.jpg,https://image.tmdb.org/t/p/w1280/hsSa8c5s6p8wRq7SXUGHiPP1PBA.jpg,Romance
1188258,青春18x2 君へと続く道,2024-03-14,10.6874,7.357,"",0,0,124,"Romance, Drame",zh,"",https://image.tmdb.org/t/p/w500/e5bD01p0GMI6oeYhYRKNREWJkeY.jpg,https://image.tmdb.org/t/p/w1280/qu27OPbaIO9OBj3zd4h9bdS6e58.jpg,Romance
10995,L'Amant,1992-01-22,7.9173,6.995,"Une jeune Française de quinze ans et demi doit quitter sa famille ruinée dans l'Indochine des années 20. C'est alors qu'elle fait la rencontre d'un bel homme riche, chinois et âgé de trente-six ans. Il tente de la séduire, elle feint l'indifférence. À Saïgon, il l'observe dans la rue, entre le lycée et le pensionnat religieux. Elle accepte un jour de le suivre. Il lui fait connaître les jeux de l'amour. Le plaisir d'un amour qu'ils savent éphémère.",0,5013090,115,"Drame, Romance",fr,"",https://image.tmdb.org/t/p/w500/luUC1EnJtU2cpgNbHBQexaaAa7J.jpg,https://image.tmdb.org/t/p/w1280/zHIOC4LMMGJaaw2nLfy6uLv0dMp.jpg,Romance
38,Eternal Sunshine of the Spotless Mind,2004-03-19,9.7328,8.093,"Joel et Clementine ne voient plus que les mauvais côtés de leur tumultueuse histoire d’amour, au point que celle‐ci fait effacer de sa mémoire toute trace de cette relation. Effondré, Joël contacte l’inventeur du procédé Lacuna, le Dr. Mierzwiak, pour qu’il extirpe également de sa mémoire tout ce qui le rattachait à Clémentine. Deux techniciens, Stan et Patrick, s’installent à son domicile et se mettent à l’œuvre, en présence de la secrétaire, Mary. Les souvenirs commencent à défiler dans la tête de Joël, des plus récents aux plus anciens, et s’envolent un à un, à jamais. Mais en remontant le fil du temps, Joël redécouvre ce qu’il aimait depuis toujours en Clémentine – l’inaltérable magie d’un amour dont rien au monde ne devrait le priver. Luttant de toutes ses forces pour préserver ce trésor, il engage alors une bataille de la dernière chance contre Lacuna…",20000000,72258126,108,"Science-Fiction, Drame, Romance",en,"",https://image.tmdb.org/t/p/w500/zYSvjW4F16W6drhFtEtNAHAplIN.jpg,https://image.tmdb.org/t/p/w1280/744ybMaYRry1IQKoDakMc4GEU4L.jpg,Romance
337167,Cinquante nuances plus claires,2018-01-17,10.6497,6.681,"Plus heureux que jamais, Anastasia et Christian forment désormais un couple solide. Cependant, leur bonheur est troublé par Jack Hyde, l'ancien patron d'Anastasia et par une nouvelle qui pourrait détruire leur relation.",55000000,371985018,105,"Drame, Romance",en,"",https://image.tmdb.org/t/p/w500/szcCAclX4YW9YMLO4zsBccHCOdP.jpg,https://image.tmdb.org/t/p/w1280/9ywA15OAiwjSTvg3cBs9B7kOCBF.jpg,Romance
458083,탐하다: 욕망의 섬,2017-05-04,7.7584,5.5,"",0,0,81,Romance,ko,"",https://image.tmdb.org/t/p/w500/zNebLQ3O2BNNI1qCDqTRCzxJTrS.jpg,https://image.tmdb.org/t/p/w1280/bcVvmv9txmENrTFv79m9KdI538n.jpg,Romance
290098,Mademoiselle,2016-06-01,11.0005,8.2,"Corée. Années 30, pendant la colonisation japonaise. Une jeune femme est engagée comme servante d’une riche japonaise, vivant recluse dans un immense manoir sous la coupe d’un oncle tyrannique. Mais Sookee a un secret. Avec l’aide d’un escroc se faisant passer pour un comte japonais, ils ont d’autres plans pour Hideko…",8575000,38600000,145,"Thriller, Drame, Romance",ko,"",https://image.tmdb.org/t/p/w500/z4cpSCLQLbe2TwDZhmf8uzsKUMj.jpg,https://image.tmdb.org/t/p/w1280/jnFmHDHmPZrQ7vyHmxXHcoxp25j.jpg,Romance
1300116,Fall for Me,2025-08-20,8.4758,6.151,"Le nouveau fiancé de sa sœur suscite la méfiance de Lilli, mais lorsqu'un séduisant inconnu entre dans sa propre vie, elle se laisse vite distraire par les affres du désir.",0,0,103,"Romance, Thriller",de,https://www.netflix.com/fr/title/81678621,https://image.tmdb.org/t/p/w500/nLTs9SNBuk3DuB8D0p3mSsPYN7J.jpg,https://image.tmdb.org/t/p/w1280/xd7YqovQSLBY7dbptsz2bPgL0ym.jpg,Romance
851644,20th Century Girl,2022-10-06,9.0011,8.1,"En 1999, Bo-ra, 17 ans, s'attelle à la tâche la plus importante de son adolescence, car l'amitié est plus forte que tout, plus forte même que l'amour. Quand Yeon-doo se rend à l'étranger pour être opérée du cœur, Bo-ra promet de surveiller le premier amour de son amie et de lui raconter tous ses faits et gestes.",119,0,119,"Romance, Drame",ko,"",https://image.tmdb.org/t/p/w500/rSNtRQpCsDckczokmynAcVAt4Fm.jpg,https://image.tmdb.org/t/p/w1280/37y53Jt8K6MvN6s4zJVFa61luO2.jpg,Romance
812,Aladdin,1992-11-25,10.3684,7.7,"Aladdin, un jeune orphelin chapardeur, fait équipe avec Jasmine, une princesse astucieuse et sure d’elle, pour empêcher le sorcier maléfique Jafar de s’emparer du royaume. En chemin, il prend confiance en lui grâce à un génie métamorphe facétieux, dont les trois souhaits peuvent tout changer.",28000000,504050219,90,"Animation, Familial, Aventure, Fantastique, Romance",en,http://movies.disney.com/aladdin,https://image.tmdb.org/t/p/w500/7Hf6Y7WRRRVDBHn5lJghcXXp4DT.jpg,https://image.tmdb.org/t/p/w1280/nenJjvfe2Eq8uBMXFJnWj5mw4bi.jpg,Romance
50546,Le Mytho,2011-02-10,10.9853,6.704,"Pour rester libre et éviter toute forme d’engagement, Danny a toujours prétendu être marié. Mais voilà qu’il tombe amoureux… Désirant se libérer de ce mensonge devenu trop encombrant, il demande à sa fidèle assistante, Katherine, de se faire passer pour son ex-femme. Le problème, c’est qu’à force d’empiler les bobards, Danny ne va pas pouvoir se contenter d’en rester là, et ce sont bientôt les enfants de son assistante qui se retrouvent à faire semblant d’être les siens…L’engrenage infernal est lancé et la situation va vite devenir intenable, d’autant que tout ce petit monde se retrouve pour un week-end mouvementé à Hawaï…",80000000,214945591,111,"Comédie, Romance",en,"",https://image.tmdb.org/t/p/w500/rZxtqAKfOUMchFlhViM03vSxiQX.jpg,https://image.tmdb.org/t/p/w1280/aitUECW88Rve2mprcvwVchToE8A.jpg,Romance
1549517,Balahibong Pusa,2025-11-28,8.6438,0.0,"",0,0,0,"Drame, Romance",tl,"",https://image.tmdb.org/t/p/w500/j9amexVtF5RKMtCI1jek1VdvMod.jpg,https://image.tmdb.org/t/p/w1280/qonCHPpgjglhq5g7b6lPNHFnByu.jpg,Romance
93685,Swingers,2002-10-01,9.2734,5.821,"",0,0,93,"Romance, Drame",nl,http://www.brennfilm.com/swingers.html,https://image.tmdb.org/t/p/w500/vsctdCbDHApN003Fs3QzJB8Nl9B.jpg,https://image.tmdb.org/t/p/w1280/8B8mdhvEy6mnu1whpLbd6ASoOOl.jpg,Romance
1287141,Pillion,2025-10-31,7.886,7.0,"Colin, un jeune homme sans histoire, rencontre Ray, le leader charismatique d'un club de motards. Il l'introduit dans sa communauté queer et fait de Colin son soumis.",0,0,103,"Romance, Drame, Comédie",en,"",https://image.tmdb.org/t/p/w500/7YBq7kOFuvuuA8xNAfPgw8kKa0M.jpg,https://image.tmdb.org/t/p/w1280/vqC6OjfU73Hn1ZOA7Is9gfnNaof.jpg,Romance
97319,Cosas que hacen que la vida valga la pena,2004-11-26,8.1278,4.5,"",0,0,90,"Comédie, Drame, Romance",es,"",https://image.tmdb.org/t/p/w500/yewxqBZCWip3VZq1qGX5OSmLEYI.jpg,https://image.tmdb.org/t/p/w1280/wMjYE79A8Y5ujF3LXgpdL64Wcdg.jpg,Romance
930094,My Dear F***ing Prince,2023-07-27,8.0697,7.945,"Le fils de la présidente américaine, Alex Claremont-Diaz, est un beau parti. Cependant, il a une altercation avec son homologue royal britannique, le prince Henry, prise en photo par des paparazzis. Cette querelle remet en cause les relations diplomatiques anglo-américaines. Les deux familles organisent alors un rapprochement amical entre les deux jeunes hommes.",0,0,118,"Comédie, Romance",en,"",https://image.tmdb.org/t/p/w500/5OaYaunPjCbuqaSQ8KgDM01QMOr.jpg,https://image.tmdb.org/t/p/w1280/7QDWTqSGqI2Q5dOBtvT64MOhmwJ.jpg,Romance
2105,American Pie,1999-07-09,9.3608,6.598,"Mortifié pour avoir été surpris par ses parents devant un film X, Jim, élève de terminale, fait un pacte avec sa bande de copains : devenir des hommes avant l'entrée à la fac. Il leur reste trois semaines pour utiliser toutes les techniques possibles de séduction. Tous les moyens sont bons, même les plus inattendus, car chaque jour compte. Une chose est sûre, Jim ne regardera plus jamais une tarte aux pommes de la même façon !",11000000,235483004,95,"Comédie, Romance",en,"",https://image.tmdb.org/t/p/w500/OP7JhCmGQuDnm1TpPf2DtqCt7W.jpg,https://image.tmdb.org/t/p/w1280/cvH1gNIMRITdLzoWv1HNAbRyH3n.jpg,Romance
676,Pearl Harbor,2001-05-21,8.219,6.94,"Amis depuis la plus tendre enfance, Rafe McCawley et Danny Walker sont deux brillants pilotes de l'armée de l'air américaine. La Seconde Guerre mondiale a commencé, mais les États-Unis n'ont pas encore engagé les hostilités. Rafe succombe bientôt au charme d'Evelyn Johnson, une jeune infirmière. C'est le coup de foudre. Mais ce dernier part combattre aux côtés des Britanniques. Evelyn et Danny sont, quant à eux, transférés sur la base américaine de Pearl Harbor. La paisible existence de ces deux jeunes gens bascule lorsqu'ils apprennent la mort de Rafe. Evelyn partage son chagrin avec Danny et un amour naît de leurs confidences. Rafe est pourtant vivant. En cette journée du 7 décembre 1941, les retrouvailles et les explications vont devoir être reportées à plus tard : au même moment, près de 200 bombardiers japonais surgissent dans le ciel de Hawaï pour une attaque surprise.",140000000,449220945,178,"Guerre, Romance, Histoire, Action",en,"",https://image.tmdb.org/t/p/w500/3oae9FJMWfvobqbl0CvXqqCftvU.jpg,https://image.tmdb.org/t/p/w1280/obyCUbpZvMTizOqYWHqkTFgfvnf.jpg,Romance
398818,Call Me by Your Name,2017-07-28,9.3827,8.1,"Été 1983. Elio Perlman, 17 ans, passe ses vacances dans la villa du XVIIe siècle que possède sa famille en Italie, à jouer de la musique classique, à lire et à flirter avec son amie Marzia. Son père, éminent professeur, et sa mère, traductrice, lui ont donné une excellente éducation. Un jour, Oliver, un séduisant Américain qui prépare son doctorat, vient travailler auprès du père d'Elio. Elio et Oliver vont bientôt découvrir l'éveil du désir...",3500000,43143046,131,"Romance, Drame",en,"",https://image.tmdb.org/t/p/w500/mLXvHMUiob0fgT4G6RazE6X7SY0.jpg,https://image.tmdb.org/t/p/w1280/zvOJawrnmgK0sL293mOXOdLvTXQ.jpg,Romance
42121,Tendre bonheur,1983-03-04,8.155,6.7,"Robert Duvall est Mac Sledge, chanteur de country down and out. Sa lutte pour la gloire est terminée. Son combat pour le respect ne faisait que commencer.",4500000,8400000,92,"Drame, Musique, Romance",en,"",https://image.tmdb.org/t/p/w500/fBP6uK0K4EnV8dtt4SJQrMdX0wb.jpg,https://image.tmdb.org/t/p/w1280/hPIcRAdwsIb3UhHJ3RuyCcDL4qK.jpg,Romance
4584,Raison et Sentiments,1995-12-13,10.0054,7.4,"En Angleterre, au début du XIXe siècle. À sa mort, monsieur Dashwood laisse son épouse et ses trois filles dépourvues de tout bien. Chassées de leur maison par le fils aîné, un être grossier entièrement dominé par son acariâtre épouse, les quatre femmes doivent se résoudre à demander asile à une cousine éloignée. Avant de partir, Elinor, l'aînée des filles, la plus vertueuse, a le temps de s'éprendre du frère de sa belle-sœur, le charmant mais bafouillant Edward. Marianne, la cadette, déjoue les plans de son envahissante cousine. Plutôt que de s'éprendre du colonel Brandon, un riche célibataire des environs, elle s'enflamme pour le séduisant Willoughby...",16000000,134582776,136,"Drame, Romance",en,"",https://image.tmdb.org/t/p/w500/sDN7yTEpCXdXn4zrPKoSIU248Ox.jpg,https://image.tmdb.org/t/p/w1280/mZfkW31Y9a8DvISpO9nj5Tc7neo.jpg,Romance
10591,Girl Next Door,2004-04-09,8.7175,6.737,"Matthew, 18 ans, est un étudiant modèle qui n'a jamais vraiment vécu sa vie, jusqu'au jour où il tombe sur sa nouvelle voisine, la magnifique et apparemment innocente Danielle. Quand Matthew découvre que cette voisine idéale est une ex-star de films X, il va commencer à perdre le contrôle de sa paisible existence...",21000000,31635150,110,"Comédie, Romance",en,"",https://image.tmdb.org/t/p/w500/9at6dD9E3YSRHp4wVHQSi8N6hdM.jpg,https://image.tmdb.org/t/p/w1280/qvcOovScPoRalRxDy50rYSYFree.jpg,Romance
122906,Il était Temps,2013-09-04,7.9406,7.9,"À 21 ans révolus, Tim Lake découvre qu'il a le pouvoir de voyager dans le temps... Au lendemain d'un réveillon de jour de l'an encore décevant, le père de Tim révèle à son fils que tous les hommes de la famille ont, depuis toujours, la faculté de voyager dans le temps. Tim ne peut pas changer le cours de l'histoire mais il peut changer ce qui se passe et s'est passé dans sa vie. Il décide d'améliorer son existence... en se trouvant une petite amie.",12000000,87100449,123,"Drame, Romance, Fantastique",en,"",https://image.tmdb.org/t/p/w500/eoOvm8cUtjxmfHX6i6a3maEhjCj.jpg,https://image.tmdb.org/t/p/w1280/fzZmcKQv7ZTGIiPvocPhNs3wUyK.jpg,Romance
820525,After - Chapitre 5,2023-09-13,8.7367,6.894,"Hardin a du mal à aller de l'avant. En proie au syndrome de la page blanche et à la rupture brutale avec Tessa, Hardin se rend au Portugal à la recherche d'une femme à qui il a fait du tort dans le passé - et pour se retrouver lui-même. Dans l'espoir de reconquérir Tessa, il se rend compte qu'il doit changer ses habitudes avant de pouvoir prendre l'engagement ultime.",14000000,10644463,93,"Romance, Drame",en,"",https://image.tmdb.org/t/p/w500/dTokNCdBjiXMsNW84Lsj6JsmjRX.jpg,https://image.tmdb.org/t/p/w1280/j76bFSkkQxh66AqehhoqRljgeld.jpg,Romance
537915,After - Chapitre 1,2019-04-11,10.5997,7.113,"Depuis son plus jeune âge, Tessa était promise à un avenir tout tracé : une vie rangée, une brillante carrière, un mariage tranquille avec son fiancé de toujours. Jusqu’à sa rencontre avec Hardin à son arrivée à l’université. Grossier, provocateur, cruel, c’est le garçon le plus détestable qu’elle ait jamais croisé. Et pourtant, ce bad boy tatoué pourrait bien lui faire perdre tout contrôle…",14000000,69497587,105,"Romance, Drame",en,"",https://image.tmdb.org/t/p/w500/qYDYA3jkSagHKjeKFmBPveBvGvn.jpg,https://image.tmdb.org/t/p/w1280/997ToEZvF2Obp9zNZbY5ELVnmrW.jpg,Romance
868759,Ghosted,2023-04-18,8.5148,6.908,"Cole, un agriculteur sans histoire, tombe éperdument amoureux de la mystérieuse Sadie, mais découvre avec stupeur qu'elle est agent secret. Avant même un second rencard, Cole et Sadie vont être embarqués dans une aventure au-delà des frontières lors de laquelle ils vont devoir sauver le monde.",40000000,0,116,"Action, Comédie, Romance",en,https://tv.apple.com/fr/movie/umc.cmc.6nodv9rf3ltfk2ar3pfc8hced,https://image.tmdb.org/t/p/w500/tds2CSzH5tPAc9CbeUDRtSVzFhs.jpg,https://image.tmdb.org/t/p/w1280/pp3QUzMXfP7q0ocmE1b15FH6PQ6.jpg,Romance
224279,The Man in the Attic,1995-09-10,11.1134,4.357,"",0,0,90,"Téléfilm, Romance, Drame, Thriller",en,"",https://image.tmdb.org/t/p/w500/kRpIPeOGPnQwIygimdSSLGucg4D.jpg,"",Romance
1072790,Tout sauf toi,2023-12-21,8.5307,6.832,"Bea et Ben ont tout du couple parfait, mais après un premier rendez-vous idéal, un incident refroidit leur attirance réciproque jusqu'à leurs retrouvailles inattendues lors d'un mariage en Australie. Ils font alors ce que n'importe quel adulte mature ferait dans cette situation : prétendre être en couple.",25000000,214891370,103,"Romance, Comédie",en,"",https://image.tmdb.org/t/p/w500/41Dg2A3EsS3mAjeqVH1c2EdeGU3.jpg,https://image.tmdb.org/t/p/w1280/j9eOeLlTGoHoM8BNUJVNyWmIvCi.jpg,Romance
746036,The Fall Guy,2024-04-24,9.2419,6.981,"Après avoir quitté le métier un an plus tôt, Colt Seavers, cascadeur, reprend du service lorsque la vedette d'un grand film de studio disparaît soudainement. Alors que le mystère autour de l'acteur disparu s'épaissit, Colt se retrouve bientôt pris au piège d'un sinistre complot qui le pousse au bord d'une chute plus dangereuse que n'importe quelle cascade.",125000000,181073291,127,"Action, Comédie, Romance",en,"",https://image.tmdb.org/t/p/w500/4ImqV3s7SkdcgnuoZ6yKBfDV7wW.jpg,https://image.tmdb.org/t/p/w1280/H5HjE7Xb9N09rbWn1zBfxgI8uz.jpg,Romance
1017633,À la conquête de Billy Walsh,2024-04-04,13.4729,6.388,"Archie et Amélia, meilleurs amis d'enfance sont amoureux, mais malheureusement, pas l'un de l'autre. Archie aime Amélia, mais elle n'a d'yeux que pour Billy Walsh, un nouvel élève. Au lieu de lui avouer son amour, Archie s'emploie à aider son amie à conquérir le cœur du garçon de ses rêves : Super Billy Walsh !",0,0,98,"Romance, Comédie",en,"",https://image.tmdb.org/t/p/w500/sM7mcZRvi1psJpNzZLNpD04kSTG.jpg,https://image.tmdb.org/t/p/w1280/xHhDA63HYklr4FMdxAd05FqhhhF.jpg,Romance
399905,여자전쟁: 비열한 거래,2015-09-27,7.5708,5.727,"Le peintre Ha-rim est devenu aveugle à la suite d'un malheureux accident. Son épouse Sun-yeong cherche un donneur de cornée jusqu'à ce qu'elle rencontre Dae-geun, patient atteint d'un cancer en phase terminale. Ces deux-là font un marché surprenant et dangereux pour la cornée de Ha-rim.",0,0,110,"Drame, Romance",ko,"",https://image.tmdb.org/t/p/w500/2xUNRZwprvVwfx12WR1rRXoohSi.jpg,https://image.tmdb.org/t/p/w1280/OuOCZojaMAZOLIT3bkEcfDRmqF.jpg,Romance
1337411,Obsesyon,2025-07-04,8.1757,7.0,"",0,0,102,"Drame, Romance",tl,"",https://image.tmdb.org/t/p/w500/3zK2Xjpi3T0qdes5yqt2r4rLtgw.jpg,https://image.tmdb.org/t/p/w1280/3jV6krPbTWed7HI4sPmg2uUq6Uc.jpg,Romance
1379963,Dis-le moi tout bas,2025-12-11,8.6554,0.0,"Kamila Hamilton contrôlait tout… du moins, c’est ce qu’elle croyait. Ce n’était pas dans ses plans que les frères Di Bianco viennent bouleverser à nouveau son monde. Il y a sept ans, c’est Thiago qui lui avait donné son tout premier baiser. Et Taylor, celui qui l’avait toujours protégée. Le retour inattendu des deux frères plonge la vie apparemment parfaite de Kami dans le chaos.",0,0,0,"Romance, Drame",es,https://press.amazonmgmstudios.com/us/en/original-movies/dimelo-bajito,https://image.tmdb.org/t/p/w500/rqvtr7bEAQ6KL7c6873cBv8x45Q.jpg,https://image.tmdb.org/t/p/w1280/w0kz3oP6QJ1aqnX1QMgmv647MzN.jpg,Romance
1017066,Heaven in Hell,2023-02-10,7.3973,6.8,"",0,2318915,119,"Drame, Romance",pl,"",https://image.tmdb.org/t/p/w500/uMXzvOWa9gDHnRZpi72zey0ggec.jpg,https://image.tmdb.org/t/p/w1280/kZp27WIiHtrrvyQAJpy22UXNlkt.jpg,Romance
80880,ఆర్య,2004-05-07,7.5048,6.5,"",0,0,151,"Drame, Action, Romance",te,"",https://image.tmdb.org/t/p/w500/1RU7eOgierTfTiNNQUmd1h5iKFU.jpg,https://image.tmdb.org/t/p/w1280/peYtrlq7SgZdp3wp5CFHL8y7J56.jpg,Romance
997113,Hedda,2025-10-22,7.6867,5.198,"Hedda est déchirée entre la douleur d'un amour passé et l'étouffement silencieux de sa vie actuelle. Lors d'une nuit chargée, des désirs refoulés et des tensions cachées éclatent, entraînant Hedda et son entourage dans une spirale de manipulation, de passion et de trahison.",0,8393,107,"Drame, Thriller, Romance",en,"",https://image.tmdb.org/t/p/w500/ecflk7AZf0ij205yDswjlvdxlCO.jpg,https://image.tmdb.org/t/p/w1280/cKZcDKawR79igCgDMSXlpkn8hLR.jpg,Romance
387848,친구엄마,2015-11-12,9.1506,5.7,"",0,0,101,"Drame, Romance",ko,"",https://image.tmdb.org/t/p/w500/5JDVEZN0v3e9xMzZbZ92fC7HaQi.jpg,https://image.tmdb.org/t/p/w1280/78frwN1N9PeHQB0iXxlxbnAFL1L.jpg,Romance
27066,Le Voyeur,1994-01-27,7.4199,5.5,"Dans un collège de Rome , un professeur est en pleine dépression, Sylvia sa femme vient de le quitter pour un autre homme . Fausta la servante de son père va lui faire oublier rapidement ses déboires conjugaux ....",2700000,0,98,"Drame, Romance",it,"",https://image.tmdb.org/t/p/w500/4wVfp1uBAOYWXmxXZbDXfXQvJ83.jpg,https://image.tmdb.org/t/p/w1280/rE9ze3zdhZE8492KPDXiCergZl0.jpg,Romance
297597,A Housewife Named Candy,2006-09-19,6.1695,1.667,"Nora et Candy ont grandi avec des modes de vie très différents. Candy est une fêtarde tandis que Nora est maintenant une femme au foyer dévouée. Lorsque Candy décide d'échanger son style de vie avec celui de Nora pour une journée, les fantasmes de chacun se réalisent alors que les dames profitent d'une nuit érotique en tant que femmes au foyer sexy avec de nouveaux maris.",0,0,99,Romance,en,"",https://image.tmdb.org/t/p/w500/8ITs6ehhPnuEB9A3QyvCWi5NXhC.jpg,"",Romance
843527,L'Idée d'être avec toi,2024-05-02,9.8636,7.3,"Solène, une mère célibataire de 40 ans qui vit une idylle inattendue avec Hayes Campbell, 24 ans, le chanteur d'August Moon, le boys band le plus populaire de la planète.",0,36178,116,"Romance, Drame, Comédie",en,"",https://image.tmdb.org/t/p/w500/iOmCdAbadf5Y1lBQdA13cDw0ipB.jpg,https://image.tmdb.org/t/p/w1280/sI6uCeF8mUlZx22mFfHSi9W3XQ9.jpg,Romance
74292,Should've Put a Ring On It,2011-06-06,5.0218,7.0,"",100000,0,85,"Comédie, Romance",en,"",https://image.tmdb.org/t/p/w500/vWBdv0LJ4fb7Rvj4r8pNLBJ9KBL.jpg,https://image.tmdb.org/t/p/w1280/fvqWn8NElL6Ev2vMqOyBJkQkOz0.jpg,Romance
893694,Eva,2021-12-24,7.7798,5.1,"Eva, récemment embauchée comme femme de ménage dans une banlieue riche des Philippines, fait la connaissance des employés du quartier et tout particulièrement d'un jeune homme qu'elle voit, tous les matins, lustrer le véhicule de son employeur. Alors qu'elle commence une relation avec lui, sa jeune et jolie patronne, qui enchaîne les aventures sans pudeur, hante ses nuits et ses fantasmes. Elle va finir par lui succomber...",0,0,95,"Drame, Romance",tl,"",https://image.tmdb.org/t/p/w500/3Fe75Lf6VT7wvYMK8YQhRusbJjc.jpg,https://image.tmdb.org/t/p/w1280/ougkufYSiruP8jrEHQanXN7DxRv.jpg,Romance
535809,Les Souliers de Noëlle,2018-11-25,7.8413,6.197,"Un soir de tempête, Noëlle Carpenter est enfermée dans le grand magasin où elle travaille. Elle y rencontre Charlie, une femme ange-gardien. Cette dernière, en lui offrant des chaussures, lui permet de changer le cours de sa vie : chaque paire lui permet de revivre un de ses trois derniers Noëls.",0,0,90,"Romance, Drame, Téléfilm, Fantastique",en,"",https://image.tmdb.org/t/p/w500/odHWWtiiG1tzozoIuHZmH3GuVmV.jpg,https://image.tmdb.org/t/p/w1280/rToVdkhRishbanfsw0QbTMAyA3T.jpg,Romance
1352755,Maintenance Required,2025-10-07,6.9678,5.911,"Charlie, patronne d'un garage 100 % féminin, doit revoir ses plans lorsqu'un concurrent tape-à-l'œil s'installe sur le trottoir d’en face. Cherchant du réconfort en ligne, elle se tourne vers un confident anonyme sans savoir qu'il s'agit de Beau, celui-là même qui menace son affaire. Tandis que fusent les étincelles en ligne et dans la vraie vie, la vérité risque de tout faire exploser.",0,0,102,"Romance, Comédie",en,https://www.primevideo.com/detail/0MXYDY9ZW9JL8NF3C0EX7DIG33,https://image.tmdb.org/t/p/w500/i1XoQ1FmZbKB8a36SAPPcprZyrG.jpg,https://image.tmdb.org/t/p/w1280/uxRCrEMJlfCILQhkcDuDpadkQC9.jpg,Romance
871530,"Es ist nur eine Phase, Hase",2021-10-14,9.5208,6.227,"",0,0,105,"Comédie, Drame, Romance",de,"",https://image.tmdb.org/t/p/w500/uXLG5c40erI4hYWOI8sERXb5PFL.jpg,https://image.tmdb.org/t/p/w1280/vFl72Xze8UVndQN0wHNyOoxxPak.jpg,Romance
114,Pretty Woman,1990-03-23,8.094,7.46,"Quand Edward Lewis, businessman de talent, s’offre les services de la belle Vivian, beauté fatale qui arpente chaque nuit les trottoirs d’Hollywood Boulevard, il décide par amusement de l’engager, de lui faire découvrir son style de vie, de la couvrir de cadeaux. Ils vivent ainsi quelque temps, jusqu’au jour où ils découvrent tous deux qu’ils ne peuvent plus se séparer…",14000000,463406268,119,"Romance, Comédie",en,"",https://image.tmdb.org/t/p/w500/apTFre4duDr92xJgsAts55OeHs1.jpg,https://image.tmdb.org/t/p/w1280/sGEqHTylawwS6hwKultk1mKUjdB.jpg,Romance
621,Grease,1978-06-16,9.6576,7.373,"Au cours d’un bel été en Californie, Sandy, une jeune fille sage de bonne famille, et Danny Zuko, un chef de gang métalleux, tombent amoureux. Obligés de se séparer, ils découvriront contre toute attente à la rentrée qu’ils sont dans le même lycée… pourront-ils raviver leur romance en dépit de leurs différences ?",6000000,396271103,110,"Romance, Comédie",en,"",https://image.tmdb.org/t/p/w500/eaRVdZWk1rSFT4eDaRnUFR7I7xZ.jpg,https://image.tmdb.org/t/p/w1280/pdhDFmVQSA0f5i5IL0gpWROjgZ5.jpg,Romance
661935,"Les choses qu'on dit, les choses qu'on fait",2020-09-16,6.702,6.3,"Daphné, enceinte de trois mois, est en vacances à la campagne avec son compagnon François. Il doit s’absenter pour son travail et elle se retrouve seule pour accueillir Maxime, son cousin qu’elle n’avait jamais rencontré. Pendant quatre jours, tandis qu'ils attendent le retour de François, Daphné et Maxime font petit à petit connaissance et se confient des récits de plus en plus intimes sur leurs histoires d'amour présentes et passées...",0,0,122,"Drame, Romance",fr,http://distrib.pyramidefilms.com/pyramide-distribution-catalogue/les-choses-qu-on-dit-les-choses-qu-on-fait.html,https://image.tmdb.org/t/p/w500/eyTU3MIWsN3KhlGBAPP9lrer5nV.jpg,https://image.tmdb.org/t/p/w1280/lB4BOSe6Nt6u3KnkVGcQbnHGiLr.jpg,Romance
2280,Big,1988-06-03,8.9379,7.179,"Josh Baskin fait le vœu de grandir. Le lendemain il se réveille avec le corps d'un adulte alors qu'à l'intérieur, il est encore un enfant. Travail, argent, amour, il se retrouve vite confronté au monde adulte.",18000000,151927281,104,"Fantastique, Drame, Comédie, Romance, Familial",en,"",https://image.tmdb.org/t/p/w500/dBuSKD60sCtLEOFH4P706h46fCu.jpg,https://image.tmdb.org/t/p/w1280/bi9ihIMB9DoXs7odkS5oKkHoK2o.jpg,Romance
1339658,On s'attache ?,2025-07-25,6.9856,6.247,"Iris et Isaac passent leur premier week-end en tant que couple. Cependant, Isaac semble découvrir l'officialisation de leur relation. Convaincue qu'il est l'homme idéal et tout simplement dans le déni, Iris sombre peu à peu dans l'obsession. Prête à tout pour lui prouver qu'ils sont faits l'un pour l'autre, Iris décide de l'attacher et de ne plus le laisser partir !",0,2086515,95,"Romance, Comédie, Thriller",en,"",https://image.tmdb.org/t/p/w500/ejWwSr1h5YoLafutZxGeBCnShlK.jpg,https://image.tmdb.org/t/p/w1280/1YeNl4OexgoTqCbwXEYg4ujZmYt.jpg,Romance
11220,Les Anges déchus,1995-09-06,8.8935,7.7,"À Hong Kong, un tueur à gages désillusionné s'apprête à remplir son dernier contrat, mais il doit d'abord surmonter l'affection de sa partenaire, qu'il voit rarement. Dans une errance nocturne sordide et surréaliste, il croise le chemin d'une fille excentrique et d'un muet qui essaie sans arrêt d'attirer l'attention sur lui.",0,0,97,"Action, Romance, Crime",cn,"",https://image.tmdb.org/t/p/w500/tPbdSWO4WK8W0fl8vMONlgUPsDQ.jpg,https://image.tmdb.org/t/p/w1280/v4FepSc09TsRy2fQtUg6vvzrTq0.jpg,Romance
27,9 Songs,2004-07-16,7.8097,5.556,"À Londres, durant l'automne 2003. Lisa, une étudiante américaine, rencontre l'anglais Matt lors d'un concert de Black Rebel Motorcycle Club à la Brixton Academy. C'est le coup de foudre immédiat, le point de départ d'une histoire d'amour sensuelle, charnelle. Une histoire passionnée qui durera un an et se conclura pourtant par une rupture sans appel.",1000000,1574623,69,"Drame, Musique, Romance",en,"",https://image.tmdb.org/t/p/w500/zVXTY9fkm6ChzItEMxbzCM4Q2Pg.jpg,https://image.tmdb.org/t/p/w1280/qU7tNIMpRqkizIObXfkJY3haTqh.jpg,Romance
762975,Nos cœurs meurtris,2022-07-29,6.9251,8.057,"Malgré tout ce qui les sépare, Cassie, qui aspire à devenir chanteuse, et Luke, un marine marqué par la vie, décident de se marier pour bénéficier des avantages accordés aux militaires et à leurs épouses. Mais lorsque la tragédie les frappe, la frontière entre le vrai et le faux s'estompe peu à peu.",0,0,122,"Romance, Drame",en,https://www.netflix.com/title/81043665,https://image.tmdb.org/t/p/w500/byLPCHeM57kJ3GMx6IZJMNiOUEf.jpg,https://image.tmdb.org/t/p/w1280/jdZM1Gs6DtRGvosgqaXRrIkvYX7.jpg,Romance
527641,À deux mètres de toi,2019-03-14,7.4895,8.226,"Stella Grant, dix-sept ans, est atteinte par la fibrose kystique. Elle a passé une grande partie de sa vie entre les quatres murs de sa chambre d'hôpital. C'est dans ce contexte, qu'elle tombe amoureuse de Will Newman, également atteint de la mucoviscidose. Leurs états de santé respectifs les empêchent de s'approcher trop près l'un de l'autre. De plus, Stella doit tenter de raisonner son amoureux qui ne veut plus prendre ses traitements médicaux.",7000000,92600000,116,"Romance, Drame",en,"",https://image.tmdb.org/t/p/w500/c71h4tvMrhUK9jENJrOJm5IRuNF.jpg,https://image.tmdb.org/t/p/w1280/27ZkYMWynuK2qiDP6awc3MsCaOs.jpg,Romance
1497447,Assalamualaikum Baitullah,2025-07-17,6.4265,5.0,"",0,0,101,"Drame, Romance",id,"",https://image.tmdb.org/t/p/w500/9CcoGiWNxOKDxc1L0NmyytjHPdH.jpg,https://image.tmdb.org/t/p/w1280/dkjhbvA9eVtDeqYHKVFCCD4CRMI.jpg,Romance
1312946,La carte qui mène jusqu'à toi,2025-08-19,7.6835,6.574,"Heather, une jeune femme voyageant en Europe avec ses amies avant de commencer sa vie planifiée. Sa rencontre avec Jack déclenche une romance inattendue, la menant à une découverte émotionnelle profonde. Entre secrets et choix de vie, leur relation est mise à l'épreuve, et son destin change à jamais.",0,0,96,"Romance, Drame",en,https://www.primevideo.com/detail/0FQ3FRT54P5UTYEE2JNMN6KOEA,https://image.tmdb.org/t/p/w500/kE22Dv1rrF8VmbY6RwfFNfk2Z8J.jpg,https://image.tmdb.org/t/p/w1280/5QKddKk1qEe8CwWYpklmKq68uyo.jpg,Romance
5879,L'Empire des sens,1976-09-15,8.2269,6.6,"Ancienne geisha, Sada sert désormais comme servante dans une auberge de Tokyo. Elle attire bientôt l’attention de Kichi, le mari de la patronne, et devient sa maîtresse. Le couple va éprouver l’un pour l’autre un désir jamais connu jusque-là, qui les conduira à s’extraire de la vie réelle…",0,0,102,"Drame, Romance",ja,"",https://image.tmdb.org/t/p/w500/gODLuBdZUsYDgnyRk2sADkeSf6V.jpg,https://image.tmdb.org/t/p/w1280/g3L6tOvJIRWSkxnhmoEW1SKEvW3.jpg,Romance
829560,365 jours : L'Année d'après,2022-08-18,7.9598,6.388,"Déchirée entre un dangereux parrain de la mafia et son séduisant rival, une femme doit choisir : sauver son mariage ou succomber à ses fantasmes les plus osés.",0,0,111,"Romance, Drame",pl,https://www.netflix.com/fr/title/81397579,https://image.tmdb.org/t/p/w500/l1zNJLtkUIWuYFuSEcybms3v1bu.jpg,https://image.tmdb.org/t/p/w1280/6cpRpfD3isvluFwXDGSiDVyibPJ.jpg,Romance
1104171,Le Rendez-vous de Noël,2024-11-05,7.5309,6.363,"Prête à tout afin de renouer avec l'homme de ses rêves, Layla traverse New York à la recherche d'un billet pour un concert à guichets fermés des Pentatonix, un soir de Noël.",0,0,105,"Romance, Comédie",en,https://www.netflix.com/fr/title/81392060,https://image.tmdb.org/t/p/w500/o5ln94k3tqj5akGmClLJcVe8UJQ.jpg,https://image.tmdb.org/t/p/w1280/8jujdLr4OAQoWGgfNmaE4RR0mqb.jpg,Romance
713607,엄마친구 2020,2020-06-05,7.9338,2.5,"",0,0,61,Romance,ko,"",https://image.tmdb.org/t/p/w500/ajBTNjytyQdSRywpIrd78ivppyS.jpg,https://image.tmdb.org/t/p/w1280/ovGDkjvZPTMVu3WEwAEtS9K005y.jpg,Romance
61979,Twilight Love - 3 mètres au-dessus du ciel,2010-12-03,10.0294,7.724,"Hugo est un jeune homme rebelle et inconscient. Constamment à la recherche d’adrénaline, il erre avec sa moto et participe à des courses illégales. Babi est une jeune fille de 17 ans commençant à peine sa vie d'adolescente. Alors que tout les oppose, Hugo et Babi tombent amoureux...",0,0,118,"Romance, Drame",es,"",https://image.tmdb.org/t/p/w500/eKJuMcZVtZFpfhScMcHMtZamttG.jpg,https://image.tmdb.org/t/p/w1280/2Mq10FWFbxoYgsZysWlw7T9wSNe.jpg,Romance
420817,Aladdin,2019-05-22,9.0138,7.092,"Quand un charmant garçon des rues du nom d’Aladdin cherche à conquérir le cœur de la belle, énigmatique et fougueuse princesse Jasmine, il fait appel au tout puissant Génie, le seul qui puisse lui permettre de réaliser trois vœux, dont celui de devenir le prince Ali pour mieux accéder au palais…",183000000,1097831681,128,"Aventure, Fantastique, Romance, Familial",en,"",https://image.tmdb.org/t/p/w500/1Z0gk73JuDSZyG04lSudR9zxyjr.jpg,https://image.tmdb.org/t/p/w1280/yJyZRrXaYUjhOrJGga8awbw4Rud.jpg,Romance
1241921,A Big Bold Beautiful Journey,2025-09-17,8.1333,6.277,"Sarah et David, deux célibataires inconnus, se rencontrent au mariage d'un ami commun et, par un surprenant coup du sort, se retrouvent embarqués dans un voyage grandiose et audacieux : une aventure drôle, fantastique et palpitante où ils revivent des moments importants de leur passé respectif, éclairant leur cheminement vers le présent et ayant peut-être la chance de changer leur avenir.",45000000,20171082,109,"Romance, Fantastique, Drame",en,"",https://image.tmdb.org/t/p/w500/aGos7bGTuC2qM15FnTcxovYs2kf.jpg,https://image.tmdb.org/t/p/w1280/2ha0wAOqrUcLScStWQcgeOOXapQ.jpg,Romance
102651,Maléfique,2014-05-28,9.5875,7.1,"Maléfique est une belle jeune femme au cœur pur qui mène une vie idyllique au sein d’une paisible forêt dans un royaume où règnent le bonheur et l’harmonie. Un jour, une armée d’envahisseurs menace les frontières du pays et Maléfique, n’écoutant que son courage, s’élève en féroce protectrice de cette terre. Dans cette lutte acharnée, une personne en qui elle avait foi va la trahir, déclenchant en elle une souffrance à nulle autre pareille qui va petit à petit transformer son cœur pur en un cœur de pierre. Bien décidée à se venger, elle s’engage dans une bataille épique avec le successeur du roi, jetant une terrible malédiction sur sa fille qui vient de naître, Aurore. Mais lorsque l’enfant grandit, Maléfique se rend compte que la petite princesse détient la clé de la paix du royaume, et peut‐être aussi celle de sa propre rédemption…",180000000,758539785,97,"Fantastique, Aventure, Action, Familial, Romance",en,"",https://image.tmdb.org/t/p/w500/v1ggksl61yDoTL3WqqUyoKhN6TH.jpg,https://image.tmdb.org/t/p/w1280/4hfcpHmMEgmFTdnVx4XCtM6dgCG.jpg,Romance
192558,Aashiqui 2,2013-04-26,7.3051,6.799,Le film narre l’histoire de Rahul (Aditya Kapoor) chanteur talentueux qui connaît le succès mais a des problèmes d’alcool et de drogue. Sa rencontre avec Arohi (Shraddha Kapoor) change sa vie.,1300000,16000000,132,"Drame, Romance",hi,"",https://image.tmdb.org/t/p/w500/lMblq8xcQIRRIVdaMg1XC283gU0.jpg,https://image.tmdb.org/t/p/w1280/cpMszrx8BFVfmq3ZBrL6RVQvO2V.jpg,Romance
305085,Stories on Human Rights,2008-10-23,8.8298,2.2,Vingt courts métrages sur les droits de l'homme.,0,0,70,"Romance, Drame, Comédie, Documentaire, Musique",ru,"",https://image.tmdb.org/t/p/w500/64pPk3hhTIlu5oKpDOOxvTUeyOa.jpg,"",Romance
144069,La bonne,1986-04-17,7.1313,5.167,"Le film se passe à Vicence, en 1956. Anna est la femme de Giacomo, impliqué dans la politique locale au conseil municipal. Dans la pratique, elle reste à la maison pour s'occuper de sa belle-mère. Petit à petit, elle apprend à mieux connaître Angela, la bonne, que pour rompre la monotonie des jours de la province, la pousse à des confidences qui débouchent rapidement sur des jeux érotiques toujours plus poussés, causant la mort accidentelle de la belle-mère. Finalement, à l'instigation d'Angela, le tout abouti à un « ménage à trois » avec le pharmacien Mario.",0,0,82,"Drame, Romance",it,"",https://image.tmdb.org/t/p/w500/s9pXocmKhkvLazafoL0oUGIn3Me.jpg,https://image.tmdb.org/t/p/w1280/p2bq3g5YfkWIKCjV5i289brZsJR.jpg,Romance
18240,La Proposition,2009-06-02,8.1251,7.151,"Une patronne exigeante est forcée de quitter les États-Unis pour retourner dans son pays d'origine : le Canada. Elle accepte par la force des choses de contracter un mariage blanc avec son jeune assistant, dans le but de ne pas partir.",40000000,317400000,107,"Comédie, Romance, Drame",en,"",https://image.tmdb.org/t/p/w500/kwrYf9ZQ4hS8SzYMumEbvDwv1E6.jpg,https://image.tmdb.org/t/p/w1280/ojgXOhVi9Yk8irDpRfDkIzdD1LK.jpg,Romance
753342,Napoléon,2023-11-22,7.8334,6.318,"Un regard personnel sur les origines du chef militaire français et son ascension rapide et impitoyable vers le statut d'empereur. L'histoire est vue à travers le prisme de la relation explosive et addictive de Napoléon avec sa femme et son grand amour, Joséphine.",165000000,220597098,158,"Histoire, Guerre, Romance",en,"",https://image.tmdb.org/t/p/w500/fXjADp7ObaE3hXKSgBhA2DheZow.jpg,https://image.tmdb.org/t/p/w1280/8dR0DXJ24BwWXRuMrFH1hbVLC5X.jpg,Romance
1289888,French Lover,2025-09-25,6.304,6.027,"Lorsqu'un acteur célèbre rencontre une serveuse malchanceuse à Paris, une histoire d'amour inattendue prend vie. Résistera-t-elle sous le feu des projecteurs ?",0,0,122,"Romance, Comédie",fr,https://www.netflix.com/fr/title/81776269,https://image.tmdb.org/t/p/w500/eMGi1vZiI0CeRsn8UMa147PaVCa.jpg,https://image.tmdb.org/t/p/w1280/p4OIGFfVo3vbROMD1evVF0u14Rf.jpg,Romance
11224,Cendrillon,1950-02-22,8.6234,7.0,"D’un coup de baguette magique, la fée Marraine transforme les haillons de Cendrillon en robe féérique et, dans une citrouille changée en carrosse, l’envoie au bal. Mais le charme se rompt à minuit. Les souris, Jaq et Gus, et une pantoufle de vair contribueront au dénouement d'un conte de fées des plus mémorables.",2900000,263600000,74,"Familial, Fantastique, Animation, Romance",en,http://movies.disney.com/cinderella-1950,https://image.tmdb.org/t/p/w500/nqSJwBdvG89uHRpDDdaAy5YhogZ.jpg,https://image.tmdb.org/t/p/w1280/puJKgNcWaGgMk5VHanSSomUTpmw.jpg,Romance
195757,The Ultimate Life,2013-09-06,7.7971,7.0,"Alors que tout s'écroule autour de lui, entre la gestion de la fondation que lui a légué son grand-père, la convoitise de sa famille, et le départ de sa petite-amie, Jason Stevens découvre le journal de son grand-père, et se laisse transporter par son histoire...",0,0,105,"Drame, Romance",en,"",https://image.tmdb.org/t/p/w500/sVBJDOgP9Kf6TiW1FFFO4TG6TIL.jpg,https://image.tmdb.org/t/p/w1280/kc7EqzuZVtwxCgmqjj1Lv5ISTsS.jpg,Romance
1492108,Kandungan,2025-07-22,6.305,6.7,"",0,0,71,"Romance, Drame",tl,"",https://image.tmdb.org/t/p/w500/5F5yEFbsVIygB1ztyuFZbf9lKhm.jpg,https://image.tmdb.org/t/p/w1280/uz49vsYeZkom3lhYmMiQHiuUYcw.jpg,Romance
672322,Kenshin : Le Commencement,2021-06-04,6.8402,7.667,"Avant de devenir protecteur, Kenshin était un redoutable assassin nommé Battosaï. Après sa rencontre avec l'affable Tomoe Yukishiro, tout commence à changer pour lui.",0,0,137,"Action, Aventure, Drame, Romance",ja,"",https://image.tmdb.org/t/p/w500/6z7yWpJLPoAh2EXNUOnm7EGx61y.jpg,https://image.tmdb.org/t/p/w1280/iGmfHHa3CSqKrH3yeS9CQVLAVUl.jpg,Romance
54548,Ma belle-fille est un homme,2009-11-03,6.4802,7.5,"Katharina habite un petit village de Bavière. Son fils Hans lui annonce qu'il va se marier avec Nicki. Elle n'apprend que plus tard que Nicki est un homme. Au village, les langues se délient, et le secret est découvert. Les anciens amis de Hans ne voient pas son mariage d'un bon oeil. Le seul soutien du jeune homme lui vient de son père...",0,0,94,"Romance, Comédie, Drame",de,"",https://image.tmdb.org/t/p/w500/4goKZxBs8LV5nPDJeUaLqgoeHM.jpg,https://image.tmdb.org/t/p/w1280/znQBesZz8oZfXTW3V5gS4w602IY.jpg,Romance
1196660,Haslers,2023-12-08,6.5752,4.0,"",0,0,108,"Drame, Romance, Thriller",tl,"",https://image.tmdb.org/t/p/w500/f9hYXMRAH9mTyfLINAmPupvFZLs.jpg,https://image.tmdb.org/t/p/w1280/rvUxEJgRfT6iMzhkQ4KTcxLpPIv.jpg,Romance
14709,American Boys,1999-01-15,4.8001,6.1,"C'est la catastrophe quand Lance Harbor, un des membres les plus doues des Coyotes, l'equipe de football de la ville de West Canaan, doit renoncer a finir la saison pour cause de blessure. L'equipe est contrainte de le remplacer par un joueur de niveau inferieur, Jonathan Moxon. Plus intellectuel et sensiblement moins motive que ses camarades, Mox se heurte a l'inflexible entraineur Kilmer qui lui reproche son indiscipline et sa desinvolture a l'approche d'une rencontre decisive pour l'equipe.",0,0,106,"Comédie, Drame, Romance",en,"",https://image.tmdb.org/t/p/w500/gjUquEExSujr3439UKaPu4Ls4EU.jpg,https://image.tmdb.org/t/p/w1280/rTlMsaE2MQ8NG2cs0bEkwVhMOrV.jpg,Romance
9820,À nous quatre,1998-07-28,7.4019,7.216,"Hallie et Annie se rencontrent dans un camp de vacances. Se découvrant une ressemblance physique troublante, les deux jeunes filles se rendent à l'évidence et découvrent avec surprise qu'elles sont… sœurs jumelles ! Leurs parents se sont séparés à leur naissance. L'une vit avec son père viticulteur en Californie, l'autre avec sa mère dans un quartier chic de Londres.",15000000,92108518,127,"Comédie, Familial, Romance",en,"",https://image.tmdb.org/t/p/w500/eXx8tt7JbxchSrc1d1EyRuVgH73.jpg,https://image.tmdb.org/t/p/w1280/y3zUOMWRoI2vC4ck2GBJyFWhzyA.jpg,Romance
412092,엄마친구 2,2016-09-01,7.8171,6.1,"",0,0,92,Romance,ko,"",https://image.tmdb.org/t/p/w500/mLlke4cd9R65FYqtMVUZ3h3Z2z9.jpg,https://image.tmdb.org/t/p/w1280/dhaHfxS7AVNG53xdHOfJO5hRQbW.jpg,Romance
297,Rencontre avec Joe Black,1998-11-12,8.0433,7.354,"Une nuit, le magnat William Parrish ressent une violente douleur tandis qu'une voix surgissant des ténèbres lui annonce sa mort prochaine. À ce moment-là, un jeune inconnu se présente à son domicile pour l'accompagner vers son dernier voyage. Ce messager de l'au-delà impose à Parrish de l'héberger chez lui afin de lui donner l'occasion de partager un temps les expériences, les joies, les émotions et les drames des vivants, qui semblent lui être étrangers. En l'espace de trois jours, Joe Black révèlera toute la famille Parrish à elle-même.",90000000,142940100,181,"Fantastique, Drame, Romance",en,"",https://image.tmdb.org/t/p/w500/5I66ZaHmUbZ9HgK34fFVeQPeAWP.jpg,https://image.tmdb.org/t/p/w1280/o67MmFburfckl6iPa4DVkranLi3.jpg,Romance
11970,Hercule,1997-06-13,7.2675,7.495,"Alors qu’il a été élevé parmi les mortels, Hercule, fils de Zeus, ne s’est jamais senti comme les autres. Il décide de partir à la recherche de ses origines. Mais pour revenir sur l’Olympe, il doit devenir un héros hors du commun et contrecarrer les plans du dieu des Enfers, Hadès, qui cherche à devenir le maître de tous les dieux.",85000000,252712101,91,"Animation, Familial, Fantastique, Aventure, Comédie, Romance",en,"",https://image.tmdb.org/t/p/w500/gW9FWgIPQo9swd8L9nWDbxTgFm8.jpg,https://image.tmdb.org/t/p/w1280/oG9dcGSSu13fjFp1Uly15ZXjRKV.jpg,Romance
90104,Cecilia,1983-05-18,7.0997,4.1,Cécilia est violée. Elle rentre et fait l'amour avec son mari. Elle avoue que le viol lui a redonné le goût de refaire l'amour avec lui.,0,0,127,"Drame, Romance",fr,"",https://image.tmdb.org/t/p/w500/8tLTCUHJW74tx1WFryOF8sk4DsX.jpg,https://image.tmdb.org/t/p/w1280/foLoldpYRgie4t64TTl60ijnYHr.jpg,Romance
19404,Dilwale Dulhania Le Jayenge,1995-10-20,7.9148,8.5,"Chaudhry Baldev Singh est un père de famille installé à Londres. Un jour, il reçoit une lettre d'Inde : son meilleur ami lui écrit, lui rappellant la promesse qu'il avait faite deux décennies auparavant de marier leurs enfants. Chaudhry décide alors de tenir sa promesse, mais donne toutefois un mois libre à sa fille tout avant qu'elle ne s'en aille en Inde se marier...",13200000,100000000,180,"Comédie, Drame, Romance",hi,"",https://image.tmdb.org/t/p/w500/2CAL2433ZeIihfX1Hb2139CX0pW.jpg,https://image.tmdb.org/t/p/w1280/zQDFHYNVVVp9OAYSixYAG1SyX1l.jpg,Romance
843,In the Mood for Love,2000-09-29,7.6821,8.093,"Hong Kong, 1962. M. et Mme Chow emménagent dans leur nouvel appartement le même jour que leurs voisins, M. et Mme Chan. Sans comprendre comment cela a commencé, Chow Mo-wan et Chan Li-zhen apprennent que leurs époux respectifs ont une liaison. Cette découverte les choque mais les rapproche. Ils se voient de plus en plus souvent mais le voisinage commence à s'en apercevoir. Il semble n'y avoir aucune possibilité pour eux de vivre une relation amoureuse. Mais la retenue, les réserves émotionnelles de Mme Chan hantent M. Chow, qui sent ses sentiments changer.",3000000,15867968,98,"Drame, Romance",cn,"",https://image.tmdb.org/t/p/w500/9iciwUJTFBbjnmwfgkg6jmt8zHa.jpg,https://image.tmdb.org/t/p/w1280/ffQFnAUm2Uu4RU0nijpjPRf9TBT.jpg,Romance
549053,Last Christmas,2019-11-07,7.5175,7.207,"Kate est une jeune femme abonnée aux mauvaises décisions. Sa dernière en date ? Celle d'avoir acceptée de travailler comme lutin du Père Noël pour un grand magasin. Pourtant, elle y fait la rencontre de Tom. Sa vie prend une nouvelle tournure. Pour Kate, cela semble même trop beau pour être vrai !",30000000,121600000,102,"Comédie, Romance",en,"",https://image.tmdb.org/t/p/w500/hRbg8VfgXP8jAe6rpvmz5GWBpSQ.jpg,https://image.tmdb.org/t/p/w1280/qIjyBgsMDbpeEO3CJx7vxVn4KO8.jpg,Romance
194,Le Fabuleux Destin d'Amélie Poulain,2001-04-25,8.117,7.913,"Amélie, une jeune serveuse dans un bar de Montmartre, passe son temps à observer les gens et à laisser son imagination divaguer. Elle s'est fixée un but : faire le bien de ceux qui l'entourent. Elle invente alors des stratagèmes pour intervenir incognito dans leur existence. Le chemin d'Amélie est jalonné de rencontres: Georgette, la buraliste hypocondriaque, Lucien, le commis d'épicerie, Madeleine Wallace, la concierge portée sur le porto et les chiens empaillés, ou encore Raymond Dufayel alias « l'homme de verre », son voisin qui ne vit qu'à travers une reproduction d'un tableau de Renoir. Cette quête du bonheur amène Amélie à faire la connaissance de Nino Quincampoix, un étrange « prince charmant ». Celui-ci partage son temps entre un train fantôme et un sex-shop, et cherche à identifier un inconnu dont la photo réapparaît sans cesse dans plusieurs cabines de photomaton.",10000000,173921954,120,"Comédie, Romance",fr,"",https://image.tmdb.org/t/p/w500/tdXtLG6L1QMwrv0MNdW6B9IwC8B.jpg,https://image.tmdb.org/t/p/w1280/6n53UI4mX9QMfe2S0Pgt8mGebY1.jpg,Romance
1371185,Sur un air de blues,2025-12-25,7.2525,0.0,"Deux musiciens fauchés redonnent vie à la musique de Neil Diamond en formant un groupe lui rendant hommage. Ensemble, ils prouvent qu’il n’est jamais trop tard pour suivre son cœur et accomplir ses rêves.",0,0,133,"Drame, Musique, Romance",en,"",https://image.tmdb.org/t/p/w500/t5rI5QhOm65YB3WIPxLPnpUpegr.jpg,https://image.tmdb.org/t/p/w1280/7PDe2oJu8BHsu9hJ02FjOXT20a1.jpg,Romance
50646,"Crazy, Stupid, Love",2011-07-29,7.4102,7.269,"À tout juste quarante ans, Cal Weaver mène une vie de rêve, bonne situation, belle maison, enfants formidables et mariage parfait avec sa petite amie du lycée. Mais lorsqu'il apprend que sa femme, Emily, le trompe et demande le divorce, sa vie « parfaite » s'écroule. Pire, dans le monde des célibataires d'aujourd'hui, Cal, qui n'a plus dragué depuis des lustres, se révèle un modèle d'anti-séduction. Passant désormais ses soirées à bouder tout seul au bar du coin, l'infortuné Cal est pris en main comme complice et protégé d'un séduisant trentenaire, Jacob Palmer. Pour l'aider à oublier sa femme et à commencer une nouvelle vie, Jacob tente de faire découvrir à Cal les nombreuses perspectives qui s'offrent à lui : femmes en quête d'aventures, soirées arrosées entre copains et un chic supérieur à la moyenne.",50000000,145079584,118,"Comédie, Drame, Romance",en,"",https://image.tmdb.org/t/p/w500/wYQ8LLOGoxqVtRTdKPmi1J59FWo.jpg,https://image.tmdb.org/t/p/w1280/vyrCniZsrXZAW08eECKIp1BMLPh.jpg,Romance
50619,"Twilight, chapitre 4 : Révélation, 1ère partie",2011-11-16,7.6573,6.193,"Bella et Edward Cullen sont unis par les liens du mariage et partent en lune de miel sur l’île d’Esmée. Le mariage consommé, Bella découvre qu’elle est enceinte. Décidée à rester humaine jusqu’à l’accouchement, la vie de Bella est mise en péril par son bébé, mi-humain mi-vampire. De retour à Forks, le couple doit faire face à cette grossesse hors norme et à l’hostilité qu’elle suscite : les Quilleutes sont sur le pied de guerre, prêts à affronter les Cullen et à tuer ce qu’ils considèrent comme une aberration. Alors que la trêve entre les vampires et les loups est menacée, Edward et Bella sont de nouveau confrontés à un choix…",110000000,712171856,112,"Aventure, Fantastique, Romance",en,"",https://image.tmdb.org/t/p/w500/cpzUbPXkt2qUFWJgloU9aMmUscz.jpg,https://image.tmdb.org/t/p/w1280/hBwDYiOPwXHuwiYGP82ekFNSeBr.jpg,Romance
39347,Hello Brother,1999-08-26,5.8851,5.6,"Après avoir reçu une greffe de cœur d'un homme tué, un policier est suivi partout par le fantôme de la victime qui ne trouvera le repos que quand sa mort sera vengée.",0,0,126,"Comédie, Romance",hi,"",https://image.tmdb.org/t/p/w500/edwYmD9YUs6gMPEkNOA78f28pwM.jpg,https://image.tmdb.org/t/p/w1280/8ereTTWeyH1JH4IZOUS8qJ4M5W6.jpg,Romance
711978,가슴 큰 울 엄마 2,2020-05-27,6.578,4.429,"",0,0,69,Romance,ko,"",https://image.tmdb.org/t/p/w500/3qotZafIXzrgq7SUmHsBY6onRcU.jpg,https://image.tmdb.org/t/p/w1280/vawcE8k02PmvrAgZE4BuwOcf6Hs.jpg,Romance
522924,Dans les yeux d'Enzo,2019-08-08,9.147,8.183,"Enzo n'est pas un chien comme les autres. Philosophe dans l'âme, il aime s'instruire devant la télévision et écouter attentivement les leçons de vie de son maître, Denny Swift, un pilote automobile. Aujourd'hui, Enzo se souvient de tout ce que sa famille et lui-même ont traversé au cours des années...",18000000,33800000,109,"Drame, Romance",en,"",https://image.tmdb.org/t/p/w500/2r2y16SUUm1NAJRWIFnnunKruv7.jpg,https://image.tmdb.org/t/p/w1280/96sS0woEzf0zFSWjHVblOhsBfGd.jpg,Romance
73764,Mes nuits sont plus belles que vos jours,1989-04-19,9.0449,6.0,"En phase terminale, Lucas, un génie de l'informatique, rencontre Blanche, une télépathe. Mariée, la jeune femme est quand même séduite par cet homme plus âgé. Lassés par leur routine quotidienne, les amants vivent une passion débordante la nuit. Grâce à cette relation, ils vont explorer leurs troubles du passé et apprendre à les surmonter ensemble. Pourtant, au grand regret de Blanche, cet amour ne peut être qu'éphémère car les jours de Lucas sont désormais comptés..",0,0,110,"Drame, Romance",fr,"",https://image.tmdb.org/t/p/w500/ybrHgmo4fOYEXxDcgyckS1SgqKj.jpg,https://image.tmdb.org/t/p/w1280/wXf4G2Urk0Vq42hD2w5mSmW47N8.jpg,Romance
478964,Liao zhai zhi yi xu ji,1967-08-17,9.0442,7.0,"",0,0,111,"Drame, Romance, Fantastique",zh,"",https://image.tmdb.org/t/p/w500/hitqnlqrOwPVQmbvFywpjLTyUyL.jpg,"",Romance
1104212,Bukannya Aku Tidak Mau Nikah,2023-05-11,9.0251,5.0,"",0,0,96,"Drame, Romance",id,"",https://image.tmdb.org/t/p/w500/s7z1cxT9fkWsNXbQG5u3UiGQ7JP.jpg,https://image.tmdb.org/t/p/w1280/zWe2HI94ZortCJD0HkVKWKsBZNR.jpg,Romance
262581,La storia di Lady Chatterley,1989-06-08,9.0103,3.6,"",0,0,87,"Drame, Romance",it,"",https://image.tmdb.org/t/p/w500/ihiutQFmAcToh2HCSV7TtOTM708.jpg,https://image.tmdb.org/t/p/w1280/jHgRja1VD7Mhz12jzxAmWHSXaiz.jpg,Romance
64678,Le Jour où je l'ai rencontrée,2011-06-17,9.0011,6.6,"George, un adolescent intelligent et solitaire est allé jusqu'en terminale, et ce malgré le fait qu'il n'ait jamais rendu un seul de ses devoirs. Il rencontre Sally, la reine de beauté de l'école qui cache sa mélancolie derrière le masque de la popularité. Un étrange lien va se nouer entre eux.",0,1406224,90,"Drame, Romance",en,"",https://image.tmdb.org/t/p/w500/EwoSsdh7m4quXjQG6UB3BhTRC3.jpg,https://image.tmdb.org/t/p/w1280/aOBIon675l54MET558A3m6xj6yY.jpg,Romance
874230,Time for Them to Come Home for Christmas,2021-11-27,8.9754,6.3,"",0,0,84,"Téléfilm, Comédie, Romance, Drame",en,"",https://image.tmdb.org/t/p/w500/oV5r8NlY2qJbttdoH0kVd3q2AnI.jpg,https://image.tmdb.org/t/p/w1280/9t0NtTrHxNYM2L8xmCLjmiIpAZe.jpg,Romance
84902,La Loi du coup de poing,1932-06-08,8.9721,4.6,"Tim Clark et Betty Owen ont maille à partir avec le gros propriétaire Robert Russell, qui veut mettre la main sur leurs ranches, par tous les moyens...",0,0,64,"Romance, Western",en,"",https://image.tmdb.org/t/p/w500/u2HAgDxqxY2NF9AJuHIRyFDaq93.jpg,https://image.tmdb.org/t/p/w1280/xNtPzD8Ty22c4msji7SSnggzl2D.jpg,Romance
628706,Socios para la aventura,1958-08-21,8.9275,4.5,"",0,0,0,"Aventure, Drame, Romance",es,"",https://image.tmdb.org/t/p/w500/eu7glamJ1NzZazGgNKUuqOTtBJu.jpg,"",Romance
12178,Miss Pettigrew,2008-03-07,8.917,6.774,"Angleterre, 1939. Sur un malentendu, Miss Pettigrew, ex-gouvernante à la rue, se voit propulsée dans un Londres aussi glamour que décadent, totalement indifférent à la guerre qui menace d'éclater. Entre défilés de mode, boutiques de luxe et clubs enfumés, c'est une journée inédite qui attend Miss Pettigrew, dont le destin basculera à jamais...",0,16724933,92,"Drame, Comédie, Romance",en,"",https://image.tmdb.org/t/p/w500/j1nxP4oTWvppkfM23R6mudcc6CJ.jpg,https://image.tmdb.org/t/p/w1280/aJGSoNe4sjCrYwUtIgkA3x05B43.jpg,Romance
1415211,Une enquête de Hannah Swensen : Gâteau à l'assassinat,2025-06-22,8.8831,7.273,"Quand la cliente de Hannah et rivale de théâtre de Delores est assassinée, Hannah doit trouver le coupable pour sauver la réputation de sa mère. Pendant ce temps, la romance entre Chad et Hannah s’épanouit.",0,0,84,"Romance, Comédie, Crime, Mystère, Téléfilm",en,"",https://image.tmdb.org/t/p/w500/mXvx3JgsqyXYpGS3hr4Up4jflnj.jpg,https://image.tmdb.org/t/p/w1280/3k2wquJPt2RqZYXmiOR2LKsiXHd.jpg,Romance
1383585,When Calls The Heart: New Year's Wish,2015-12-26,8.8539,0.0,"",0,0,85,"Drame, Histoire, Romance",en,"",https://image.tmdb.org/t/p/w500/4AV6aatp2laOR7xdeVdm9sN7aT3.jpg,"",Romance
23291,Victor dans tous ses états,2001-08-03,8.8526,5.2,"Après avoir décroché un emploi, Anna décide de s'installer en colocation en ville avec une amie. Viktor, son compagnon, se sent délaissé par sa bien-aimée, d'autant que les deux jeunes femmes sont voisines de Peter, l'ex-petit ami d'Anna. Viktor devient alors concierge dans l'immeuble de son amoureuse. Mais Viktor comprend bientôt que cette décision n'apporte aucune solution à ses problèmes...",0,0,90,"Comédie, Familial, Romance",da,"",https://image.tmdb.org/t/p/w500/po4IKDSQirQM1lfuko4QSRuAYuR.jpg,https://image.tmdb.org/t/p/w1280/jYMo1aUcnstsb2VxBWsIp8LoLFE.jpg,Romance
22682,How to Succeed in Business Without Really Trying,1967-03-09,8.8145,6.754,"Un ambitieux laveur de carreaux décide, après avoir lu un livre sur \"comment réussir dans les affaires\", décide de changer de carrière et d'appliquer les différentes méthodes du guide.",3500000,2500000,121,"Comédie, Romance",en,"",https://image.tmdb.org/t/p/w500/nxjgAm7fDMqUjbEbMKNYasEgAjB.jpg,https://image.tmdb.org/t/p/w1280/zq1lFZLyhv9S8ugUImIQWoOaZMU.jpg,Romance
755898,La Guerre des mondes,2025-07-29,142.8724,4.28,"Une invasion gargantuesque approche dans cette nouvelle interprétation du légendaire roman homonyme devenu un classique de la science-fiction. La célèbre Eva Longoria partage l'affiche avec le rappeur/acteur Ice Cube, Michael O'Neill et Iman Benson, dans une aventure extraordinaire abordant des thématiques actuelles telles que la technologie, la surveillance et la protection de la vie privée.",0,0,91,"Science-Fiction, Thriller",en,"",https://image.tmdb.org/t/p/w500/jnVnLfyA9MrBEsYx9vyq0e4dbLj.jpg,https://image.tmdb.org/t/p/w1280/iZLqwEwUViJdSkGVjePGhxYzbDb.jpg,Science-Fiction
83533,Avatar : De feu et de cendres,2025-12-17,79.6097,5.5,"Le troisième volet de la saga Avatar.  Après avoir exploré la forêt luxuriante dans Avatar 1 et les océans dans Avatar 2 : La Voie de l’Eau, Avatar 3 : Feu et Cendres s’aventurera dans des paysages volcaniques à couper le souffle. Le film introduira une nouvelle tribu Na’vi, surnommée le peuple des cendres, vivant à proximité d’un volcan actif. Ces Na’vi, bien plus belliqueux que les clans vus jusqu’à présent, représenteront un défi de taille pour Jake Sully et sa famille.  Selon James Cameron, cette tribu apportera une nouvelle dynamique à l’univers de Pandora, en incarnant une force conflictuelle influencée par un environnement extrême.",400000000,0,195,"Science-Fiction, Aventure, Fantastique",en,"",https://image.tmdb.org/t/p/w500/5BnOt0PRymp5mXuoKv1unQ9x8I8.jpg,https://image.tmdb.org/t/p/w1280/iN41Ccw4DctL8npfmYg1j5Tr1eb.jpg,Science-Fiction
701387,Bugonia,2025-10-23,75.4276,7.484,"Deux jeunes hommes obsédés par les théories du complot kidnappent la PDG d’une grande entreprise, convaincus qu’elle est une extraterrestre déterminée à détruire la planète Terre.",50000000,34817177,119,"Science-Fiction, Crime",en,https://www.universalpictures.fr/micro/bugonia,https://image.tmdb.org/t/p/w500/btKcDyCzPZO06OpySaAOcMFQKyA.jpg,https://image.tmdb.org/t/p/w1280/tN3pTxkQoP96wtaEahYuRVdUWb2.jpg,Science-Fiction
601,E.T. l'extra-terrestre,1982-06-11,25.899,7.51,"Une soucoupe volante atterrit en pleine nuit près de Los Angeles. Quelques extraterrestres, envoyés sur Terre en mission d’exploration botanique, sortent de l’engin, mais un des leurs s’aventure au-delà de la clairière où se trouve la navette. Celui-ci se dirige alors vers la ville. C’est sa première découverte de la civilisation humaine. Bientôt traquée par des militaires et abandonnée par les siens, cette petite créature apeurée se nommant E.T. se réfugie dans une résidence de banlieue. Elliot, un garçon de dix ans, le découvre et lui construit un abri dans son armoire. Rapprochés par un échange télépathique, les deux êtres ne tardent pas à devenir amis. Aidé par sa sœur Gertie et son frère aîné Michael, Elliot va alors tenter de garder la présence d'E.T. secrète.",10500000,797307407,115,"Science-Fiction, Aventure, Familial, Fantastique",en,"",https://image.tmdb.org/t/p/w500/5jl5sfhTeAlp60rM9GxoDA2dmX9.jpg,https://image.tmdb.org/t/p/w1280/mXLVA0YL6tcXi6SJSuAh9ONXFj5.jpg,Science-Fiction
438631,Dune : Première partie,2021-09-15,18.548,7.777,"L'histoire de Paul Atreides, jeune homme aussi doué que brillant, voué à connaître un destin hors du commun qui le dépasse totalement. Car, s'il veut préserver l'avenir de sa famille et de son peuple, il devra se rendre sur Dune, la planète la plus dangereuse de l'Univers. Mais aussi la seule à même de fournir la ressource la plus précieuse capable de décupler la puissance de l'Humanité. Tandis que des forces maléfiques se disputent le contrôle de cette planète, seuls ceux qui parviennent à dominer leur peur pourront survivre…",165000000,407573628,155,"Science-Fiction, Aventure",en,"",https://image.tmdb.org/t/p/w500/qpyaW4xUPeIiYA5ckg5zAZFHvsb.jpg,https://image.tmdb.org/t/p/w1280/wYMbnrdRCREjNLwFlG5SLWzBjui.jpg,Science-Fiction
242095,The Signal,2014-03-15,14.266,6.02,"Nick et Jonas sont étudiants en première année au MIT. Passionnés de piratage, ils ont déjà déjoué le système de sécurité du MIT. Quand ils décident de faire un road trip à travers le Sud‐Ouest des États‐Unis avec la petite amie de Nick, Hailey, leur trajet se trouve être détourné par un génie de l’informatique qui attire leur attention. Le trio se retrouve alors entraîné dans une zone étrangement isolée. Soudain, tout devient noir. Nick est devenu un captif, ils découvrent alors qu’ils font partie d’un complot hors normes.",4000000,2665322,97,"Thriller, Science-Fiction",en,"",https://image.tmdb.org/t/p/w500/pszNIvgVqCyHzdeIG6E0nb25g3D.jpg,https://image.tmdb.org/t/p/w1280/oxZh9qhkxfOczKmTang0j9a06Bx.jpg,Science-Fiction
20526,Tron : L'Héritage,2010-12-14,17.4681,6.531,"Sam Flynn, 27 ans, est le fils expert en technologie de Kevin Flynn. Cherchant à percer le mystère de la disparition de son père, il se retrouve aspiré dans ce même monde de programmes redoutables et de jeux mortels où vit son père depuis 25 ans. Avec la fidèle confidente de Kevin, père et fils s'engagent dans un voyage où la mort guette, à travers un cyber univers époustouflant visuellement, devenu plus avancé technologiquement et plus dangereux que jamais...",170000000,409912892,127,"Aventure, Action, Science-Fiction",en,"",https://image.tmdb.org/t/p/w500/vab8CIxaJ6DLE7u2tdLSm9nnGB9.jpg,https://image.tmdb.org/t/p/w1280/uUa6jgSr5BQpcBhhaz1PV1JhSa4.jpg,Science-Fiction
603,Matrix,1999-03-31,19.217,8.236,"Programmeur anonyme dans un service administratif le jour, Thomas Anderson devient Neo la nuit venue. Sous ce pseudonyme, il est l'un des pirates les plus recherchés du cyber‐espace. À cheval entre deux mondes, Neo est assailli par d'étranges songes et des messages cryptés provenant d'un certain Morpheus. Celui‐ci l'exhorte à aller au‐delà des apparences et à trouver la réponse à la question qui hante constamment ses pensées : qu'est‐ce que la Matrice ? Nul ne le sait, et aucun homme n'est encore parvenu à en percer les défenses. Mais Morpheus est persuadé que Neo est l'Élu, le libérateur mythique de l'humanité annoncé selon la prophétie. Ensemble, ils se lancent dans une lutte sans retour contre la Matrice et ses terribles agents…",63000000,463517383,135,"Action, Science-Fiction",en,"",https://image.tmdb.org/t/p/w500/pEoqbqtLc4CcwDUDqxmEDSWpWTZ.jpg,https://image.tmdb.org/t/p/w1280/tlm8UkiQsitc8rSuIAscQDCnP8d.jpg,Science-Fiction
315635,Spider-Man : Homecoming,2017-07-05,14.398,7.3,"Après ses spectaculaires débuts dans Captain America : Civil War, le jeune Peter Parker découvre peu à peu sa nouvelle identité, celle de Spider-Man, le super-héros lanceur de toile. Galvanisé par son expérience avec les Avengers, Peter rentre chez lui auprès de sa tante May, sous l’œil attentif de son nouveau mentor, Tony Stark. Il s’efforce de reprendre sa vie d’avant, mais au fond de lui, Peter rêve de se prouver qu’il est plus que le sympathique super héros du quartier. L’apparition d’un nouvel ennemi, le Vautour, va mettre en danger tout ce qui compte pour lui...",175000000,880166924,133,"Action, Aventure, Science-Fiction",en,"",https://image.tmdb.org/t/p/w500/77Z0g5fc1qWJ7SfHyeiHsMkYx5O.jpg,https://image.tmdb.org/t/p/w1280/fn4n6uOYcB6Uh89nbNPoU2w80RV.jpg,Science-Fiction
823464,Godzilla x Kong : Le Nouvel Empire,2024-03-27,16.0964,7.073,"Le surpuissant Kong et le redoutable Godzilla sont opposés à une force colossale terrée dans notre monde, qui menace leur existence et la nôtre. \"Godzilla x Kong : Le nouvel empire\" approfondit l'histoire de ces titans et leurs origines, ainsi que les mystères de Skull Island et au-delà, tout en levant le voile sur la bataille mythique qui a forgé ces êtres extraordinaires et les a liés à l'humanité à jamais.",150000000,571750016,115,"Action, Aventure, Science-Fiction",en,"",https://image.tmdb.org/t/p/w500/nKnWr062zhRvk48NtK27zz3oLgS.jpg,https://image.tmdb.org/t/p/w1280/veIyxxi5Gs8gvztLEW1Ysb8rrzs.jpg,Science-Fiction
86477,Firepower,1993-10-25,12.7423,4.864,"Dans un futur proche, les gangs de rue auront leurs propres zones urbaines où les flics ne peuvent pas pénétrer. Deux flics coriaces sont envoyés sous couverture dans l'un d'entre eux pour enquêter sur un remède illégal contre le SIDA. Mais ils doivent d’abord se battre dans un match à mort, et le match est truqué.",0,0,95,"Action, Crime, Science-Fiction",en,"",https://image.tmdb.org/t/p/w500/ub9c9I0bV8hd1xR0CemA8Mu2StI.jpg,https://image.tmdb.org/t/p/w1280/cYRzipA2Ie4kerdxdSeC2jGdG9a.jpg,Science-Fiction
693134,Dune : Deuxième partie,2024-02-27,16.8976,8.133,"Le voyage mythique de Paul Atreides qui s'allie à Chani et aux Fremen dans sa quête de vengeance envers les conspirateurs qui ont anéanti sa famille. Devant choisir entre l'amour de sa vie et le destin de l'univers, il fera tout pour éviter un terrible futur que lui seul peut prédire.",190000000,714844358,165,"Science-Fiction, Aventure",en,"",https://image.tmdb.org/t/p/w500/dM2eC02Dq3iMtBZZDFtXSLHfFKJ.jpg,https://image.tmdb.org/t/p/w1280/xOMo8BRK7PfcJv9JCnx7s5hj0PX.jpg,Science-Fiction
180,Minority Report,2002-06-20,14.2685,7.3,"Washington, 2054. Plus aucun meurtre ne se produit grâce au « pré-crime », l’unité policière dirigée par John Anderton. Cette unité dispose d'un système lui permettant de visualiser les meurtres avant qu'ils ne se produisent. Mais quand John découvre qu'il est lui-même accusé d'un meurtre à venir, il n'a que 36 heures pour comprendre le véritable fonctionnement de ce système.",102000000,358372926,145,"Science-Fiction, Action, Thriller",en,"",https://image.tmdb.org/t/p/w500/91dfWOkpjlqPkbZDjAjrReFqXQP.jpg,https://image.tmdb.org/t/p/w1280/r1gLQFbpkWWLrOEPmpqzzMIUxxj.jpg,Science-Fiction
1726,Iron Man,2008-04-30,14.1608,7.654,"Tony Stark, inventeur de génie, vendeur d'armes et playboy milliardaire, est kidnappé. Forcé par ses ravisseurs de fabriquer une arme redoutable, il construit en secret une armure high-tech révolutionnaire qu'il utilise pour s'échapper. Comprenant la puissance de cette armure, il décide de l'améliorer et de l'utiliser pour faire régner la justice et protéger les innocents.",140000000,585174222,125,"Action, Science-Fiction, Aventure",en,"",https://image.tmdb.org/t/p/w500/kNKUCNLu1lZDGAHOBEHxR6psYHx.jpg,https://image.tmdb.org/t/p/w1280/cKvDv2LpwVEqbdXWoQl4XgGN6le.jpg,Science-Fiction
20760,"Lilo & Stitch 2 : Hawaï, nous avons un problème !",2005-08-22,13.5957,6.7,"Cette nouvelle famille recomposée vit heureuse sous le signe de Ohana : mais les problèmes ne sont jamais bien loin. Lilo se lance dans un concours de danse hawaïenne, une discipline dont sa mère était championne. Mais son manque de talent et les moqueries de ses camarades vont rendre les choses bien difficiles. De son côté, Stitch est très inquiet. Il fait de terribles cauchemars qui le révèlent sous ses plus mauvais côtés et son niveau de gentillesse baisse dangereusement. Les deux amis devront unir toutes leurs forces pour se sortir de ces mauvais pas mais heureusement, l'esprit d'Elvis veille sur eux.",0,0,68,"Animation, Familial, Comédie, Science-Fiction",en,http://disneydvd.disney.go.com/lilo-stitch-2-stitch-has-a-glitch.html,https://image.tmdb.org/t/p/w500/ltdsi8zLxbc0Eaq5Z10W3pch1om.jpg,https://image.tmdb.org/t/p/w1280/5blbwmFZekM3ffqxDoveupJck5C.jpg,Science-Fiction
28169,The Toxic Avenger 3,1989-11-24,13.4619,4.9,"Quand Claire, la petite amie aveugle de Toxie a une chance de retrouver la vue, le justicier décide de trouver un moyen de rassembler l'argent nécessaire à l'opération...",500000,363561,103,"Action, Comédie, Horreur, Science-Fiction",en,"",https://image.tmdb.org/t/p/w500/yEOliKp5hZIBR0lDr9L3mJLijT0.jpg,https://image.tmdb.org/t/p/w1280/7nkc6FEalesKjvW1lWDlObdjWa4.jpg,Science-Fiction
165,Retour vers le futur II,1989-11-22,13.2539,7.774,"En 1985, Marty McFly a retrouvé sa famille et sa petite amie après un voyage mouvementé dans le passé. Surgit alors Doc Brown, au volant de sa machine à explorer le temps. Il lui enjoint de le suivre dans le futur, en l'an 2015, pour secourir son fils tombé sous la coupe du sinistre Biff Tannen.",40000000,332000000,108,"Aventure, Comédie, Science-Fiction",en,"",https://image.tmdb.org/t/p/w500/pvSf95zo0GZNp83QCtmK1GFLHtT.jpg,https://image.tmdb.org/t/p/w1280/w6tPctxWAsHoQXeKxxNOT6lYKpx.jpg,Science-Fiction
557,Spider-Man,2002-05-01,13.2121,7.317,"Orphelin, Peter Parker est élevé par sa tante May et son oncle Ben dans le quartier Queens de New York. Tout en poursuivant ses études de biophysique à l'université, il trouve un emploi de photographe au journal Daily Bugle. Cependant, après avoir été mordu par une araignée radioactive, ce dernier est sujet à des transformations physiques : son agilité et sa force se sont accrues, et il se voit doter de pouvoirs surnaturels. Peter décide alors de participer à un combat de catch qu'il remporte avec une facilité déconcertante. Mais l'organisateur du spectacle, décrétant qu'il y a eu tricherie, refuse de lui remettre le prix de 3 000 dollars qui lui revient de droit. Au même moment, l'homme d'affaires mégalomane Norman Osborn expérimente sur lui-même de dangereuses solutions chimiques. Des mutations s'opèrent bientôt sur son corps et son esprit. Il se transforme alors en Bouffon Vert.",139000000,821708551,121,"Action, Science-Fiction",en,"",https://image.tmdb.org/t/p/w500/pNz1NREgddPdlzytlR8mW4B26fW.jpg,https://image.tmdb.org/t/p/w1280/qJzloL8O9YHhiWBrhlPfKAtZu2I.jpg,Science-Fiction
10681,WALL·E,2008-06-22,12.7866,8.104,"Faites la connaissance de WALL•E (prononcez « Walli ») : WALL•E est le dernier être sur Terre et s’avère être un… petit robot ! 700 ans plus tôt, l’humanité a déserté notre planète laissant à cette incroyable petite machine le soin de nettoyer la Terre. Mais au bout de ces longues années, WALL•E a développé un petit défaut technique : une forte personnalité. Extrêmement curieux, très indiscret, il est surtout un peu trop seul…  Cependant, sa vie s’apprête à être bouleversée avec l’arrivée d’une petite « robote », bien carénée et prénommée EVE. Tombant instantanément et éperdument amoureux d’elle, WALL•E va tout mettre en œuvre pour la séduire. Et lorsqu’EVE est rappelée dans l’espace pour y terminer sa mission, WALL•E n’hésite pas un seul instant : il se lance à sa poursuite… Hors de question pour lui de laisser passer le seul amour de sa vie… Pour être à ses côtés, il est prêt à aller au bout de l’univers et vivre la plus fantastique des aventures !",180000000,521311860,98,"Animation, Familial, Science-Fiction",en,https://www.pixar.com/feature-films/walle/,https://image.tmdb.org/t/p/w500/4ImYwxnu4bOitzS9TDLnantF8mn.jpg,https://image.tmdb.org/t/p/w1280/ai2FicMUxLCurVkjtYdSvVDWRmS.jpg,Science-Fiction
280,Terminator 2 : Le Jugement dernier,1991-07-03,12.6769,8.135,"En 2029, après leur échec pour éliminer Sarah Connor, les robots de Skynet programment un nouveau Terminator, le T‐1000, pour retourner dans le passé et éliminer son fils John Connor, futur leader de la résistance humaine. Ce dernier programme un autre cyborg, le T‐800, et l’envoie également en 1995, pour le protéger. Une seule question déterminera le sort de l’humanité : laquelle des deux machines trouvera John la première ?",102000000,520000000,127,"Action, Thriller, Science-Fiction",en,"",https://image.tmdb.org/t/p/w500/mRtFOHF93zW4kTp4JOYrH71vxBh.jpg,https://image.tmdb.org/t/p/w1280/umaoScaCsfl9g2dyrXrvMPp59Q7.jpg,Science-Fiction
131631,Hunger Games : La Révolte - Partie 1,2014-11-19,11.6964,6.816,"Katniss Everdeen s’est réfugiée dans le District 13 après avoir détruit à jamais l’arène et les Jeux. Sous le commandement de la Présidente Coin, chef du district, et suivant les conseils de ses amis en qui elle a toute confiance, Katniss déploie ses ailes pour devenir le symbole de la rébellion. Elle va se battre pour sauver Peeta et libérer le pays tout entier, à qui son courage a redonné espoir.",125000000,755356711,123,"Science-Fiction, Aventure, Thriller",en,"",https://image.tmdb.org/t/p/w500/4LzjVMUit99buiiuhqW4pe0OhmA.jpg,https://image.tmdb.org/t/p/w1280/lV1P1Q5gLDXVG1ZYCxZHStkcQC3.jpg,Science-Fiction
429617,Spider-Man : Far From Home,2019-06-28,13.6452,7.399,Peter et ses amis passent leurs vacances d’été en Europe. Mais ils n’auront pas vraiment l’occasion de se reposer puisque Peter accepte d’aider Nick Fury pour débusquer les mystérieuses créatures qui sont la cause des catastrophes naturelles qui frappent le continent.,160000000,1131927996,129,"Action, Aventure, Science-Fiction",en,"",https://image.tmdb.org/t/p/w500/9FkewgPxlMPjgKhFN7LaRJEqmCI.jpg,https://image.tmdb.org/t/p/w1280/vamhMTvh9m9zFHDoR0v1nRtf6T4.jpg,Science-Fiction
99861,Avengers : L'Ère d'Ultron,2015-04-22,11.9889,7.271,"Alors que Tony Stark tente de relancer un programme de maintien de la paix jusque-là suspendu, les choses tournent mal et les super-héros Iron Man, Captain America, Thor, Hulk, Black Widow et Hawkeye vont devoir à nouveau unir leurs forces pour combattre le plus puissant de leurs adversaires : le terrible Ultron, un être technologique terrifiant qui s’est juré d’éradiquer l’espèce humaine. Afin d’empêcher celui-ci d’accomplir ses sombres desseins, des alliances inattendues se scellent, les entraînant dans une incroyable aventure et une haletante course contre le temps…",235000000,1405403694,143,"Action, Aventure, Science-Fiction",en,"",https://image.tmdb.org/t/p/w500/5eEp3sPiCfy46BKuaMXDB2djSbd.jpg,https://image.tmdb.org/t/p/w1280/kIBK5SKwgqIIuRKhhWrJn3XkbPq.jpg,Science-Fiction
76341,Mad Max : Fury Road,2015-05-13,12.6413,7.629,"Hanté par un lourd passé, Mad Max estime que le meilleur moyen de survivre est de rester seul. Cependant, il se retrouve embarqué par une bande qui parcourt le désert à bord d’un véhicule militaire piloté par l’Impératrice Furiosa. Ils fuient la Citadelle où sévit le terrible Immortan Joe qui s’est fait voler un objet irremplaçable. Enragé, ce Seigneur de guerre envoie ses hommes pour traquer les rebelles impitoyablement…",150000000,378858340,120,"Action, Aventure, Science-Fiction",en,https://www.warnerbros.com/movies/mad-max-fury-road,https://image.tmdb.org/t/p/w500/oLy2V6AWSEfdPgKOtrSGnwB3Q2R.jpg,https://image.tmdb.org/t/p/w1280/uT895WNwm0aIJRtGizcQhrejWUo.jpg,Science-Fiction
335983,Venom,2018-09-28,11.4415,6.828,"Des symbiotes débarquent sur la Terre, parmi eux, Venom, qui va s’allier avec Eddie Brock. De son côté, un puissant scientifique tente de faire évoluer l’humanité avec les symbiotes, le duo d’anti‐héros va devoir tout faire pour l’arrêter !",116000000,856085151,112,"Science-Fiction, Action",en,"",https://image.tmdb.org/t/p/w500/vVusHIRlyyFVS42XnqZso2wGKr.jpg,https://image.tmdb.org/t/p/w1280/hNsYUryiwxcdeTMkaBcPF3iEg0p.jpg,Science-Fiction
298618,The Flash,2023-06-13,12.3067,6.622,"Les mondes entrent en collision lorsque Barry, alias \"The Flash\", utilise ses pouvoirs pour voyager dans le temps afin de changer les événements du passé. Mais lorsque sa tentative de sauver sa famille modifie par inadvertance le futur, Barry se retrouve piégé dans une réalité où le Général Zod est revenu, avide de destruction, et il n'y a aucun super-héros vers qui se tourner. Enfin, à moins que Barry ne puisse faire sortir un Batman très différent de sa retraite et arrive à sauver un Kryptonien emprisonné… mais pas celui qu'il recherche. En fin de compte, pour sauver le monde dans lequel il se trouve et retourner dans le futur qu'il connaît, le seul espoir de Barry est de foncer. Mais faire le sacrifice ultime suffira-t-il à réinitialiser l'univers ?",220000000,271333313,144,"Action, Science-Fiction, Aventure",en,"",https://image.tmdb.org/t/p/w500/azio74W2qw7bNg7ePqzkWywwK1n.jpg,https://image.tmdb.org/t/p/w1280/yF1eOkaYvwiORauRCPWznV9xVvi.jpg,Science-Fiction
333339,Ready Player One,2018-03-28,11.8214,7.585,"En 2045, le monde est au bord du chaos. Les êtres humains se réfugient dans l'OASIS, univers virtuel mis au point par le brillant et excentrique James Halliday. Avant de disparaître, celui-ci a décidé de léguer son immense fortune à quiconque découvrira l'œuf de Pâques numérique qu'il a pris soin de dissimuler dans l'OASIS. L'appât du gain provoque une compétition planétaire. Mais lorsqu'un jeune garçon, Wade Watts, qui n'a pourtant pas le profil d'un héros, décide de participer à la chasse au trésor, il est plongé dans un monde parallèle à la fois mystérieux et inquiétant…",175000000,607274134,140,"Aventure, Action, Science-Fiction",en,"",https://image.tmdb.org/t/p/w500/832ngDVXhOVp6HBnuMMeeWTrGXN.jpg,https://image.tmdb.org/t/p/w1280/5a7lMDn3nAj2ByO0X1fg6BhUphR.jpg,Science-Fiction
30061,La Ligue des Justiciers : Crise sur deux terres,2010-02-23,11.1465,7.3,"La Ligue des Justiciers, composée de Flash, Superman, Batman, Wonder Woman et Green Lantern, doivent faire face à l'invasion d'extraterrestres hostiles sur la Terre. Nos héros rencontrent un alien, J'onn J'onzz, qui semble être au courant de la situation.",0,0,75,"Action, Aventure, Animation, Science-Fiction, Fantastique",en,"",https://image.tmdb.org/t/p/w500/5Cjrxbv0BIxzgKFC9PYcgmPtnMV.jpg,https://image.tmdb.org/t/p/w1280/okRY6YHbakM9cQz08EfcaLfzDoX.jpg,Science-Fiction
62,2001 : L'Odyssée de l'espace,1968-04-02,11.0143,8.1,"Aux temps préhistoriques, une petite tribu d’hommes‐singes installée au milieu de rochers arides lutte difficilement pour la vie. Un matin, ils trouvent devant eux une mystérieuse dalle noire monolithique. L’un des singes touche la pierre et apprend alors à se servir d’un os de quadrupède pour tuer ses ennemis. Quatre millions d’années plus tard, en 2001, un savant de l’espace, le Dr Heywood Floyd, débarque sur la lune pour examiner une dalle noire semblable à celle des singes, qui était enterrée sous la surface de l’astre. Selon les premières observations, l’objet émettrait un signal mystérieux…",12000000,71923560,156,"Science-Fiction, Mystère, Aventure",en,"",https://image.tmdb.org/t/p/w500/uwd79G32FPIL5B9UkRgSZvS0gbe.jpg,https://image.tmdb.org/t/p/w1280/kXluiwt2DIIqoiEGR5AMA0QobCt.jpg,Science-Fiction
283995,Les Gardiens de la Galaxie Vol. 2,2017-04-19,10.8753,7.612,"Avec en toile de fond l’Awesome Mixtape #2, Les Gardiens de la Galaxie Vol. 2 poursuit les aventures de l’équipe alors qu’ils traversent les confins du cosmos. Les Gardiens doivent se battre pour que leur nouvelle famille reste ensemble tandis qu’ils cherchent à percer le mystère de la véritable filiation de Star-Lord. De vieux ennemis deviennent de nouveaux alliés et des personnages appréciés des fans, issus des comics, viennent en aide à nos héros alors que l’Univers Cinématographique Marvel continue de se développer.",200000000,863756051,138,"Science-Fiction, Aventure, Action",en,"",https://image.tmdb.org/t/p/w500/brgkPEPQJNGLuKRy8omRTcDfDuL.jpg,https://image.tmdb.org/t/p/w1280/aJn9XeesqsrSLKcHfHP4u5985hn.jpg,Science-Fiction
14092,Ghost in the Shell 2.0,2008-07-12,10.7938,7.4,"L'histoire se déroule dans un monde futuriste cyberpunk et nous fait suivre les aventures de Motoko Kusanagi, dite « major », et Batou, deux cyborgs appartenant à une unité spéciale du gouvernement (la section 9, anti-terroriste) qui essaient de capturer le pirate informatique le plus dangereux et insaisissable au monde, connu seulement sous le pseudonyme de Puppet master (« le marionnettiste »).  Cette traque se fait sur un fond de guerre des services avec la section 6, qui s'intéresse elle aussi au Puppet master dans le cadre d'un projet mystérieux, le « projet 2501 ».",0,0,83,"Action, Animation, Crime, Science-Fiction",ja,"",https://image.tmdb.org/t/p/w500/7OsWlh6v5J0ORQSaYxfmYEg1TyY.jpg,https://image.tmdb.org/t/p/w1280/f7EQtjydqW0F76fUpBvxqxKskjd.jpg,Science-Fiction
26925,The Man They Could Not Hang,1939-08-17,10.553,6.6,"Le Docteur Savaard invente un cœur artificiel capable de redonner la vie aux cadavres. Afin d'essayer sa machine, il tue un étudiant qui s'est porté volontaire. Son assistante, Betty Crawford, avertit la police. Refusant de croire que le docteur peut faire revivre l'étudiant, les policiers arrêtent Savaard. Accusé du meurtre, il est condamné à être pendu. Lang, son fidèle assistant, réclame le corps à la prison et il ressuscite le docteur en utilisant le cœur artificiel. Brûlant de se venger, Savaard décide de tuer tous ceux qui l'ont condamné à mort...",0,0,65,"Science-Fiction, Horreur, Crime",en,"",https://image.tmdb.org/t/p/w500/oR03TUMEd5bnnAMnOEGcVoLcGSN.jpg,https://image.tmdb.org/t/p/w1280/8BtYzwyr172RjVUKl6waprQ0YDZ.jpg,Science-Fiction
16268,H.G. Wells La Guerre des mondes 2 - Vague suivante,2008-02-01,10.2359,3.7,Voici maintenant deux ans que la Terre a fait face à une terrible invasion extraterrestre. Mais ce n'est qu'un répit. Ce que redoutait George Herbert est en passe de se produire : les Aliens reviennent pour reprendre leur plan de domination de l'homme. Ils s'apprêtent à lancer une deuxième vague d'attaques qui menacent de détruire ce qui reste de l'humanité.,500000,0,90,"Action, Science-Fiction, Aventure",en,"",https://image.tmdb.org/t/p/w500/1eLpa3UcvyVp3AaBZyyZtK78pMI.jpg,https://image.tmdb.org/t/p/w1280/88WBPXCGrpf3U6WlGc0dd3em21t.jpg,Science-Fiction
47364,Metalstorm : La Tempête d'acier,1983-08-19,10.234,4.464,"Sur la planète Lemuria, Jack Dogen, policier, veut à tout prix retrouver le criminel Jared-Syn, qui pousse les Cyclopes et les Nomades à la révolte. Baal, le fils de Jared-Syn, est un être mi-homme mi-machine doté d'un bras mécanique capable d'injecter du venin. Ce dernier abat le père de Dhyana alors qu'il cherchait les cristaux permettant de devenir invincible. Voulant se venger à son tour de Jared-Syn et de Baal, Dhyana décide de faire équipe avec Dogen pour mettre fin à ce cauchemar...",0,0,84,"Fantastique, Science-Fiction",en,"",https://image.tmdb.org/t/p/w500/fNPkRywFjddfvOkpslK3NIJmWYS.jpg,https://image.tmdb.org/t/p/w1280/x4vAM824lRq1FeGSirQozimDL91.jpg,Science-Fiction
497698,Black Widow,2021-07-07,10.2073,7.187,"Natasha Romanoff, alias Black Widow, voit resurgir la part la plus sombre de son passé pour faire face à une redoutable conspiration liée à sa vie d’autrefois. Poursuivie par une force qui ne reculera devant rien pour l’abattre, Natasha doit renouer avec ses activités d’espionne et avec des liens qui furent brisés, bien avant qu’elle ne rejoigne les Avengers.",200000000,379751131,133,"Action, Aventure, Science-Fiction",en,"",https://image.tmdb.org/t/p/w500/tIdq9lGrbSsq3RkgB9r0g0vYTbl.jpg,https://image.tmdb.org/t/p/w1280/dq18nCTTLpy9PmtzZI6Y2yAgdw5.jpg,Science-Fiction
20352,"Moi, moche et méchant",2010-07-08,10.1371,7.3,"Dans un charmant quartier résidentiel délimité par des clôtures de bois blanc et orné de rosiers fleurissants se dresse une bâtisse noire entourée d’une pelouse en friche. Cette façade sinistre cache un secret : Gru, un méchant vilain, entouré d’une myriade de sous‐fifres et armé jusqu’aux dents, qui, à l’insu du voisinage, complote le plus gros casse de tous les temps : voler la lune (Oui, la lune !)… Gru affectionne toutes sortes de sales joujoux. Il possède une multitude de véhicules de combat aérien et terrestre et un arsenal de rayons immobilisants et rétrécissants avec lesquels il anéantit tous ceux qui osent lui barrer la route… jusqu’au jour où il tombe nez à nez avec trois petites orphelines qui voient en lui quelqu’un de tout à fait différent : un papa. Le plus grand vilain de tous les temps se retrouve confronté à sa plus dure épreuve : trois fillettes prénommées Margo, Édith et Agnès.",69000000,543284256,95,"Familial, Comédie, Animation, Science-Fiction",en,"",https://image.tmdb.org/t/p/w500/wuhJx9bTbxHfJHeeR3L8uRjAZ7C.jpg,https://image.tmdb.org/t/p/w1280/2XSeKDmIa2KxaiJy4J9e8FrIZhk.jpg,Science-Fiction
263115,Logan,2017-02-28,11.2996,7.82,"Dans un futur proche, un certain Logan, épuisé de fatigue, s’occupe d’un Professeur X souffrant, dans un lieu gardé secret à la frontière Mexicaine. Mais les tentatives de Logan pour se retrancher du monde et rompre avec son passé vont s’épuiser lorsqu’une jeune mutante traquée par de sombres individus va se retrouver soudainement face à lui.",97000000,619021436,138,"Action, Drame, Science-Fiction",en,"",https://image.tmdb.org/t/p/w500/5HB2SsrYNARm4Kom7Amwyb93O4M.jpg,https://image.tmdb.org/t/p/w1280/4DZxWNSAyksN6N3JkvpJ53Yq6zU.jpg,Science-Fiction
16187,"Buzz l'Éclair, le film : Le Début des aventures",2000-08-08,10.0102,6.431,Zorg continue sa croisade diabolique à la conquête de l'univers. Ses troupes viennent d'envahir la planète des petits hommes verts. Buzz et son équipe de téméraires rangers de l'espace sont les seuls à pouvoir sauver la galaxie !,0,0,70,"Animation, Familial, Comédie, Science-Fiction, Aventure",en,"",https://image.tmdb.org/t/p/w500/fb1A5KjpcEpqhyfkcydUPvZ1IQx.jpg,https://image.tmdb.org/t/p/w1280/2r6tLi4p21dqVmOP5Lwge4hcDAU.jpg,Science-Fiction
68721,Iron Man 3,2013-04-18,11.9402,6.9,"Tony Stark, l’industriel flamboyant qui est aussi Iron Man, est confronté cette fois à un ennemi qui va attaquer sur tous les fronts. Lorsque son univers personnel est détruit, Stark se lance dans une quête acharnée pour retrouver les coupables. Plus que jamais, son courage va être mis à l’épreuve, à chaque instant. Dos au mur, il ne peut plus compter que sur ses inventions, son ingéniosité, et son instinct pour protéger ses proches. Alors qu’il se jette dans la bataille, Stark va enfin découvrir la réponse à la question qui le hante secrètement depuis si longtemps : est‐ce l’homme qui fait le costume ou bien le costume qui fait l’homme ?",200000000,1215577205,130,"Action, Aventure, Science-Fiction",en,"",https://image.tmdb.org/t/p/w500/jX5UIxD3foocHEmElISh9Cketg1.jpg,https://image.tmdb.org/t/p/w1280/4TSqtluelcWByj8YZdqwzQVjI0O.jpg,Science-Fiction
607,Men in Black,1997-07-02,8.6871,7.215,"Chargés de protéger la Terre de toute infraction extraterrestre et de réguler l’immigration intergalactique sur notre planète, les Men in black ou MIB opèrent dans le plus grand secret. Vêtus de costumes sombres et équipés des toutes dernières technologies, ils passent inaperçus aux yeux des humains dont ils effacent régulièrement la mémoire récente : la présence d’aliens sur notre sol doit rester secrète. Récemment séparé de son vieux partenaire, retourné à la vie civile sans aucun souvenir de sa vie d’homme en noir, K, le plus expérimenté des agents du MIB décide de former J, un jeune policier. Ensemble, ils vont afronter une nouvelle menace : Edgar le cafard…",90000000,589390539,98,"Action, Aventure, Comédie, Science-Fiction",en,"",https://image.tmdb.org/t/p/w500/rd0VCTHFFIE7BbZfy0aEIkOYxGA.jpg,https://image.tmdb.org/t/p/w1280/1GJvBE7UWU1WOVi0XREl4JQc7f8.jpg,Science-Fiction
679,"Aliens, le retour",1986-07-18,9.0828,7.956,"Après 57 ans de dérive dans l’espace, Ellen Ripley est secourue par la corporation Weyland‐Yutani. Malgré son rapport concernant l’incident survenu sur le Nostromo, elle n’est pas prise au sérieux par les militaires quant à la présence de xénomorphes sur la planète LV‐426 où se posa son équipage… planète où plusieurs familles de colons ont été envoyées en mission de « terraformage ». Après la disparition de ces derniers, Ripley décide d’accompagner une escouade de marines dans leur mission de sauvetage… et d’affronter à nouveau la Bête.",18500000,183316455,137,"Action, Thriller, Science-Fiction",en,"",https://image.tmdb.org/t/p/w500/uafMg29wVV4XvxPS59s8nBBbP4i.jpg,https://image.tmdb.org/t/p/w1280/4kix6fAblJIH6eMs0Ku2loyZJXK.jpg,Science-Fiction
1124,Le Prestige,2006-10-17,9.0391,8.205,"Londres, au début du siècle dernier… Robert Angier et Alfred Borden sont deux magiciens surdoués, promis dès leur plus jeune âge à un glorieux avenir. Une compétition amicale les oppose d'abord l'un à l'autre, mais l'émulation tourne vite à la jalousie, puis à la haine. Devenus de farouches ennemis, les deux rivaux vont s'efforcer de se détruire l'un l'autre en usant des plus noirs secrets de leur art. Cette obsession aura pour leur entourage des conséquences dramatiques…",40000000,109676311,130,"Drame, Mystère, Science-Fiction",en,"",https://image.tmdb.org/t/p/w500/37Fr7lY4QBHsuxlLJIfTNxW6nGW.jpg,https://image.tmdb.org/t/p/w1280/yCnJT53HMXAK87xzPAdjdYhZ3JE.jpg,Science-Fiction
257344,Pixels,2015-07-16,8.1645,5.8,"À l’époque de leur jeunesse, dans les années 80, Sam Brenner, Will Cooper, Ludlow Lamonsoff et Eddie « Fire Blaster » Plant ont sauvé le monde des milliers de fois… en jouant à des jeux d’arcade à 25 cents la partie. Mais aujourd’hui, ils vont devoir le faire pour de vrai… Lorsque des aliens découvrent des vidéos d’anciens jeux et les prennent pour une déclaration de guerre, ils lancent l’assaut contre la Terre. Ces mêmes jeux d’arcade leur servent de modèles pour leurs attaques. Cooper, qui est désormais Président des États‐Unis, fait alors appel à ses vieux potes pour empêcher la destruction de la planète par PAC‐MAN, Donkey Kong, Galaga, Centipede et les Space Invaders… Les gamers pourront compter sur l’aide du lieutenant‐colonel Violet Van Patten, une spécialiste qui va leur fournir des armes uniques…",88000000,244874809,121,"Action, Comédie, Science-Fiction, Fantastique",en,"",https://image.tmdb.org/t/p/w500/eKzvCm8M1ACqGb0Vr6QactMl2kf.jpg,https://image.tmdb.org/t/p/w1280/41Y3h2FVfoU4baFdTZwRrlD4MDM.jpg,Science-Fiction
698687,Transformers : Le Commencement,2024-09-11,9.7573,8.023,"Les origines d'Optimus Prime et de Megatron, autrefois amis proches comme des frères, avant de devenir des ennemis jurés, façonnant ainsi à jamais le destin de Cybertron.",75000000,129408392,104,"Animation, Science-Fiction, Aventure, Familial",en,"",https://image.tmdb.org/t/p/w500/6PVLEv0WvXyIbp3RvGC5j3X5dAz.jpg,https://image.tmdb.org/t/p/w1280/cMfokHWle5lfCreoV08cbmkKv6G.jpg,Science-Fiction
1058622,Aliens Abducted My Parents and Now I Feel Kinda Left Out,2023-08-18,5.4562,5.545,"Itsy est nouvelle en ville. Elle rencontre son voisin Calvin, obsédé par l'espace, qui croit que ses parents ont été enlevés par des extraterrestres. En tant que journaliste en herbe, Itsy décide d'écrire un article à ce sujet.",0,0,83,"Familial, Aventure, Science-Fiction, Drame",en,"",https://image.tmdb.org/t/p/w500/sfKcSlQddk0LsLqMeh9mdkcboD.jpg,https://image.tmdb.org/t/p/w1280/mEUluAzH6cFRBfuJIbNdMehhd0q.jpg,Science-Fiction
196,Retour vers le futur III,1990-05-25,12.311,7.49,"Ce troisième épisode propulse Marty sur une toute nouvelle mission… en l'an 1885, en plein Far West ! Il n'a que cinq jours pour sauver son ami Doc des griffes du terrible Buford \"Molosse\" Tannen et ainsi lui éviter la mort. Cependant, bon nombre d'embûches vont empêcher nos deux voyageurs de rentrer rapidement vers le futur : ils devront faire face à une panne de la DeLorean, leur très célèbre machine à remonter le temps, affronter une bande de hors-la-loi et croiser sur leur route une maîtresse d'école dont le charme ne laissera pas insensible ce bon vieux Doc…",40000000,244527583,118,"Aventure, Comédie, Science-Fiction",en,"",https://image.tmdb.org/t/p/w500/xormrixo6PYdjyh31JWT2LCBmjO.jpg,https://image.tmdb.org/t/p/w1280/vKp3NvqBkcjHkCHSGi6EbcP7g4J.jpg,Science-Fiction
1159311,My Hero Academia : You’re Next,2024-08-02,8.5555,7.171,"Dans une société où les héros et les vilains s'affrontent continuellement au nom de la paix et du chaos, Deku, un étudiant du lycée U.A. qui aspire à devenir le meilleur héros possible, affronte celui qui imite le héros qu'il admire depuis longtemps. Deku et les autres élèves de la classe 1-A du lycée U.A. pourront-ils protéger le monde en mettant fin aux agissements de Dark Might, l'homme qui prétend être le nouveau symbole de la paix ?",0,32224616,110,"Animation, Action, Aventure, Science-Fiction",ja,"",https://image.tmdb.org/t/p/w500/s7FB4JpSwAfr1DzFopB42u2zt3v.jpg,https://image.tmdb.org/t/p/w1280/tUbwMOYP4cuGL1sQ0edz5943rBY.jpg,Science-Fiction
87101,Terminator Genisys,2015-06-23,8.6727,5.947,"Le leader de la résistance, John Connor, envoie le sergent Kyle Reese dans le passé, afin de protéger sa mère, Sarah Connor, et de préserver l’avenir de l’humanité. Des événements inattendus provoquent une fracture temporelle. Sarah et Kyle se retrouvent dans une nouvelle version du passé. Ils y découvrent un allié inattendu : le Guardian. Ensemble, ils doivent faire face à un nouvel ennemi cybernétique. La menace a changé de visage.",155000000,440603537,126,"Science-Fiction, Action, Thriller, Aventure",en,"",https://image.tmdb.org/t/p/w500/wt2CmiaMFQ4o8FfzERzecJN286U.jpg,https://image.tmdb.org/t/p/w1280/wvlIoof1FnKPLv9jAYanuP31V0C.jpg,Science-Fiction
119450,La Planète des singes : L'Affrontement,2014-07-08,10.3292,7.3,"Une nation de plus en plus nombreuse de singes évolués, dirigée par César, est menacée par un groupe d’humains qui a survécu au virus dévastateur qui s'est répandu 10 ans plus tôt. Ils parviennent à une trêve fragile, mais de courte durée : les deux camps sont sur le point de se livrer une guerre qui décidera de l’espèce dominante sur Terre.",170000000,710644566,131,"Science-Fiction, Action, Drame, Thriller",en,"",https://image.tmdb.org/t/p/w500/ioCKDIwA4iXs8h4pEMTXN7E5LKG.jpg,https://image.tmdb.org/t/p/w1280/zlU8BIkgY7E6SMfD3USTWC6bchL.jpg,Science-Fiction
39324,Dragon Ball Z - L'Histoire de Trunks,1993-02-24,6.8417,7.612,"Songoku meurt d'une maladie de cœur. Six mois ont passé et chacun gère sa tristesse. Surviennent alors les cyborgs du docteur Gero, C-17 et C-18. Face à cette nouvelle menace, tous s'unissent pour livrer bataille, malheureusement sans l'aide de Songoku... Beaucoup de nos héros périssent. Au bout de treize ans de lutte, les seuls guerriers survivants sont Songohan, jeune homme vigoureux, et Trunks, le fils de Végéta. Eux seuls sont encore capables de faire face aux cyborg.",0,0,48,"Animation, Action, Science-Fiction",ja,"",https://image.tmdb.org/t/p/w500/gXBDrxiPFhk90vw0nejMfwcJBTy.jpg,https://image.tmdb.org/t/p/w1280/8GvOQSjztqy3M2Oe9KzeSsxFYcO.jpg,Science-Fiction
240832,Lucy,2014-07-25,8.384,6.47,"Lucy, une jeune étudiante ordinaire, se fait kidnapper. À son réveil, elle découvre que les membres d’une organisation criminelle lui ont inséré un paquet de drogue dans l’estomac dans le but de lui faire passer la frontière. Mais lorsqu’à la suite d’un coup porté à son ventre le produit se déverse dans son corps et s’implante dans son système, la jeune femme en subit les étonnants effets. Cette substance synthétique lui permet de décupler ses capacités intellectuelles et physiques. Devenue un génie autant qu’une véritable machine de guerre, Lucy dispose désormais de pouvoirs illimités et surhumains…",40000000,469058574,89,"Action, Science-Fiction",en,"",https://image.tmdb.org/t/p/w500/hLKoSzjOPC8tQaA2AmFvDjBbKTw.jpg,https://image.tmdb.org/t/p/w1280/ozVwXlfxqNsariipatGwa5px3Pm.jpg,Science-Fiction
1209290,Justice League : Crisis on Infinite Earths Partie 3,2024-07-15,13.3547,7.2,"Maintenant qu’il s’est révélé être la plus grande menace contre l’existence, l’ANTI-MONITOR lance une attaque incessante contre les terres survivantes qui se battent pour leur survie. Les mondes et leurs habitants sont anéantis l’un à la suite de l’autre! Sur les dernières planètes, le temps lui-même est pulvérisé, et les héros du passé s’unissent à la ligue des justiciers et à leurs alliés disparates contre le mal à l’état pur. Mais, à l’heure où le dernier combat s’amorce, le sacrifice des superhéros suffira-t-il pour tous nous sauver?",0,0,99,"Animation, Science-Fiction, Action",en,"",https://image.tmdb.org/t/p/w500/5sCXXUhEVoJWKzuiRA1kEwRl1ue.jpg,https://image.tmdb.org/t/p/w1280/2B12ReNGLhDDVrdsIu1O2PnH6RU.jpg,Science-Fiction
6479,Je suis une légende,2007-12-12,8.9203,7.211,"Des années après qu'une épidémie a anéanti presque tous les êtres humains et transformé le reste en monstres, le seul survivant à New York se bat vaillamment pour trouver un remède.",150000000,585410052,100,"Drame, Science-Fiction, Thriller",en,"",https://image.tmdb.org/t/p/w500/dSkSEcVXUEBvOkyYAF00zvRdKrO.jpg,https://image.tmdb.org/t/p/w1280/ePgD1cwmklyrFBjl6z96IuixuSY.jpg,Science-Fiction
85877,蜜桃成熟時33D,2011-10-06,8.001,5.645,"",0,0,82,"Comédie, Science-Fiction",cn,"",https://image.tmdb.org/t/p/w500/bBC1fBHyFBmc6fn4UDedtkOVSaD.jpg,https://image.tmdb.org/t/p/w1280/jl7RhBszdR4chHuL9DLoIYjjNcJ.jpg,Science-Fiction
78,Blade Runner,1982-06-25,9.5662,7.943,"2019, Los Angeles. La Terre est surpeuplée et l’humanité est partie coloniser l’espace. Les nouveaux colons sont assistés de Replicants, androïdes que rien ne peut distinguer de l'être humain. Conçus comme de nouveaux esclaves, certains parmi les plus évolués s’affranchissent de leurs chaînes et s’enfuient. Rick Deckard, un ancien Blade Runner, catégorie spéciale de policiers chargés de \"retirer\" ces replicants, accepte une nouvelle mission consistant à retrouver quatre de ces individus qui viennent de regagner la Terre après avoir volé une navette spatiale.",28000000,41722424,117,"Science-Fiction, Drame, Thriller",en,"",https://image.tmdb.org/t/p/w500/zHKWxyG4j404HVeSYHNH4niUpkW.jpg,https://image.tmdb.org/t/p/w1280/cFZRtb1Q4whERknfYtj7Fjsvxpg.jpg,Science-Fiction
98566,Ninja Turtles,2014-08-07,7.8223,5.9,"Quand une cheville ouvrière menace la ville de New York, un groupe de guerriers tortues mutés doit sortir de l'ombre pour protéger leur maison.",125000000,485004754,101,"Science-Fiction, Action, Aventure, Comédie",en,"",https://image.tmdb.org/t/p/w500/oI8xgHNhFFENvlUFmfacF2oMjva.jpg,https://image.tmdb.org/t/p/w1280/eezsbzYPbYKjjh6E1XHDBNlLynh.jpg,Science-Fiction
39107,Dragon Ball Z - Fusions,1995-03-04,8.9686,7.525,"Le grand tournoi du monde des morts a commencé. Les plus puissants guerriers de chaque galaxie se disputent le titre de champion. La finale opposera Songoku de la galaxie Nord à Païkuhan de la galaxie Ouest. Mais la finale est perturbée par des événements troublants qui secouent le monde des morts. En effet, tout le contenu de la \"machine à laver les esprits de l'enfer\" se déverse sur un gardien étourdi, le transformant en un dénommé Janemba. Toutes les règles entre le monde des morts et le monde des vivants sont bouleversées. Sur Terre, les morts reviennent à la vie...",0,23500000,50,"Animation, Action, Science-Fiction",ja,"",https://image.tmdb.org/t/p/w500/jwAF2PBrQdugBb5Ncd7krQlEubW.jpg,https://image.tmdb.org/t/p/w1280/5seSw3hQTFSYzdh6kHOSAmExUA.jpg,Science-Fiction
9016,La Planète au Trésor : Un nouvel univers,2002-11-26,7.9617,7.561,"Dans une version futuriste du conte de Robert Louis Stevenson, une carte secrète entraîne une chasse au trésor à travers l'univers. Le jeune Jim Hawkins et un équipage hilarant partent à la recherche de leur destinée. Sur le vaisseau spatial, Jim rencontre le cuisinier cyborg John Silver, qui lui apprend les valeurs de l'amitié et à croire en ses rêves. Ils vont découvrir un trésor inimaginable.",140000000,109578115,95,"Science-Fiction, Aventure, Animation, Familial, Fantastique",en,"",https://image.tmdb.org/t/p/w500/xfeqEnK7hExbmZfZHKnjTkbuxMa.jpg,https://image.tmdb.org/t/p/w1280/30XLt1HzwOsdciWVaYVxlJq3cjH.jpg,Science-Fiction
853607,Captain Power and the Soldiers of the Future: Bio Dread Strike Mission - Skill Level 2,1987-01-01,5.4724,8.0,"",0,0,19,"Science-Fiction, Action",en,"",https://image.tmdb.org/t/p/w500/vW1kMixdKP43N5LkgvnXDcMSJmu.jpg,https://image.tmdb.org/t/p/w1280/dnHWLqBraSH0FGfMLFrM2ERkws8.jpg,Science-Fiction
436270,Black Adam,2022-10-19,7.49,6.832,"Près de 5000 ans après avoir été doté des pouvoirs tout puissants des dieux égyptiens – et emprisonné très rapidement après – Black Adam est libéré de sa tombe terrestre, prêt à faire régner sa forme unique de justice dans le monde moderne.",200000000,393452111,125,"Action, Aventure, Science-Fiction",en,"",https://image.tmdb.org/t/p/w500/hYALH5NPM7xk2XQd2J8wrfmliIW.jpg,https://image.tmdb.org/t/p/w1280/bQXAqRx2Fgc46uCVWgoPz5L5Dtr.jpg,Science-Fiction
926670,Henry Danger : Le Film,2025-01-17,7.5134,7.7,"Après avoir quitté Swellview, Henry devient le héros local de Dystopia. Alors que la célébrité commence à peser sur lui, il rencontre Missy Martin, une superfan enthousiaste désireuse de combattre le crime à ses côtés. Missy entre en possession d'un appareil capable d'ouvrir des réalités alternatives, entraînant Henry et son meilleur ami Jasper dans une aventure à travers différentes dimensions. Ils doivent trouver un moyen de revenir à Dystopia, sous peine de rester coincés dans une autre dimension pour toujours.",0,0,86,"Action, Comédie, Familial, Science-Fiction",en,"",https://image.tmdb.org/t/p/w500/A0BZ57e4QpNyD5xpKPLwuhPUjBw.jpg,https://image.tmdb.org/t/p/w1280/cOkgL3jfyHtU5Lfuo4pelYNgfO6.jpg,Science-Fiction
137113,Edge of Tomorrow,2014-05-27,8.7835,7.633,"Dans un futur proche, des hordes d’extraterrestres ont livré une bataille acharnée contre la Terre et semblent désormais invincibles : aucune armée au monde n’a réussi à les vaincre. Le commandant William Cage, qui n’a jamais combattu de sa vie, est envoyé, sans la moindre explication, dans ce qui ressemble à une mission‐suicide. Il meurt en l’espace de quelques minutes et se retrouve projeté dans une boucle temporelle, condamné à revivre le même combat et à mourir de nouveau indéfiniment…",178000000,370541256,108,"Action, Science-Fiction",en,"",https://image.tmdb.org/t/p/w500/mZgaULvOfCMc2MVKm0DzDLvi5ZU.jpg,https://image.tmdb.org/t/p/w1280/4V1yIoAKPMRQwGBaSses8Bp2nsi.jpg,Science-Fiction
351286,Jurassic World : Fallen Kingdom,2018-06-06,8.3244,6.5,"Cela fait maintenant trois ans que les dinosaures se sont échappés de leurs enclos et ont détruit le parc à thème et complexe de luxe Jurassic World. Isla Nublar a été abandonnée par les humains alors que les dinosaures survivants sont livrés à eux-mêmes dans la jungle. Lorsque le volcan inactif de l'île commence à rugir, Owen et Claire s’organisent pour sauver les dinosaures restants de l’extinction.",170000000,1310469037,128,"Action, Aventure, Science-Fiction, Thriller",en,"",https://image.tmdb.org/t/p/w500/oseBCjfTaA5ZaeuR3NR6rgwa3kR.jpg,https://image.tmdb.org/t/p/w1280/gBmrsugfWpiXRh13Vo3j0WW55qD.jpg,Science-Fiction
164691,"L'homme qui valait trois milliards : Vin, vacances et vahinés",1973-10-20,4.4768,6.4,"Suite à une mission ayant provoqué la mort d’une innocente, Steve est réticent à suivre de nouveau les ordres d’Oscar. Celui-ci se livre alors à une manipulation conduisant Steve à affronter Findletter, un dangereux trafiquant d’armes installé à Nassau et mettant en vente  des armes nucléaires. Steve va s’allier à un couple d’agents soviétiques d’abord antagoniste, mais dont les objectifs rejoignent le sien.",0,0,73,"Science-Fiction, Action, Drame, Téléfilm",en,"",https://image.tmdb.org/t/p/w500/bGq01brQTSkIvuu2tCFvindQmVh.jpg,https://image.tmdb.org/t/p/w1280/z8pvrLMIevS3GuecXx8unpifHFq.jpg,Science-Fiction
853610,Captain Power and the Soldiers of the Future: Raid on Volcania - Skill Level 3,1987-01-01,4.3823,8.0,"",0,0,15,"Action, Science-Fiction",en,"",https://image.tmdb.org/t/p/w500/kKQyIKiukvz5FVuC2Ua3VX0QOpb.jpg,"",Science-Fiction
1196470,Survivre,2024-06-19,6.6001,5.825,"Une catastrophe bouleverse la planète : les pôles magnétiques de la Terre se sont inversés. Les océans ont anéanti les continents, laissant derrière eux un vaste désert. Dans ce monde ravagé, une famille doit lutter pour sa survie. Quand les pôles s’inverseront à nouveau, il sera trop tard.",5270000,0,99,"Science-Fiction, Thriller, Aventure, Action",fr,"",https://image.tmdb.org/t/p/w500/901kRttzfLScns7ss7RyKqG6d2A.jpg,https://image.tmdb.org/t/p/w1280/2xnLwNvea2TSH0M0oc9iEq2KEVp.jpg,Science-Fiction
39105,Dragon Ball Z - Les Mercenaires de l’espace,1993-07-10,7.094,7.145,"Un millionnaire organise sur Terre un tournoi intergalactique d'arts martiaux pour son fils, Dollar. Les combats s'enchaînent et peu à peu, les finalistes apparaissent au tableau d'affichage : Doscoi, Songohan, Krilin et Trunks, venu du futur. Les quatre finalistes vont alors devoir emprunter un tunnel afin de rejoindre leurs zones de combat respectives où ils devront affronter de nouveaux adversaires, dignes représentants de chaque galaxie. Mais ces derniers ont été tués et des mercenaires à la solde de Bojack, un démon affamé de sang, ont pris leurs places dans les zones de combat...",0,18435583,49,"Action, Animation, Science-Fiction",ja,"",https://image.tmdb.org/t/p/w500/fV5bvAM6aR0zIvg9QrehI7q8OeF.jpg,https://image.tmdb.org/t/p/w1280/iChtjY4jZTvYEG0lTSxT5B3nG1l.jpg,Science-Fiction
329865,Premier Contact,2016-11-10,8.8942,7.623,"Lorsque de mystérieux vaisseaux venus du fond de l’espace surgissent un peu partout sur Terre, une équipe d’experts est rassemblée sous la direction de la linguiste Louise Banks afin de tenter de comprendre leurs intentions.  Face à l’énigme que constituent leur présence et leurs messages mystérieux, les réactions dans le monde sont extrêmes et l’humanité se retrouve bientôt au bord d’une guerre absolue. Louise Banks et son équipe n’ont que très peu de temps pour trouver des réponses. Pour les obtenir, la jeune femme va prendre un risque qui pourrait non seulement lui coûter la vie, mais détruire le genre humain…",47000000,203388186,117,"Drame, Science-Fiction, Mystère",en,"",https://image.tmdb.org/t/p/w500/mSgYBWMybY9Ug4ZnCGsttPIjUx7.jpg,https://image.tmdb.org/t/p/w1280/hNCqkXbWd40eftqSdjq8TmV7Mqr.jpg,Science-Fiction
9323,Ghost in the Shell,1995-11-18,9.8075,7.924,"Dans un Japon futuriste régi par l'Internet, le major Motoko Kusunagi, une femme cyborg ultra-perfectionnée, est hantée par des interrogations ontologiques. Elle appartient, malgré elle, à une cyber-police musclée dotée de moyens quasi-illimités pour lutter contre le crime informatique. Le jour où sa section retrouve la trace du 'Puppet Master', un hacker mystérieux et légendaire dont l'identité reste totalement inconnue, la jeune femme se met en tète de pénétrer le corps de celui-ci et d'en analyser le ghost (élément indéfinissable de la conscience, apparenté à l'âme) dans l'espoir d'y trouver les réponses à ses propres questions existentielles...",3000000,10000000,82,"Action, Animation, Science-Fiction",ja,"",https://image.tmdb.org/t/p/w500/f4RuGi7MO7GcEtnEpQO4wqaBBUk.jpg,https://image.tmdb.org/t/p/w1280/gTRXgigmgKpeJjW07iq686HZyBD.jpg,Science-Fiction
110415,Snowpiercer : Le Transperceneige,2013-08-01,8.0737,6.909,"2031, Une nouvelle ère glaciaire. Les derniers survivants ont pris place à bord du Snowpiercer, un train gigantesque condamné à tourner autour de la Terre sans jamais s’arrêter. Dans ce microcosme futuriste de métal fendant la glace, s’est recréée une hiérarchie des classes contre laquelle une poignée d’hommes entraînés par l’un d’eux tente de lutter. Car l’être humain ne changera jamais…",39200000,86758912,126,"Action, Science-Fiction, Drame",ko,"",https://image.tmdb.org/t/p/w500/vRr9z33hkI0Hp1gCCtV6s1jbf9.jpg,https://image.tmdb.org/t/p/w1280/33dV6HAnXBmwKl640gO3U4auqUN.jpg,Science-Fiction
140607,Star Wars : Le Réveil de la Force,2015-12-15,8.615,7.255,"Il y a bien longtemps, dans une galaxie lointaine… Luke Skywalker est porté disparu. Le pilote Poe est en mission secrète sur une planète pour le retrouver. Au moment où la diabolique armée \"Premier Ordre\" apparaît en détruisant tout sur son passage, il arrive à cacher la position géographique de l'ancien maître Jedi dans son droïde BB-8. Capturé par les larbins du machiavélique Kylo Ren, Poe est libéré par le soldat ennemi Finn qui est en pleine crise existentielle. Pendant ce temps, BB-8 est recueillie par Rey, une pilleuse d'épaves qui sera bientôt plongée dans une quête qui la dépasse.",245000000,2068223624,135,"Aventure, Action, Science-Fiction",en,"",https://image.tmdb.org/t/p/w500/zKZ1iF1ABqL7a16u6Im8JTQKp7H.jpg,https://image.tmdb.org/t/p/w1280/8BTsTfln4jlQrLXUBquXJ0ASQy9.jpg,Science-Fiction
624860,Matrix Resurrections,2021-12-16,8.7491,6.358,"Dix-huit ans après les événements de Matrix Revolutions, Thomas A. Anderson (alias Neo) ne se souvient plus de rien et mène une vie d'apparence normale à San Francisco. Il se rend régulièrement chez un psychiatre à qui il raconte ses rêves étranges et qui lui prescrit des pilules bleues. Après la réapparition de visages familiers et en quête de réponses, Neo repart à la recherche du lapin blanc. Il rencontre un certain Morpheus, qui lui offre le choix entre rester dans la Matrice et prendre son envol.",190000000,156497322,148,"Science-Fiction, Action, Aventure",en,"",https://image.tmdb.org/t/p/w500/kCF43aQ77ShTfKyY8vAJBVHN5j3.jpg,https://image.tmdb.org/t/p/w1280/eNI7PtK6DEYgZmHWP9gQNuff8pv.jpg,Science-Fiction
701098,HD21 The Worlds of Gerry Anderson in High Definition,2016-06-06,5.9949,0.0,"",0,0,0,"Action, Science-Fiction, Fantastique, Aventure, Crime, Familial",en,"",https://image.tmdb.org/t/p/w500/e8CKb46mqwbHH1VCY1IU03MERw9.jpg,"",Science-Fiction
39101,Dragon Ball Z - Le Combat fratricide,1990-06-07,6.3027,6.53,"Un vaisseau spatial atterrit sur Terre avec à son bord un survivant Saiyan et son petit groupe qui décident de planter l'arbre sacré sur la planète. Cet arbre sacré, ou plutôt maléfique, donne des fruits qui, une fois ingérés, décuplent la force. Mais en échange, il absorbe toute l'énergie de la planète sur laquelle il est implanté. Songoku et ses amis, voyant dépérir la Terre, décident de découvrir la source du problème.",0,8633074,60,"Action, Animation, Science-Fiction",ja,"",https://image.tmdb.org/t/p/w500/g8XlPMTALriy3ShCW0cjF9kaRvA.jpg,https://image.tmdb.org/t/p/w1280/s0XaJEApAfgMgKUBy6UfOnNTtwR.jpg,Science-Fiction
181812,Star Wars : L'Ascension de Skywalker,2019-12-18,8.1623,6.3,"Environ un an après la mort de Luke Skywalker, la Résistance tente de survivre face au Premier Ordre, désormais mené par un nouveau Suprême Leader, Kylo Ren. Une rumeur agite cependant toute la galaxie : l'Empereur Palpatine serait de retour. Tandis que Rey s'entraîne sous la houlette de la générale Leia Organa, Kylo Ren cherche à défier Palpatine, qu'il considère comme une menace à son pouvoir.",489900000,1074144248,141,"Aventure, Action, Science-Fiction",en,"",https://image.tmdb.org/t/p/w500/1pQc75SdFOKpo2AqoL58z5kF3YI.jpg,https://image.tmdb.org/t/p/w1280/auJKGst3vXpJozHZh4nMFs0xWIU.jpg,Science-Fiction
38055,Megamind,2010-10-28,7.4809,7.0,"Megamind est le super‐méchant le plus génial de toute l’histoire de l’humanité. Et le pire loser aussi… Depuis des années, il essaie par tous les moyens de conquérir Metro City. En vain : chacune de ses tentatives est mise en échec par l’invincible Metro Man, et tourne à la farce. Jusqu’au jour où Megamind tue Metro Man ! Mais un super‐méchant a besoin d’un superhéros pour se sentir exister et avoir un but dans la vie. Megamind a donc l’idée de se fabriquer un nouvel adversaire : Titan. Problème : Titan découvre vite que c’est bien plus drôle d’être un méchant que de protéger les hommes. Et encore plus amusant de détruire le monde que de le protéger… Pris au piège, Megamind réussira‐t‐il à vaincre sa diabolique création, devenant ainsi le héros inattendu de sa propre histoire ?",130000000,321885765,96,"Animation, Action, Comédie, Familial, Science-Fiction",en,"",https://image.tmdb.org/t/p/w500/2jUHVsk42lVFDDAJ485hF2fBn2X.jpg,https://image.tmdb.org/t/p/w1280/irpJXGiVr539uuspcQcNdkhS2lq.jpg,Science-Fiction
1724,L'Incroyable Hulk,2008-06-12,9.1299,6.226,"Le scientifique Bruce Banner cherche désespérément un antidote aux radiations gamma qui ont créé Hulk. Il vit dans l'ombre, toujours amoureux de la belle Betty Ross et parcourt la planète à la recherche d'un remède. La force destructrice de Hulk attire le Général Thunderbolt Ross et son bras droit Blonsky qui rêvent de l'utiliser à des fins militaires. Ils tentent de développer un sérum pour créer des soldats surpuissants. De retour aux États-Unis, Bruce Banner se découvre un nouvel ennemi. Après avoir essayé le sérum expérimental, Blonsky est devenu L'Abomination, un monstre incontrôlable dont la force pure est même supérieure à celle de Hulk. Devenu fou, il s'est transformé en plein cœur de New York. Pour sauver la ville de la destruction totale, Bruce Banner va devoir faire appel au monstre qui sommeille en lui...",150000000,264770996,112,"Science-Fiction, Action, Aventure",en,"",https://image.tmdb.org/t/p/w500/cImKVGUiEnwLsNUyoMA0a0na2y5.jpg,https://image.tmdb.org/t/p/w1280/jPu8yiadqgzwFPGKJmGo637ASVP.jpg,Science-Fiction
1574042,Predator: Wastelands,2025-11-04,7.2356,5.8,"",0,0,89,"Science-Fiction, Action",en,"",https://image.tmdb.org/t/p/w500/bQ0neJZ5QAD6jRHIbbdx2rtMBUb.jpg,https://image.tmdb.org/t/p/w1280/7a64iqHrCIh3FeDCc3BqbpU6iTI.jpg,Science-Fiction
127585,X-Men : Days of Future Past,2014-05-15,9.6765,7.528,"Dans un futur proche, les mutants et les humains ont été décimés par les Sentinelles, des robots biologiques capables de copier les pouvoirs des mutants. Seuls quelques mutants, dont Kitty Pride, Iceman, Storm et Bishop, résistent encore. Le Professeur X et Magneto décident d’envoyer Logan dans le passé afin d’empêcher le meurtre de Bolivar Trask, un scientifique américain responsable du programme d’armement dont la mort déclenchera le programme des Sentinelles. Wolverine arrive donc en 1973 afin de convaincre Charles Xavier et Erik Lehnsherr de stopper Mystique dans sa mission, une tâche qu’ils devront accomplir avec l’aide de Beast et de Quicksilver.",250000000,746045700,131,"Action, Aventure, Science-Fiction",en,"",https://image.tmdb.org/t/p/w500/oMfkCE8yNuf53Xqu5k0zECF7nPr.jpg,https://image.tmdb.org/t/p/w1280/hUPgIibqZlwbhs4N08cPzzc4f5K.jpg,Science-Fiction
39108,Dragon Ball Z - L’Attaque du dragon,1995-07-15,7.1039,7.292,"Songohan et Videl jouent les justiciers masqués. Ils sont appelés pour sauver un vieil homme, sur le point de sauter dans le vide. Une fois sauf, l'homme nommé Hoy demande l'aide de Songohan pour ressusciter Tapion, le héros qui a sauvé la planète Conut, il y a mille ans de cela. Pour ce faire, il suffit de faire sortir un son de la boîte à musique dans laquelle a été enfermé le héros. Selon Hoy, la Terre court un grand danger...",0,11694663,51,"Animation, Action, Science-Fiction",ja,"",https://image.tmdb.org/t/p/w500/n87Le7Q3kaaq3KdtxRHdUsOhymy.jpg,https://image.tmdb.org/t/p/w1280/Ktn3lkVHlaLpymvp7cCIPdb65g.jpg,Science-Fiction
284053,Thor : Ragnarok,2017-10-02,9.6495,7.583,"Thor est emprisonné de l’autre côté de l’univers sans son puissant marteau et se retrouve engagé dans une course contre le temps pour rejoindre Asgard et arrêter Ragnarok – la destruction de son monde natal et la fin de la civilisation Asgardienne – des mains d’une toute nouvelle menace, l’impitoyable Hela. Mais d’abord, il doit survivre à une compétition meurtrière de gladiateurs qui l’oppose à son ancien allié et compagnon Avenger – l’Incroyable Hulk !",180000000,855301806,130,"Action, Aventure, Science-Fiction",en,"",https://image.tmdb.org/t/p/w500/mAA8RXkgF87jSWWMSf6hgLl73mk.jpg,https://image.tmdb.org/t/p/w1280/6G2fLCVm9fiLyHvBrccq6GSe2ih.jpg,Science-Fiction
264660,Ex Machina,2015-01-21,7.1223,7.571,"Caleb, 24 ans, est programmeur de l'une des plus importantes entreprise d'informatique au monde. Lorsqu'il gagne un concours pour passer une semaine dans un lieu retiré en montagne appartenant à Nathan, le PDG solitaire de son entreprise, il découvre qu'il va en fait devoir participer à une étrange et fascinante expérience dans laquelle il devra interagir avec la première intelligence artificielle au monde qui prend la forme d'un superbe robot féminin.",15000000,36869414,108,"Drame, Science-Fiction",en,"",https://image.tmdb.org/t/p/w500/gXUnFIZdLsGnZp2AxKjQIVm5jEM.jpg,https://image.tmdb.org/t/p/w1280/uqOuJ50EtTj7kkDIXP8LCg7G45D.jpg,Science-Fiction
1327819,Jumpers,2026-03-04,6.5215,0.0,"Mabel est une jeune fille audacieuse qui a une grande ambition : infiltrer le monde animal. Pour ce faire, elle transfère son esprit à un robot castor afin de pouvoir approcher d’autres animaux et étudier leur mode de vie.",0,0,0,"Familial, Comédie, Animation, Science-Fiction",en,"",https://image.tmdb.org/t/p/w500/hcAeNk3tTXHACdmYBW9W7Jq55uW.jpg,https://image.tmdb.org/t/p/w1280/2RrLuIfIzGWWIH8IAEo6o0IYHmx.jpg,Science-Fiction
278154,L'Âge de glace : Les Lois de l'Univers,2016-06-23,7.0237,6.1,"La quête permanente de Scrat pour attraper son insaisissable noisette le catapulte dans l’espace où il déclenche accidentellement une série d’événements cosmiques qui vont transformer et menacer le monde de l’Âge de Glace. Pour sauver leur peau, Sid, Manny, Diego et le reste de la bande vont devoir quitter leur foyer et embarquer dans une nouvelle aventure pleine de comédie, parcourant de nouvelles terres exotiques et rencontrant une galerie de personnages hauts en couleur.",105000000,408579038,95,"Aventure, Animation, Familial, Comédie, Science-Fiction",en,http://www.foxfrance.com/les-lois-de-lunivers,https://image.tmdb.org/t/p/w500/q7w12oBelhOPSLIjcPZaYzBuQx7.jpg,https://image.tmdb.org/t/p/w1280/lyt9DYP0Suy1j8XnjJl0saVOs8K.jpg,Science-Fiction
101299,Hunger Games : L'Embrasement,2013-11-15,7.155,7.429,"Après les premiers Hunger Games, Katniss est devenue le symbole de la rébellion. Le peuple de Panem est impatient de la retrouver pour la grande Tournée de la victoire. Mais Katniss va devoir prouver au Capitole et au Président Snow que ses sentiments envers Peeta étaient sincères afin de sauver ceux qu’elle aime…",130000000,865011746,146,"Aventure, Action, Science-Fiction",en,"",https://image.tmdb.org/t/p/w500/32mRJXEjmpcVYcQFvzvXCLPsUgS.jpg,https://image.tmdb.org/t/p/w1280/eHaazLxM5LRMh0ySkVy7SK6wUWt.jpg,Science-Fiction
281338,La Planète des singes : Suprématie,2017-07-11,7.4513,7.211,"César et les Singes sont contraints de mener un combat dont ils ne veulent pas contre une armée d'Humains dirigée par un Colonel impitoyable. Les Singes connaissent des pertes considérables et César, dans sa quête de vengeance, va devoir lutter contre ses instincts les plus noirs. Au terme d’un périple qui le conduira à un face à face avec le Colonel, les Singes et les Humains vont se livrer une guerre sans merci à l’issue de laquelle une seule des deux espèces survivra - et dominera la planète.",150000000,490719763,142,"Drame, Science-Fiction, Guerre",en,"",https://image.tmdb.org/t/p/w500/38qfEWsoTEP898vtSDge3UGhirS.jpg,https://image.tmdb.org/t/p/w1280/w22CTHxmdAsUrXRbCQt4gOSOD6E.jpg,Science-Fiction
18,Le Cinquième Élément,1997-05-02,8.1168,7.562,"New York, XXIIIe siècle. Une boule de feu fonce sur la Terre. Pour l'arrêter il faut retrouver le Cinquième Élément, l'être suprême, qui, associé aux quatre éléments vitaux - l'air, l'eau, le feu et la terre - peut seul repousser Le Mal. Cornélius reçoit l'aide de Korben, taxi et ancien agent secret, et de Leeloo, extraterrestre qui a pris la forme d'une jeune femme aux cheveux oranges.",90000000,263920180,126,"Science-Fiction, Action, Aventure",fr,"",https://image.tmdb.org/t/p/w500/8nx8sttha1Zidt73SbNncVfSwqk.jpg,https://image.tmdb.org/t/p/w1280/dwN0kPGrLbFRxyL3F3J3t4ShQx.jpg,Science-Fiction
1190868,V/H/S/Beyond,2024-09-20,9.0926,6.546,"Le terrain de jeu infini des mondes interdits et des formes de vie dangereuses offerts par le genre de l'horreur de science-fiction conduira au V/H/S le plus grand, le plus fou et le plus sanglant de tous les temps.",0,0,114,"Horreur, Science-Fiction, Thriller",en,"",https://image.tmdb.org/t/p/w500/wXaf6VGNHIGU7qivapGOF7o4o4N.jpg,https://image.tmdb.org/t/p/w1280/kB7Eo8fjyHn4a80A2WUfW6YiMPG.jpg,Science-Fiction
277499,From Star Wars to Star Wars: The Story of Industrial Light & Magic,1999-06-15,8.9802,7.9,"",0,0,45,"Documentaire, Science-Fiction",en,"",https://image.tmdb.org/t/p/w500/eOK9FczS2GrH8ByZr9RkLYnQiW6.jpg,https://image.tmdb.org/t/p/w1280/q56zvFIUkOyA2jdv5wf0zrldZ0V.jpg,Science-Fiction
36759,Sgt. Pepper's Lonely Hearts Club Band,1978-07-21,8.9572,4.3,"Le bonheur et l'harmonie règnent à Heartland, symbolisées par un ancien militaire, le sergent Pepper, qui a fondé un groupe de musique nommé Sgt. Pepper's Lonely Hearts Club Band. Des jeunes musiciens modernes recréant sa musique se font engager par un producteur de disques à Los Angeles, M. Kite. M. Mustard, maléfique promoteur immobilier assoiffé d'argent, en profite pour corrompre Heartland.",18000000,20378470,113,"Aventure, Musique, Comédie, Science-Fiction",en,"",https://image.tmdb.org/t/p/w500/Ben7ogJNNjWhzwVeo7LZYgiHPH.jpg,https://image.tmdb.org/t/p/w1280/55k4k2KeYvZDFOHzKoZTrCsDQA0.jpg,Science-Fiction
81246,Esprits sous contrôle,1997-07-29,8.9464,5.5,"Qu’est-ce qui a poussé une femme flic à abattre ses deux collègues et un gangster repenti ? Qu’est-ce qui a poussé un ouvrier sans histoires à prendre une dizaine d’adolescents en otage ? C’est ce que doivent découvrir les inspecteurs George Francisco et Matt Sikes. Rapidement, ils en viennent à démanteler un complot qui les entraîne aux frontières du réel…",0,0,90,"Téléfilm, Science-Fiction, Drame",en,"",https://image.tmdb.org/t/p/w500/8IOgyiIotTqdhaOxaPLdutF4HHg.jpg,"",Science-Fiction
615173,The Witch: Part 2. The Other One,2022-06-15,8.9182,7.355,"Une fille se réveille dans un laboratoire secret et rencontre Kyung-Hee, qui tente de la protéger d'un gang. Lorsque le gang trouve enfin la fille, ils sont submergés par un pouvoir inattendu.",0,23068596,137,"Action, Mystère, Thriller, Science-Fiction",ko,"",https://image.tmdb.org/t/p/w500/icQM4lMTEUVYPrSOV3BH9LZjvmY.jpg,https://image.tmdb.org/t/p/w1280/iryef4LKiPQkvhNJS1EtLlay3br.jpg,Science-Fiction
67409,Duck Dodgers au XXIVème siècle et des poussières,1953-07-25,8.8762,7.7,Le héros Spatial Daffy combat Marvin le Martien pour le contrôle de Planète X.,0,0,7,"Animation, Comédie, Science-Fiction",en,"",https://image.tmdb.org/t/p/w500/42j2qd1PhZnMaAymKfGz99cLF33.jpg,https://image.tmdb.org/t/p/w1280/nd0JD8pnKpD20y4uwIgAiSS7zSM.jpg,Science-Fiction
277353,Campus Code,2015-09-22,8.7569,3.6,"L'expérience universitaire - étudier, sortir, faire la fête ... mais quand l'un de leurs camarades de classe se désintègre sous leurs yeux, Ari, Becca, Izzy, Greta et Arun doivent combattre la sécurité, les Griefers et les autres pour découvrir l'incroyable vérité sur eux-mêmes et ce campus d'un autre monde avant qu'ils ne soient tous éliminés...",350000,0,115,"Action, Science-Fiction",en,"",https://image.tmdb.org/t/p/w500/lQUc3gKozAz7YP9iKKNHYrSF7sC.jpg,https://image.tmdb.org/t/p/w1280/6AngeKlHAjMV50ET6LksddQPDjT.jpg,Science-Fiction
22494,Le Petit Guide du voyage dans le temps,2009-04-24,8.7545,6.874,"Trois losers se retrouvent dans un pub où ils ont leurs habitudes : Ray, obsédé par les voyages dans le temps, Toby, fondu de cinéma, et Pete, un grand cynique. Au cours de cette soirée par comme les autres, ils vont vivre d'étranges expériences temporelles avec Cassie, une jeune fille qui déclare surgir du futur.",0,23820,79,"Comédie, Drame, Romance, Science-Fiction",en,"",https://image.tmdb.org/t/p/w500/mGMqIeJcMJCg1DYc6Ph4Vi1MxUf.jpg,https://image.tmdb.org/t/p/w1280/rqLzB9OTueR41YWKD5ihBJN54N3.jpg,Science-Fiction
39323,Dragon Ball Z - Baddack contre Freezer,1990-10-17,8.6849,7.555,"Sur une planète lointaine a lieu un terrible massacre : un groupe de Saiyans éradique toute la population au nom de Freezer. Parmi eux se trouve Baddack, un vaillant combattant. Après avoir ravagé la planète, un ultime survivant autochtone assène un coup à Baddack dans un dernier élan de désespoir. Le choc a transmis au Saiyan la faculté de voir l'avenir. Après l'annonce de la victoire des Saiyans, Freezer décide d'anéantir ce peuple dans la crainte qu'un jour, il ne se rebelle contre lui. Baddack découvre le dessein de Freezer grâce à ses visions du futur et va tenter d'empêcher le massacre de son peuple.",0,0,48,"Animation, Action, Science-Fiction, Drame, Fantastique",ja,"",https://image.tmdb.org/t/p/w500/a5FjrOmVTlogCltQjJ4ik038eq8.jpg,https://image.tmdb.org/t/p/w1280/93WDwbpnt40peVQthtBQ6U8FCjr.jpg,Science-Fiction
136406,LEGO Star Wars : L'Empire en vrac,2012-09-26,8.6843,6.357,"L'Etoile Noire vient juste d'être détruite, mais nos héros Luke, Leia, Han, Chewbacca et l'alliance rebelle n'ont pas le temps de se reposer ! L'Empire menace de nouveau et ils doivent vite réagir ! Mais Luke, apprenti Jedi, devenu une star pour avoir fait exploser l'Etoile Noire, découvre que la célébrité est un sabre laser à double tranchant ! Sa mission ultra secrète sur Naboo est mise en péril par une foule d'admiratrices en délire ! Pendant ce temps, la journée de Dark Vador commence mal et ne cesse de s'empirer avec l'arrivée imprévue du seigneur Sith, Dark Maul, qui perturbe sa relation avec son mentor, l'Empereur. Dans leur quête de prouver de quoi ils sont capables, Luke et Vador se heurtent l'un à l'autre et changent leur destin.",0,0,20,"Familial, Animation, Science-Fiction",en,"",https://image.tmdb.org/t/p/w500/wrVZbZZ4G198m5y2gBQICH1y4UZ.jpg,https://image.tmdb.org/t/p/w1280/aM1dP91YFVPsgq1WG8vMwip9zLe.jpg,Science-Fiction
51137,Turma da Mônica em Uma Aventura no Tempo,2007-02-16,8.6212,7.6,"",813499,2186657,80,"Animation, Comédie, Aventure, Familial, Science-Fiction",pt,"",https://image.tmdb.org/t/p/w500/4gtgUYAngSN6NlFX2ybJSDKCSVE.jpg,https://image.tmdb.org/t/p/w1280/vwqxibHum353X5pKszKExvUimMJ.jpg,Science-Fiction
1175942,Les Bad Guys 2,2025-07-24,39.9972,7.7,"Un loup, un serpent, une tarentule, un requin et un piranha sont une ancienne bande de criminels repentis tentant une réinsertion dans la société. Cependant, leur mauvaise réputation les précède et ils peinent à trouver du travail. Lorsqu'une série de cambriolages sont perpétrés dans la ville, ils en deviennent les principaux suspects. Pour prouver leurs bonnes intentions, ils offrent à la commissaire de police d'utiliser leurs habiletés uniques pour identifier le véritable coupable.",80000000,224738330,104,"Familial, Comédie, Crime, Aventure, Animation",en,"",https://image.tmdb.org/t/p/w500/1heUoLYAHVAKn0ehIF9ASOg2jUv.jpg,https://image.tmdb.org/t/p/w1280/lB96EMr5A7Og81UhyldJvvy35r.jpg,Aventure
671,Harry Potter à l'école des sorciers,2001-11-16,27.3424,7.899,"Orphelin, le jeune Harry Potter peut enfin quitter ses tyranniques oncle et tante Dursley lorsqu'un curieux messager lui révèle qu'il est un sorcier. À 11 ans, Harry va enfin pouvoir intégrer la légendaire école de sorcellerie de Poudlard, y trouver une famille digne de ce nom et des amis, développer ses dons, et préparer son glorieux avenir.",125000000,976475550,153,"Aventure, Fantastique",en,https://www.harrypotter.com,https://image.tmdb.org/t/p/w500/fbxQ44VRdM2PVzHSNajUseUteem.jpg,https://image.tmdb.org/t/p/w1280/bfh9Z3Ghz4FOJAfLOAhmc3ccnHU.jpg,Aventure
672,Harry Potter et la Chambre des secrets,2002-11-13,26.3421,7.704,"Après de très mauvaises vacances passées chez ses odieux oncle et tante et son affreux cousin, Harry rejoint, non sans mal, l'École des Sorciers où, avec ses amis Ron et Hermione et l'aide ponctuelle de nouveaux venus, il parvient à élucider le mystère de la Chambre des secrets, malgré les pièges tendus par ses ennemis et sans le concours de Lockhart, un nouveau professeur fanfaron et lâche, chargé pourtant de vaincre les Forces du Mal.",100000000,876688482,161,"Aventure, Fantastique",en,"",https://image.tmdb.org/t/p/w500/8KpHRokGpiaqEGpjYe0rpywtvUx.jpg,https://image.tmdb.org/t/p/w1280/7tbeoSTWW2cWPecjQo9fcdf0Hzv.jpg,Aventure
823219,"Flow, le chat qui n'avait plus peur de l'eau",2024-08-29,17.7505,8.124,Un chat se réveille dans un univers envahi par l’eau où toute vie humaine semble avoir disparu. Il trouve refuge sur un bateau avec un groupe d’autres animaux. Mais s’entendre avec eux s’avère un défi encore plus grand que de surmonter sa peur de l'eau ! Tous devront désormais apprendre à surmonter leurs différences et à s’adapter au nouveau monde qui s’impose à eux.,3700000,17660107,85,"Animation, Aventure, Fantastique, Familial",lv,"",https://image.tmdb.org/t/p/w500/zeinX0xt78GgtpCQjx7d2S6Gh7g.jpg,https://image.tmdb.org/t/p/w1280/4XPNNt0zfZKBqxxVWaQALd57UHl.jpg,Aventure
675,Harry Potter et l'Ordre du Phénix,2007-07-08,20.52,7.674,"Alors qu’il entame sa cinquième année d’étude à Poudlard, Harry Potter découvre qu’une bonne partie de la communauté des sorciers feint d’ignorer sa récente confrontation avec Lord Voldemort, et préfèrent nier cette aveuglante évidence : le Seigneur des Ténèbres est bel et bien vivant. De plus, la communauté magique lit les mensonges de Rita Skeeter dans la Gazette du Sorcier sous contrôle du Ministère de la Magie. Craignant que le puissant Albus Dumbledore ne mente à propos du retour de Voldemort dans le but de saper son autorité et de lui ravir son poste, le Ministre de la Magie Cornélius Fudge nomme un nouveau Professeur de Défense contre les Forces du Mal, qu’il charge de surveiller le vieux doyen et ses étudiants. Mais celle‐ci, Dolores Ombrage, se révèle incapable de préparer les collégiens à affronter les nouvelles menaces qui planent sur Poudlard…",150000000,938212738,138,"Aventure, Fantastique",en,"",https://image.tmdb.org/t/p/w500/9ZfpCVNx0y8jpColnnfdA1HI4Zb.jpg,https://image.tmdb.org/t/p/w1280/jLbpgkxA5PSgzmcszT8yCOyPkgf.jpg,Aventure
674,Harry Potter et la Coupe de feu,2005-11-16,23.0343,7.8,"La quatrième année à l’école de Poudlard est marquée par le « Tournoi des trois sorciers ». Les participants sont choisis par la fameuse « Coupe de feu » qui est à l’origine d’un scandale. Elle sélectionne Harry Potter alors qu’il n’a pas l’âge requis. Accusé de tricherie et mis à mal par une série d’épreuves physiques de plus en plus difficiles, ce dernier sera enfin confronté à Celui dont on ne doit pas prononcer le nom, Lord V.",150000000,895921036,157,"Aventure, Fantastique",en,"",https://image.tmdb.org/t/p/w500/hBak1pn5pbI4ycAbrgMMn1YI7P1.jpg,https://image.tmdb.org/t/p/w1280/8f9dnOtpArDrOMEylpSN9Sc6fuz.jpg,Aventure
109445,La Reine des neiges,2013-11-20,18.9587,7.249,"Anna, une jeune fille aussi audacieuse qu’optimiste, se lance dans un incroyable voyage en compagnie de Kristoff, un montagnard expérimenté, et de son fidèle renne, Sven à la recherche de sa sœur, Elsa, la Reine des Neiges qui a plongé le royaume d’Arendelle dans un hiver éternel…  En chemin, ils vont rencontrer de mystérieux trolls et un drôle de bonhomme de neige nommé Olaf, braver les conditions extrêmes des sommets escarpés et glacés, et affronter la magie qui les guette à chaque pas.",150000000,1274219009,102,"Animation, Familial, Aventure, Fantastique",en,"",https://image.tmdb.org/t/p/w500/fikeGulMBxdBmyCK8cvRbqaUcDR.jpg,https://image.tmdb.org/t/p/w1280/u2bZhH3nTf0So0UIC1QxAqBvC07.jpg,Aventure
411,"Le Monde de Narnia : Le Lion, la sorcière blanche et l'armoire magique",2005-12-07,22.0289,7.135,"Le Monde de Narnia : chapitre 1 conte la lutte entre le bien et le mal qui oppose le magnifique lion Aslan aux forces des ténèbres dans le monde magique de Narnia. Grâce à ses sombres pouvoirs, la Sorcière Blanche a plongé Narnia dans un hiver qui dure depuis un siècle, mais une prédiction révèle que quatre enfants aideront Aslan à rompre la malédiction. Lorsque Lucy, Susan, Edmund et Peter Pevensie, quatre frères et sœurs, découvrent ce monde enchanté en y pénétrant à travers une armoire, tout est en place pour une bataille de proportions épiques…",180000000,745013115,140,"Aventure, Familial, Fantastique",en,"",https://image.tmdb.org/t/p/w500/1jMFs9wIuVMNuTxGHJQ3oTBn9SY.jpg,https://image.tmdb.org/t/p/w1280/AuV99eQivVWuk2AOSM6hYh9QRPQ.jpg,Aventure
5255,Le Pôle express,2004-11-10,17.4833,6.723,"Un jeune garçon qui se met à douter de l'existence du père Noël monte dans un train mystérieux en partance pour le pôle Nord. À mesure que le Pôle Express s'enfonce dans des contrées enchantées, l'aventure est au rendez-vous et les jeunes passagers prennent conscience de l'étendue de leurs dons.",165000000,318432432,100,"Animation, Aventure, Familial, Fantastique",en,"",https://image.tmdb.org/t/p/w500/iuksIOxXUYkI2Ung59E0DNRK8Vr.jpg,https://image.tmdb.org/t/p/w1280/jtOvTVlkF8TlaOq94oNXRc9u2yp.jpg,Aventure
12445,Harry Potter et les Reliques de la Mort - 2ème partie,2011-07-12,18.812,8.083,Le combat entre les puissances du bien et du mal de l’univers des sorciers se transforme en guerre sans merci. L’école Poudlard est désormais sous la coupe du professeur Rogue et des force des ténèbres. Les enjeux sont devenus considérables et personne n’est plus en sécurité alors que se rapproche l’ultime épreuve de force avec Voldemort…,125000000,1341511219,130,"Aventure, Fantastique",en,"",https://image.tmdb.org/t/p/w500/alQOPmKEPHkH4BLMEla1vTNYrUr.jpg,https://image.tmdb.org/t/p/w1280/cbcpDn6XJaIGoOil1bKuskU8ds4.jpg,Aventure
354912,Coco,2017-10-27,18.435,8.201,"Depuis déjà plusieurs générations, la musique est bannie dans la famille de Miguel. Un vrai déchirement pour le jeune garçon dont le rêve ultime est de devenir un musicien aussi accompli que son idole, Ernesto de la Cruz. Bien décidé à prouver son talent, Miguel, par un étrange concours de circonstances, se retrouve propulsé dans un monde étonnant et coloré lié aux célébrations des ancêtres. Là, il se lie d’amitié avec Hector, un gentil garçon mais un peu filou sur les bords. Ensemble, ils vont accomplir un voyage extraordinaire qui leur révèlera la véritable histoire qui se cache derrière celle de la famille de Miguel…",175000000,814641172,110,"Familial, Animation, Musique, Aventure",en,https://www.pixar.com/feature-films/coco,https://image.tmdb.org/t/p/w500/sZqcEV3KhDITHlUBmyj1a3RRvT9.jpg,https://image.tmdb.org/t/p/w1280/wSJHuSD7ojzoXifWjOAjxV7UpEL.jpg,Aventure
615453,Ne Zha,2019-07-26,16.1928,7.88,"Ne zha, un jeune garçon, est né d'une perle céleste du Seigneur du ciel. Doté de pouvoirs uniques, il se retrouve à vivre comme un paria, détesté et craint. Destiné par la prophétie à détruire le monde, il doit choisir entre le bien et le mal afin de briser les chaînes du destin et devenir un héros.",22000000,742718496,110,"Animation, Fantastique, Aventure",zh,"",https://image.tmdb.org/t/p/w500/zb8xejiaNR0snSJgDepwFQUIi2e.jpg,https://image.tmdb.org/t/p/w1280/k1pJslKr4aDayw9kWwWnlC3MIP3.jpg,Aventure
673,Harry Potter et le Prisonnier d'Azkaban,2004-05-31,19.4966,8.01,"Sirius Black, un dangereux sorcier criminel, s’échappe de la sombre prison d’Azkaban avec un seul et unique but : retrouver Harry Potter, en troisième année à l’école de Poudlard. Selon la légende, Black aurait jadis livré les parents du jeune sorcier à leur assassin, Lord Voldemort, et serait maintenant déterminé à tuer Harry…",130000000,789804554,142,"Aventure, Fantastique",en,"",https://image.tmdb.org/t/p/w500/t4P2079IyK19njHDP2GwQrKdvzd.jpg,https://image.tmdb.org/t/p/w1280/fVgBU3KJAWHS55FPdbsZQ3YQG2Z.jpg,Aventure
808,Shrek,2001-05-18,19.9454,7.754,"Shrek, un ogre verdâtre, cynique et malicieux, a élu domicile dans un marécage qu’il croit être un havre de paix. Un matin, alors qu’il sort faire sa toilette, il découvre de petites créatures agaçantes qui errent dans son marais. Shrek se rend alors au château du seigneur Lord Farquaad, qui aurait soi‐disant expulsé ces êtres de son royaume. Ce dernier souhaite épouser la princesse Fiona, mais celle‐ci est retenue prisonnière par un abominable dragon. Il lui faut un chevalier assez brave pour secourir la belle. Shrek accepte d’accomplir cette mission. En échange, le seigneur devra débarrasser son marécage de ces créatures envahissantes. Or, la princesse Fiona cache un secret terrifiant qui va entraîner Shrek et son compagnon l’âne dans une palpitante et périlleuse aventure.",60000000,488628188,89,"Animation, Comédie, Fantastique, Aventure, Familial",en,https://www.dreamworks.com/movies/shrek,https://image.tmdb.org/t/p/w500/rJIju4i2sENrfTbAXwL9OKv2e1i.jpg,https://image.tmdb.org/t/p/w1280/40Wtp7kMG6mZ4d5T1jfrd8qrvD4.jpg,Aventure
12208,Casino Royale,1967-04-13,19.6806,5.252,"Sir James Bond se repose dans son château d’Écosse. C’est alors que les quatre chefs secrets des grandes puissances le supplient d’accomplir une dernière mission. Pour le convaincre, ils font sauter sa demeure. Le grand Bond se décide alors à agir et à démasquer celui qui fait peser une terrible menace sur le monde.",12000000,41744718,131,"Aventure, Action, Comédie",en,"",https://image.tmdb.org/t/p/w500/vk3vMJasKZ0YcAl66fl1r9RreKT.jpg,https://image.tmdb.org/t/p/w1280/3C8FqRRV9dbODt2qMBSjl3YxiLD.jpg,Aventure
346698,Barbie,2023-07-19,18.4648,6.9,"Parallèlement au réel, il existe Barbie Land, un monde parfait où les poupées Barbie vivent joyeusement, persuadées d'avoir rendu les filles humaines heureuses. Mais un jour, une Barbie commence à se poser des questions et à devenir humaine. Sur les conseils d'une Barbie étrange, elle part pour le monde réel afin de retrouver la fille à laquelle elle appartenait afin de pouvoir retrouver sa perfection. Dans sa quête, elle est accompagnée par un Ken fou amoureux d'elle qui va également trouver un sens à sa vie dans le monde réel…",145000000,1447138421,114,"Comédie, Aventure",en,"",https://image.tmdb.org/t/p/w500/iuFNMS8U5cb6xfzi51Dbkovj7vM.jpg,https://image.tmdb.org/t/p/w1280/ctMserH8g2SeOAnCw5gFjdQF8mo.jpg,Aventure
1117857,Dans tes rêves,2025-11-07,13.51,7.031,Stevie et son petit frère Elliot s'aventurent dans le monde follement absurde de leurs rêves pour demander au marchand de sable de leur donner la famille parfaite.,0,0,87,"Animation, Familial, Comédie, Aventure, Fantastique",en,https://www.netflix.com/fr/title/80992977,https://image.tmdb.org/t/p/w500/7L4EiY10cRJ4Eekom9H4pruaa5Z.jpg,https://image.tmdb.org/t/p/w1280/pU9cz8mZjzwyPAcJDPXBlK99BoR.jpg,Aventure
122,Le Seigneur des anneaux : Le Retour du roi,2003-12-17,18.8689,8.491,"La bataille pour la Terre du Milieu a commencé. Frodon et Sam, guidés par Gollum, poursuivent leur mission à travers les terres du Mordor pour détruire l'Anneau Unique. Tandis que le pouvoir de Sauron grandit, Aragorn, l'héritier du trône du Gondor, rassemble l'armée des Hommes contre les forces du Mal, afin de laisser une chance au porteur de l'Anneau d'accomplir sa quête…",94000000,1118888979,201,"Aventure, Fantastique, Action",en,"",https://image.tmdb.org/t/p/w500/aqiFUqswXVM58Tamux1ilnNvVRs.jpg,https://image.tmdb.org/t/p/w1280/2u7zbn8EudG6kLlBzUYqP8RyFU4.jpg,Aventure
762509,Mufasa : Le Roi Lion,2024-12-18,15.8285,7.3,"Suivez l'épopée de l'improbable ascension du roi bien-aimé de la Terre des Lions. Mufasa est un orphelin seul et perdu jusqu'à ce qu'il rencontre Taka, héritier de sang royal. C'est le début d'un voyage épique au cours duquel ils tenteront d'échapper à un ennemi redoutable, ce qui mettra leurs liens à rude épreuve.",200000000,722631756,118,"Aventure, Familial, Animation",en,https://www.disney.fr/films/mufasa-le-roi-lion,https://image.tmdb.org/t/p/w500/6UHzgofq5T4NYp0ba3MelmrLwBq.jpg,https://image.tmdb.org/t/p/w1280/1w8kutrRucTd3wlYyu5QlUDMiG1.jpg,Aventure
767,Harry Potter et le Prince de sang-mêlé,2009-07-15,20.2045,7.682,"Voldemort a renforcé son emprise sur le monde des sorciers aussi bien que sur celui des Moldus, et Poudlard n’est plus un endroit sûr. Harry est d’ailleurs persuadé que le danger rôde à l’intérieur même de l’école mais Dumbledore est plus soucieux de le préparer pour la bataille finale qu’il sent approcher à grands pas. Ensemble, ils tentent de trouver le talon d’Achille de Voldemort et, à cette fin, Dumbledore fait appel au Professeur Horace Slughorn, qui détient des informations cruciales.",250000000,933959197,153,"Aventure, Fantastique",en,"",https://image.tmdb.org/t/p/w500/A4WWOzWUASfUeESXxduQxVmoD7t.jpg,https://image.tmdb.org/t/p/w1280/ze6Mx4QE5mQVXRYmG2flncqqle4.jpg,Aventure
12444,Harry Potter et les Reliques de la Mort - 1ère partie,2010-11-17,20.3687,7.738,"Le pouvoir de Voldemort s'étend dangereusement. Le Seigneur des Ténèbres contrôle désormais le Ministère de la Magie et impose sa domination sur Poudlard, semant la peur et la terreur dans le monde des sorciers. Harry, Ron et Hermione, devenus des fugitifs traqués, s'engagent dans une quête périlleuse pour achever l'œuvre de Dumbledore : retrouver et détruire les Horcruxes, ces fragments d'âme qui rendent Voldemort immortel. Mais isolés, sans protection et confrontés à des dangers constants, les trois amis voient leurs liens mis à rude épreuve. Entre secrets révélés, trahisons et sacrifices, leur mission semble presque impossible, alors que l'ombre du mal menace de tout engloutir. Pourtant, ils savent que leur combat est la seule lueur d'espoir face à l'obscurité croissante.",250000000,954305868,146,"Aventure, Fantastique",en,"",https://image.tmdb.org/t/p/w500/yJm61MmTMjOmNXxPxdoaIkdqnOm.jpg,https://image.tmdb.org/t/p/w1280/AqLcLsGGTzAjm3pCCq0CZCQrp6m.jpg,Aventure
1086910,The Lost Princess,2025-10-16,13.2116,6.225,"",0,0,105,"Action, Aventure",en,"",https://image.tmdb.org/t/p/w500/31S2ISsDtbnxb0kuXZl1SxSMD0K.jpg,https://image.tmdb.org/t/p/w1280/ax2qCKU6tUhdkStiCnrDdXKA5xC.jpg,Aventure
10191,Dragons,2010-03-18,18.1023,7.854,"L’histoire d’Harold, jeune Viking peu à son aise dans sa tribu où combattre les dragons est le sport national. Sa vie va être bouleversée par sa rencontre avec un dragon qui va peu à peu amener Harold et les siens à voir le monde d’un point de vue totalement différent.",165000000,495141736,86,"Fantastique, Aventure, Animation, Familial",en,https://www.dreamworks.com/how-to-train-your-dragon,https://image.tmdb.org/t/p/w500/a2xXAG8QuFZYt4ElbDrUd0IC3Ge.jpg,https://image.tmdb.org/t/p/w1280/59vDC1BuEQvti24OMr0ZvtAK6R1.jpg,Aventure
14522,Prince noir,1994-07-29,7.101,6.7,"Magnifique étalon, Prince Noir vit dans une superbe propriété de la campagne anglaise. Jusqu'au jour où ses maîtres doivent déménager et se séparer de lui. Le cheval se retrouve alors embarqué dans une aventure rocambolesque qui le mènera des vertes prairies de son enfance jusqu'aux rues sales de Londres...",0,0,86,"Familial, Aventure, Drame",en,"",https://image.tmdb.org/t/p/w500/172daEga6sNAfevCl7WxsAQYpnS.jpg,https://image.tmdb.org/t/p/w1280/o9AEP2Z8Ez1DlbYIrxJl2URj4L8.jpg,Aventure
38757,Raiponce,2010-11-24,14.7048,7.609,"Quand le bandit le plus recherché du royaume, Flynn Rider, se cache dans une mystérieuse tour, il est pris en otage par Raiponce, une jolie adolescente avec des cheveux de 20 mètres. La curieuse ravisseuse de Flynn, qui cherche à s’échapper de la tour où elle est enfermée depuis des années, conclut un accord avec le voleur et le duo improbable se lance dans une aventure pleine d’action, en compagnie du cheval Maximus, d'un camélon surprotecteur du nom de Pascal, et d'une bande de voyous.",260000000,592461732,101,"Animation, Familial, Aventure",en,http://disney.go.com/disneypictures/tangled/,https://image.tmdb.org/t/p/w500/xZhAFR0N2r5q7tJNWaBGzHUaeb5.jpg,https://image.tmdb.org/t/p/w1280/cWczNud8Y8i8ab0Z4bxos4myWYO.jpg,Aventure
356987,119 jours : Les survivants de l'océan,2016-03-02,10.2945,5.9,"Tiré d'une histoire vraie, le film se base sur le livre \"The Spirit of Rose Noëlle\" écrit par l'un des survivants : John Glennie, propriétaire et capitaine du trimaran Rose Noëlle. En 1989, son voilier appareille de Picton en Nouvelle-Zélande à destination des Tonga avec 4 hommes à bord. Au cours d'une tempête, le voilier est retourné par une terrible vague et l'équipage se retrouve confiné dans une étroite cabine, seul espace n'étant pas innondé. Il s'ensuit alors, 119 jours de lutte et d'angoisse pour survivre au beau milieu de l'océan Pacifique.",0,0,87,"Drame, Thriller, Aventure",en,"",https://image.tmdb.org/t/p/w500/oZgduLkFgBjLFHtt75QYzu5JIcE.jpg,https://image.tmdb.org/t/p/w1280/aRSk4nWAlSuabUTqtMO5tPpgYoD.jpg,Aventure
666154,Kayara,2025-01-02,10.786,7.6,Une jeune femme inca rêve de s'introduire dans le groupe masculin des messagers inca de Chasqui.,8000000,0,81,"Animation, Aventure, Familial",en,"",https://image.tmdb.org/t/p/w500/tpZdjnoJ6Z3NsSxI6HjAIggrcEv.jpg,https://image.tmdb.org/t/p/w1280/hJXsJkQC8F3bgUTfsD402uj2Ewf.jpg,Aventure
36557,Casino Royale,2006-11-14,9.967,7.6,"Pour sa première mission, James Bond affronte le tout-puissant banquier privé du terrorisme international, Le Chiffre. Pour achever de le ruiner et démanteler le plus grand réseau criminel qui soit, Bond doit le battre lors d'une partie de poker à haut risque au Casino Royale. La très belle Vesper, attachée au Trésor, l'accompagne afin de veiller à ce que l'agent 007 prenne soin de l'argent du gouvernement britannique qui lui sert de mise, mais rien ne va se passer comme prévu. Alors que Bond et Vesper s'efforcent d'échapper aux tentatives d'assassinat du Chiffre et de ses hommes, d'autres sentiments surgissent entre eux, ce qui ne fera que les rendre plus vulnérables...",150000000,599045960,138,"Aventure, Action, Thriller",en,"",https://image.tmdb.org/t/p/w500/1ST7phuvQsaAIIkRyAtESZFLMx9.jpg,https://image.tmdb.org/t/p/w1280/mXFmGlMCgTIOyHaGmQG1Hb6Rv2m.jpg,Aventure
340469,Il ritorno del gladiatore più forte del mondo,1971-08-13,16.7239,6.1,"",0,0,93,Aventure,it,"",https://image.tmdb.org/t/p/w500/3bNzDtn2PyAXaWZEzOJvnQYBmRP.jpg,"",Aventure
297802,Aquaman,2018-12-07,9.3206,6.871,"Personnage légendaire depuis 70 ans, Aquaman est le Roi des Sept Mers, régnant à contrecœur sur Atlantis. Pris en étau entre les Terriens qui détruisent constamment la mer et les habitants d'Atlantis prêts à se révolter, Aquaman doit protéger la planète tout entière…",160000000,1152028393,143,"Action, Aventure, Fantastique",en,"",https://image.tmdb.org/t/p/w500/ghbBIweVDjTyx983GQmnCPGlE3U.jpg,https://image.tmdb.org/t/p/w1280/9QusGjxcYvfPD1THg6oW3RLeNn7.jpg,Aventure
209112,Batman v Superman : L'Aube de la Justice,2016-03-23,11.7506,5.988,"Craignant que Superman n’abuse de sa toute‐puissance, le Chevalier noir décide de l’affronter : le monde a‐t‐il davantage besoin d’un super‐héros aux pouvoirs sans limite ou d’un justicier à la force redoutable mais d’origine humaine ? Pendant ce temps‐là, une terrible menace se profile à l’horizon…",250000000,874362803,153,"Action, Aventure, Fantastique",en,http://batmanvsuperman.dccomics.com/,https://image.tmdb.org/t/p/w500/krEWtXK2K7dg5RyMlx9f5WnI1xd.jpg,https://image.tmdb.org/t/p/w1280/5fX1oSGuYdKgwWmUTAN5MNSQGzr.jpg,Aventure
630,Le Magicien d'Oz,1939-08-15,11.1566,7.591,Dorothy Gale est emportée par une tornade loin de sa ferme du Kansas et se retrouve au pays magique d'Oz. Elle se lance alors dans une quête avec ses nouveaux amis pour voir le magicien qui pourra aider ses amis et l'aider à rentrer chez elle au Kansas.,2777000,33754967,101,"Aventure, Fantastique, Familial",en,"",https://image.tmdb.org/t/p/w500/jBIVN3Ot73d4eGlL34T3jI5W0au.jpg,https://image.tmdb.org/t/p/w1280/g1OvTd1eF346vmx8qsJnjaiooZ6.jpg,Aventure
13494,Red Sonja,2025-07-31,11.9224,5.764,"Réduite en esclavage par un tyran maléfique qui souhaite détruire son peuple, Sonia la barbare doit réunir un groupe de guerriers improbables afin d’affronter Draygan et son épouse impitoyable,  Annisia.",0,265091,110,"Aventure, Action, Fantastique",en,"",https://image.tmdb.org/t/p/w500/rmoaCJYM2qVYL2LfJmQCkiEwMl.jpg,https://image.tmdb.org/t/p/w1280/xSD0q1FiuZkvHuy7uscOLbmd1hR.jpg,Aventure
9806,Les Indestructibles,2004-11-05,12.7077,7.7,"Ayant raccroché leurs costumes quinze ans plus tôt, Bob, ex‐Mr. Indestructible et sa femme, Hélène, ex‐Elastigirl, sont rentrés dans le rang et s’efforcent de mener une vie normale avec leurs trois enfants. Mais l’occasion de repasser à l’action va se présenter pour Bob lorsqu’une mystérieuse convocation l’appelle sur une île lointaine pour une mission top‐secrète.",92000000,631442092,115,"Action, Aventure, Animation, Familial",en,http://disney.go.com/disneyvideos/animatedfilms/incredibles/main.html,https://image.tmdb.org/t/p/w500/1FLKNiL41KPRgByj4uwlIqrpD6f.jpg,https://image.tmdb.org/t/p/w1280/se5Hxz7PArQZOG3Nx2bpfOhLhtV.jpg,Aventure
987400,Batman Azteca: Choque de imperios,2025-09-18,9.5261,7.8,"À l'époque de l'empire aztèque, Yohualli Coatl est frappé par une tragédie lorsque son père est assassiné par les conquistadors espagnols. Afin d'avertir le roi Moctezuma et son grand prêtre, Yoka, du danger imminent, Yohualli s'enfuit à Tenochtitlán. Là, il s'entraîne dans le temple du dieu chauve-souris Tzinacan avec son mentor, développant des équipements et des armes pour affronter l'invasion espagnole et venger la mort de son père. En chemin, il rencontre des personnages clés tels que la féroce Femme Jaguar et le conquistador Hernán Cortés.",0,0,90,"Animation, Action, Aventure, Fantastique",es,"",https://image.tmdb.org/t/p/w500/2nifUnsraLRfZL4vWCTi7A92DiN.jpg,https://image.tmdb.org/t/p/w1280/9KSboWOt09J72aMY4x8SS1IaOHK.jpg,Aventure
297762,Wonder Woman,2017-05-30,12.5793,7.2,"Avant d'être Wonder Woman, elle s'appelait Diana, princesse des Amazones, entraînée pour être une guerrière impossible à conquérir. Elle est élevée sur une île isolée et paradisiaque, mais lorsqu'un pilote américain s'écrase sur leur rivage et annonce qu'un conflit à grande échelle fait rage dans le monde, Diana quitte son foyer, convaincue qu'elle doit arrêter cette menace. Combattant aux côtés de cet homme et des siens pour mettre fin à cette guerre et à toutes les guerres, Diana découvre ses vrais pouvoirs... Et son véritable destin.",149000000,823970682,141,"Action, Aventure, Fantastique",en,"",https://image.tmdb.org/t/p/w500/oomdTdke7dqffdDoDV1fFBV4fJY.jpg,https://image.tmdb.org/t/p/w1280/AaABt75ZzfMGrscUR2seabz4PEX.jpg,Aventure
580489,Venom : Let There Be Carnage,2021-09-30,11.5848,6.759,"Environ un an après avoir affronté Riot, Eddie Brock « cohabite » toujours avec le symbiote Venom. Alors qu’il tente de relancer sa carrière de journaliste d'investigation, Eddie se rend en prison pour interviewer le tueur en série Cletus Kasady. Il ignore que ce dernier est lui aussi l'hôte d'un symbiote, Carnage.",110000000,506863592,97,"Science-Fiction, Action, Aventure",en,"",https://image.tmdb.org/t/p/w500/9j21DXo7Gwtfxj81iC20AbOqumt.jpg,https://image.tmdb.org/t/p/w1280/eENEf62tMXbhyVvdcXlnQz2wcuT.jpg,Aventure
55729,Santo et Blue Demon contre Dracula et le loup-garou,1973-07-26,11.5541,5.6,"Le comte Dracula et son acolyte loup-garou Rufus Rex élaborent un plan machiavélique pour dominer le monde. Seul capable d'empêcher le pire d'arriver, le célèbre catcheur Santo, affublé de son ami et néanmoins rival Blue Demon, décide d'intervenir afin de déjouer les ambitions des deux monstres...",0,0,90,"Action, Aventure, Horreur",es,"",https://image.tmdb.org/t/p/w500/3jyynXOUsOFbZY3K3MGeXsNTxJz.jpg,https://image.tmdb.org/t/p/w1280/asrKK8YSUlnJTezV9LQugGfDmeZ.jpg,Aventure
566525,Shang-Chi et la Légende des Dix Anneaux,2021-09-01,11.345,7.504,Shang-Chi va devoir affronter un passé qu’il pensait avoir laissé derrière lui lorsqu’il est pris dans la toile de la mystérieuse organisation des dix anneaux.,150000000,432243292,131,"Action, Aventure, Fantastique",en,https://disney.fr/films/shang-chi-et-la-legende-des-dix-anneaux,https://image.tmdb.org/t/p/w500/g54eUtuCTAOQaNlVpr7Kpr7sVoH.jpg,https://image.tmdb.org/t/p/w1280/fJbWgOb9pSQXihM9m10bRvl2dJ8.jpg,Aventure
527435,Les Chroniques de Noël,2018-11-22,11.2866,7.148,"Kate et Teddy sont tout occupés à épier la venue du Père Noël. Alors que celui-ci apparaît, comme par magie, les enfants parviennent à se glisser dans son traîneau et se lancent dans une folle aventure, où un accident manque de gâcher les fêtes. Ils vont alors tout faire pour aider le Père Noël et ses fidèles elfes à sauver Noël, avant qu'il ne soit trop tard.",0,0,100,"Comédie, Aventure, Familial, Fantastique",en,https://www.netflix.com/title/80199682,https://image.tmdb.org/t/p/w500/o88NXeYES4TPtsf1EFXCdcLt2YA.jpg,https://image.tmdb.org/t/p/w1280/brENMyyhk13WLzKHBK20rBKx0u7.jpg,Aventure
3591,Un million d'années avant J.C.,1966-11-24,11.2827,6.084,"L'homme préhistorique Tumak est banni de sa tribu. Sur sa route, il rencontre la belle Loana, qui décide de quitter elle aussi son clan pour l'accompagner sur sa route.",0,0,100,"Aventure, Fantastique",en,"",https://image.tmdb.org/t/p/w500/dRdW2ZAsYAU7OQ1xWuks0gbjvFX.jpg,https://image.tmdb.org/t/p/w1280/9rR2D1RyBd2Gq1qWhMNen7UHskR.jpg,Aventure
13639,Les Chevaliers du Roi,2008-07-16,11.264,5.8,"Tiuri est apprenti chevalier. Pour devenir un véritable chevalier, il doit passer une ultime épreuve. Au cours de celle-ci, un inconnu demande à Tiuri de remettre une lettre à un chevalier en pleine forêt. Quand Tiuri trouve le destinataire, celui-ci, gravement blessé lui demande de remettre lui-même la lettre au Roi car le sort du royaume est en jeu. Tiuri va se lancer dans l'aventure et faire face à d'innombrables adversaires...",0,0,105,"Familial, Aventure",nl,"",https://image.tmdb.org/t/p/w500/5fIO6GS0I0mwntZOWh9wJSfAeig.jpg,https://image.tmdb.org/t/p/w1280/t8i4hi3R6qDohf7MHyxTV69oyv2.jpg,Aventure
668,Au service secret de Sa Majesté,1969-12-18,11.2468,6.564,"Sur la piste de Blofeld, James Bond sauve la comtesse Tracy Di Vicenzo du suicide et en tombe amoureux. Le père de la comtesse, Marc-Ange Draco, met la pression sur Bond pour qu'il épouse sa fille. D'abord réticent, James Bond finit par accepter à condition que Draco l'aide à traquer Blofeld. Il se rend alors au MI6 où il apprend que l'affaire Blofeld lui est retirée...",7000000,82000000,142,"Aventure, Action, Thriller",en,"",https://image.tmdb.org/t/p/w500/sHYTFChLjBU7TLQwpcX5BHQNUp9.jpg,https://image.tmdb.org/t/p/w1280/58pMrmwwcKamJIdjUlinE6QX1Fs.jpg,Aventure
335575,Santo contra el asesino de la T.V.,1982-09-10,11.2238,4.4,"",0,0,88,"Aventure, Action, Thriller",es,"",https://image.tmdb.org/t/p/w500/83smtpzoGWRA15wzaapmlnr3Mm4.jpg,https://image.tmdb.org/t/p/w1280/eIChwbFUsSvfwC2YSeH6uqq9isc.jpg,Aventure
10195,Thor,2011-04-21,10.5176,6.769,"Thor, le héros du nouveau film issu de l'univers Marvel, est un guerrier tout-puissant et arrogant dont les actes téméraires font renaître de nos jours un conflit ancestral. À cause de cela, il est banni du Royaume mythique d’Asgard et est condamné à vivre parmi les humains. Mais lorsque les forces du Mal d’Asgard s’apprêtent à envahir la Terre, Thor découvre enfin ce que signifie \"être un héros\".",150000000,449326618,115,"Aventure, Fantastique, Action",en,"",https://image.tmdb.org/t/p/w500/q8pF6s9b9veTQvxTqMDIQf9nJKi.jpg,https://image.tmdb.org/t/p/w1280/cDJ61O1STtbWNBwefuqVrRe3d7l.jpg,Aventure
14208,Les Aventures de Flynn Carson : Le Trésor du roi Salomon,2006-09-09,10.4431,6.272,"Flynn Carson restaure des antiquités des quatre coins du monde. Un jour, il reçoit par courrier un manuscrit égyptien très ancien portant un mystérieux symbole. Mystérieusement attaqué, Flynn se fait dérober le manuscrit peu de temps après. Cherchant à comprendre les raisons de cette agression, il se penche sur la signification du symbole et découvre qu'il s'agit du sceau du roi Salomon. Il en déduit que ce manuscrit devrait logiquement être la carte secrète des mines du roi Salomon : un labyrinthe légendaire où le roi cachait ses biens les plus précieux. Parmi ce fabuleux trésor se trouve un livre ancien, connu sous le nom de \"Clé de Salomon\", qui recèlerait le moyen de contrôler les enfers et de fausser l'espace et le temps. Selon la légende, cette clé aurait été perdue dans des ruines archéologiques au Maroc. Flynn se met donc en route pour le Maroc où il ne tarde pas à faire la rencontre du professeur Emily Davenport, une belle et brillante archéologue.",0,0,95,"Fantastique, Action, Aventure",en,"",https://image.tmdb.org/t/p/w500/3FSYaxTbWzmVfFkbXidgC96vgzm.jpg,https://image.tmdb.org/t/p/w1280/bQWaivEhhL37cCsnnhni9R33KGy.jpg,Aventure
280391,Pourquoi j'ai pas mangé mon père,2015-04-08,10.423,5.2,"L’histoire trépidante d’Édouard, fils aîné du roi des simiens, qui, considéré à sa naissance comme trop malingre, est rejeté par sa tribu. Il grandit loin d’eux, auprès de son ami Ian, et, incroyablement ingénieux, il découvre le feu, la chasse, l’habitat moderne, l’amour et même… l’espoir. Généreux, il veut tout partager, révolutionne l’ordre établi, et mène son peuple avec éclat et humour vers la véritable humanité… celle où on ne mange pas son père.",37580800,16294916,95,"Aventure, Comédie, Animation",fr,http://pourquoijaipasmangemonpere.com/,https://image.tmdb.org/t/p/w500/lInt3XAVl4BWstRtlinVPBWGXjX.jpg,https://image.tmdb.org/t/p/w1280/vq2TVlQmOUE6uZnRIZD475IcoAX.jpg,Aventure
1051486,Stockholm Bloodbath,2024-01-19,10.4005,6.15,"En 1520, le roi danois Christian II, avide de pouvoir, est déterminé à s'emparer de la couronne suédoise de Sten Sture. Pendant ce temps, les sœurs Freja et Anne font la promesse solennelle de se venger des hommes qui ont brutalement assassiné leur famille.",0,0,144,"Action, Histoire, Drame, Aventure, Guerre",en,https://nordiskfilmogtvfond.com/news/trailer/stockholm-bloodbath,https://image.tmdb.org/t/p/w500/o4euFuqeruXIHcNvi5RorafnGs3.jpg,https://image.tmdb.org/t/p/w1280/6nCy4OrV7gxhDc3lBSUxkNALPej.jpg,Aventure
12155,Alice au Pays des Merveilles,2010-03-03,10.3479,6.636,"Alice, désormais âgée de 19 ans, retourne dans le monde fantastique qu'elle a découvert quand elle était enfant. Elle y retrouve ses amis le Lapin Blanc, Bonnet Blanc et Blanc Bonnet, le Loir, la Chenille, le Chat du Cheshire et, bien entendu, le Chapelier Fou. Alice s'embarque alors dans une aventure extraordinaire où elle accomplira son destin : mettre fin au règne de terreur de la Reine Rouge.",200000000,1025467110,108,"Familial, Fantastique, Aventure",en,"",https://image.tmdb.org/t/p/w500/w2FB25izMMWDoVckloSej0ctDJ2.jpg,https://image.tmdb.org/t/p/w1280/ocOWbTzHcJVTw9Tz173KPeskDOP.jpg,Aventure
1195631,Guillaume Tell,2025-01-17,10.1223,6.231,"En Suisse, au début du XIVe siècle. Guillaume Tell, ancien croisé, a opté pour une vie paisible avec sa famille au coeur des Alpes. Mais lorsque les soldats autrichiens imposent les lois oppressives des Habsbourg aux villageois suisses et exigent leur allégeance, Tell refuse de plier et forme la résistance...",0,264637,133,"Action, Aventure, Drame, Histoire",en,https://www.tempoproductions.net/film/william-tell,https://image.tmdb.org/t/p/w500/31azvDubmeO9X6zk1Fg7DK4joGs.jpg,https://image.tmdb.org/t/p/w1280/bP6BqIljp4a3BqhxN7YPckcpKI.jpg,Aventure
81188,Les Cinq Légendes,2012-11-21,10.2789,7.369,"Il existe dans le monde, dissimulés aux yeux des humains, quatre êtres surnaturels dotés de grands pouvoirs qui protègent l’innocence et l’imaginaire des enfants : le Père Noël, le Lapin de Pâques, la Fée des dents et le Marchand de sable. Lorsqu’ils découvrent que Pitch, un esprit maléfique, œuvre pour répandre ruine et destruction sur le monde, ils réalisent que même en unissant leurs forces, ils ne seront pas de taille. Aussi tentent‐ils de rallier à leur cause Jack Frost, un jeune garçon insouciant et solitaire qui maîtrise le givre et le froid. Ce combat va permettre à Jack de comprendre quelle est sa place dans l’ordre de l’univers…",145000000,306941670,97,"Animation, Familial, Fantastique, Action, Aventure",en,"",https://image.tmdb.org/t/p/w500/g4YdtN10YPhmrcetJOl7ZrxNSaP.jpg,https://image.tmdb.org/t/p/w1280/sDPk862OKB0Ckkvebo4M2k5AKly.jpg,Aventure
10192,Shrek 4 : Il était une fin,2010-05-20,10.2544,6.392,"Après avoir vaincu un méchant dragon, sauvé une belle princesse et le royaume de ses parents, que peut encore faire un ogre malodorant et mal léché ? Domestiqué, assagi, Shrek a perdu jusqu’à l’envie de rugir et regrette le bon vieux temps où il semait la terreur dans le royaume. Aujourd’hui, tel une idole déchue, il se contente de signer des autographes à tour de bras. Trop triste… C’est alors que l’habile et sournois Tracassin lui propose un contrat. Shrek se retrouve soudain transporté dans un monde parallèle totalement déjanté où les ogres sont pourchassés, où Tracassin est roi, où Fiona et son bien‐aimé ne se sont jamais rencontrés… Shrek va‐t‐il réussir à déjouer le sortilège, à repasser de l’autre côté du miroir, à sauver ses amis, à retrouver son monde et reconquérir l’amour de sa vie ?",165000000,752600867,93,"Comédie, Aventure, Fantastique, Animation, Familial",en,https://www.dreamworks.com/movies/shrek,https://image.tmdb.org/t/p/w500/jEFprRvwPaothEMIivuAlRAj2K6.jpg,https://image.tmdb.org/t/p/w1280/uzzTystB8lL0mRDII5Sfs5HxgkI.jpg,Aventure
9325,Le Livre de la jungle,1967-10-18,10.231,7.3,"Le dernier film auquel a participé Walt Disney est un joyeux festival musical d'amitié et d'aventure. Mowgli, un jeune garçon, doit traverser la jungle jusqu'à un village humain, guidé par la panthère Bagheera. En chemin, il rencontre le roi Louie, roi du jazz, l'hypnotique python Kaa et l'ours déluré Baloo qui apprend à Mowgli la vraie valeur de l'amitié et qu'il en faut peu pour être heureux.",4000000,378000000,78,"Familial, Animation, Aventure",en,"",https://image.tmdb.org/t/p/w500/zH2eliStUSXAiUpGJrxNf874omX.jpg,https://image.tmdb.org/t/p/w1280/zj8XS0l1cWStpKnuD1LFMB3VoV1.jpg,Aventure
3099,"The Tulse Luper Suitcases, Part 3: From Sark to the Finish",2005-06-09,10.2245,4.9,"La troisième partie de la saga consacrée à Tulse Lauper et au contenu de ses mallettes. D'abord enfant pendant la Première Guerre mondiale, puis explorateur dans l'Utah et enfin écrivain pendant l'époque du fascisme, il devient le témoin de la société du XXe siècle.",10000000,12000,124,"Guerre, Drame, Aventure, Romance",en,"",https://image.tmdb.org/t/p/w500/7hc2x2BM4LiVhJngHWaP8Kh9YcG.jpg,https://image.tmdb.org/t/p/w1280/sA8oSRoV7CYxCC7nAaMzTR4VvXS.jpg,Aventure
665,Ben-Hur,1959-11-18,10.2109,7.89,"Judas Ben‐Hur, prince de Judée, retrouve son ami d’enfance Messala, venu prendre la tête de la garnison de Jérusalem. Mais leur amitié ne peut résister à leurs caractères différents. Alors qu’une pierre tombe du balcon de la maison familiale de Ben‐Hur, manquant de tuer le gouverneur qui paradait plus bas, Messala trahit son ami qu’il sait innocent en l’envoyant aux galères et en jetant en prison sa mère et sa sœur. Ben‐Hur jure alors de reconquérir sa liberté et prépare sa vengeance.",15000000,164000000,212,"Histoire, Drame, Aventure",en,"",https://image.tmdb.org/t/p/w500/4KH7VM5YyGwxe4kLSNxix2PNTn6.jpg,https://image.tmdb.org/t/p/w1280/sU3gFo7Gn67zjtKXIvzJ4omcUbH.jpg,Aventure
606856,Togo,2019-12-20,11.8315,8.141,"Quand une épidémie de diphtérie ravage un village isolé d'Alaska durant l'hiver 1925, rendant gravement malades d'innombrables enfants, la population est en émoi car l'antitoxine nécessaire à leur guérison se trouve à des centaines de kilomètres de là, au-devant de terrains difficiles à traverser et alors qu'une tempête gigantesque se profile à l'horizon. Les responsables du village s'en remettent alors au seul homme capable de les sauver, Leonhard Seppala, accompagné de son chien de traîneau, Togo.",0,0,113,"Aventure, Familial",en,"",https://image.tmdb.org/t/p/w500/wX0QD36a80hxulcizz7tyahYOF8.jpg,https://image.tmdb.org/t/p/w1280/2Jr2OBzoLLOYqQWnyN4eicZv0sL.jpg,Aventure
118,Charlie et la chocolaterie,2005-07-13,10.1039,7.04,"Charlie est un enfant issu d'une famille pauvre. Travaillant pour subvenir aux besoins des siens, il doit économiser chaque penny, et ne peut s'offrir les friandises dont raffolent les enfants de son âge. Pour obtenir son comptant de sucreries, il participe à un concours organisé par l'inquiétant Willy Wonka, le propriétaire de la fabrique de chocolat de la ville. Celui qui découvrira l'un des cinq tickets d'or que Wonka a caché dans les barres de chocolat de sa fabrication gagnera une vie de sucreries.",150000000,475000000,115,"Aventure, Comédie, Familial, Fantastique",en,http://wwws.warnerbros.fr/movies/chocolatefactory/,https://image.tmdb.org/t/p/w500/tR4PU2wRPzGKmF665lE5wULGb3X.jpg,https://image.tmdb.org/t/p/w1280/atoIgfAk2Ig2HFJLD0VUnjiPWEz.jpg,Aventure
